ISO-10303-21;
HEADER;
FILE_DESCRIPTION(('STEP AP242'),
    '1');
FILE_NAME('ControlHolderUp',
    '',
    ('UNSPECIFIED'),
    ('UNSPECIFIED'),
    'C3D Converter',
    'C3D Toolkit',
    '');
FILE_SCHEMA(('AP242_MANAGED_MODEL_BASED_3D_ENGINEERING_MIM_LF { 1 0 10303 442 1 1 4 }'));
ENDSEC;

DATA;
#1=PRODUCT_DEFINITION('','UNSPECIFIED',#28,#31);
#2=SHAPE_DEFINITION_REPRESENTATION(#26,#3);
#3=SHAPE_REPRESENTATION('NONE',(#4),#8);
#4=AXIS2_PLACEMENT_3D('',#5,#6,#7);
#5=CARTESIAN_POINT('',(0.,0.,0.));
#6=DIRECTION('',(0.,0.,1.));
#7=DIRECTION('',(1.,0.,0.));
#8=(GEOMETRIC_REPRESENTATION_CONTEXT(3)GLOBAL_UNCERTAINTY_ASSIGNED_CONTEXT((#10))
GLOBAL_UNIT_ASSIGNED_CONTEXT((#9,#11,#12))REPRESENTATION_CONTEXT('NONE','NONE'));
#9=(LENGTH_UNIT()NAMED_UNIT(*)SI_UNIT(.MILLI.,.METRE.));
#10=UNCERTAINTY_MEASURE_WITH_UNIT(LENGTH_MEASURE(1.E-5),#9,'NONE','NONE');
#11=(NAMED_UNIT(*)PLANE_ANGLE_UNIT()SI_UNIT($,.RADIAN.));
#12=(NAMED_UNIT(*)SI_UNIT($,.STERADIAN.)SOLID_ANGLE_UNIT());
#13=MANIFOLD_SOLID_BREP('',#14);
#14=CLOSED_SHELL('',(#53,#54,#55,#56,#57,#58,#59,#60,#61,#62,#63,#64,#65,#66,#67,
#68,#69,#70,#71,#72,#73,#74,#75,#76,#77,#78,#79,#80,#81,#82,#83,#84,#85,#86,#87,
#88,#89,#90,#91,#92,#93,#94,#95,#96,#97,#98,#99,#100,#101,#102,#103,#104,#105,#106,
#107,#108,#109,#110,#111,#112,#113,#114,#115,#116,#117,#118,#119,#120,#121,#122,
#123,#124,#125,#126,#127,#128,#129,#130));
#15=COLOUR_RGB('',0.564705882352941,0.564705882352941,0.564705882352941);
#16=FILL_AREA_STYLE_COLOUR('',#15);
#17=FILL_AREA_STYLE($,(#16));
#18=SURFACE_STYLE_FILL_AREA(#17);
#19=SURFACE_SIDE_STYLE('',(#18));
#20=SURFACE_STYLE_USAGE(.BOTH.,#19);
#21=PRESENTATION_STYLE_ASSIGNMENT((#20));
#22=MECHANICAL_DESIGN_GEOMETRIC_PRESENTATION_REPRESENTATION('NONE',(#23),#8);
#23=STYLED_ITEM('',(#21),#13);
#24=ADVANCED_BREP_SHAPE_REPRESENTATION('NONE',(#13),#8);
#25=SHAPE_REPRESENTATION_RELATIONSHIP('','',#3,#24);
#26=PRODUCT_DEFINITION_SHAPE('NONE','NONE',#1);
#27=MECHANICAL_CONTEXT('NONE',#32,'mechanical');
#28=PRODUCT_DEFINITION_FORMATION_WITH_SPECIFIED_SOURCE('ANY','UNSPECIFIED',#29,.NOT_KNOWN.);
#29=PRODUCT('','\X2\0414043504420430043B044C\X0\','NONE',(#27));
#30=PRODUCT_RELATED_PRODUCT_CATEGORY('detail','',(#29));
#31=DESIGN_CONTEXT('detailed design',#32,'design');
#32=APPLICATION_CONTEXT('configuration controlled 3d designs of mechanical parts and assemblies');
#33=APPLICATION_PROTOCOL_DEFINITION('international standard','config_control_design',
1994,#32);
#34=CC_DESIGN_DATE_AND_TIME_ASSIGNMENT(#35,#39,(#1));
#35=DATE_AND_TIME(#36,#37);
#36=CALENDAR_DATE(0,1,1);
#37=LOCAL_TIME(0,0,0.,#38);
#38=COORDINATED_UNIVERSAL_TIME_OFFSET(0,0,.AHEAD.);
#39=DATE_TIME_ROLE('creation_date');
#40=CC_DESIGN_APPROVAL(#41,(#1));
#41=APPROVAL(#42,'UNSPECIFIED');
#42=APPROVAL_STATUS('not_yet_approved');
#43=APPROVAL_DATE_TIME(#44,#41);
#44=DATE_AND_TIME(#45,#46);
#45=CALENDAR_DATE(0,1,1);
#46=LOCAL_TIME(0,0,0.,#47);
#47=COORDINATED_UNIVERSAL_TIME_OFFSET(0,0,.AHEAD.);
#48=PERSON('UNSPECIFIED','sakurelle','UNSPECIFIED',('UNSPECIFIED'),('UNSPECIFIED'),
('UNSPECIFIED'));
#49=ORGANIZATION('UNSPECIFIED','UNSPECIFIED','UNSPECIFIED');
#50=PERSON_AND_ORGANIZATION(#48,#49);
#51=PERSON_AND_ORGANIZATION_ROLE('creator');
#52=CC_DESIGN_PERSON_AND_ORGANIZATION_ASSIGNMENT(#50,#51,(#28,#1));
#53=ADVANCED_FACE('',(#131,#133,#135,#137,#139),#141,.T.);
#54=ADVANCED_FACE('',(#146),#148,.T.);
#55=ADVANCED_FACE('',(#153),#155,.T.);
#56=ADVANCED_FACE('',(#160),#162,.F.);
#57=ADVANCED_FACE('',(#167),#169,.F.);
#58=ADVANCED_FACE('',(#174),#176,.F.);
#59=ADVANCED_FACE('',(#181),#183,.T.);
#60=ADVANCED_FACE('',(#188),#190,.T.);
#61=ADVANCED_FACE('',(#195),#197,.T.);
#62=ADVANCED_FACE('',(#202),#204,.T.);
#63=ADVANCED_FACE('',(#209),#211,.T.);
#64=ADVANCED_FACE('',(#216),#218,.T.);
#65=ADVANCED_FACE('',(#223),#225,.T.);
#66=ADVANCED_FACE('',(#230),#232,.F.);
#67=ADVANCED_FACE('',(#237),#239,.T.);
#68=ADVANCED_FACE('',(#244),#246,.F.);
#69=ADVANCED_FACE('',(#251),#253,.T.);
#70=ADVANCED_FACE('',(#258),#260,.F.);
#71=ADVANCED_FACE('',(#265),#267,.T.);
#72=ADVANCED_FACE('',(#272),#274,.F.);
#73=ADVANCED_FACE('',(#279),#281,.T.);
#74=ADVANCED_FACE('',(#286),#288,.F.);
#75=ADVANCED_FACE('',(#293),#295,.T.);
#76=ADVANCED_FACE('',(#300),#302,.F.);
#77=ADVANCED_FACE('',(#307),#309,.T.);
#78=ADVANCED_FACE('',(#314),#316,.F.);
#79=ADVANCED_FACE('',(#321),#323,.T.);
#80=ADVANCED_FACE('',(#328),#330,.F.);
#81=ADVANCED_FACE('',(#335,#337),#339,.F.);
#82=ADVANCED_FACE('',(#344,#346),#348,.F.);
#83=ADVANCED_FACE('',(#353,#355),#357,.F.);
#84=ADVANCED_FACE('',(#362,#364),#366,.F.);
#85=ADVANCED_FACE('',(#371),#373,.T.);
#86=ADVANCED_FACE('',(#378,#380,#382,#384,#386,#388,#390,#392,#394,#396,#398,#400),
#402,.F.);
#87=ADVANCED_FACE('',(#407),#409,.T.);
#88=ADVANCED_FACE('',(#414),#416,.T.);
#89=ADVANCED_FACE('',(#421),#423,.T.);
#90=ADVANCED_FACE('',(#428),#430,.T.);
#91=ADVANCED_FACE('',(#435),#437,.T.);
#92=ADVANCED_FACE('',(#442),#444,.T.);
#93=ADVANCED_FACE('',(#449),#451,.T.);
#94=ADVANCED_FACE('',(#456),#458,.F.);
#95=ADVANCED_FACE('',(#463),#465,.F.);
#96=ADVANCED_FACE('',(#470),#472,.F.);
#97=ADVANCED_FACE('',(#477),#479,.F.);
#98=ADVANCED_FACE('',(#484,#486,#488,#490,#492,#494,#496,#498,#500,#502,#504,#506,
#508,#510,#512),#514,.T.);
#99=ADVANCED_FACE('',(#519,#521),#523,.F.);
#100=ADVANCED_FACE('',(#528),#530,.F.);
#101=ADVANCED_FACE('',(#535),#537,.T.);
#102=ADVANCED_FACE('',(#542),#544,.F.);
#103=ADVANCED_FACE('',(#549),#551,.T.);
#104=ADVANCED_FACE('',(#556),#558,.F.);
#105=ADVANCED_FACE('',(#563),#565,.T.);
#106=ADVANCED_FACE('',(#570),#572,.F.);
#107=ADVANCED_FACE('',(#577),#579,.T.);
#108=ADVANCED_FACE('',(#584,#586),#588,.T.);
#109=ADVANCED_FACE('',(#593),#595,.F.);
#110=ADVANCED_FACE('',(#600),#602,.F.);
#111=ADVANCED_FACE('',(#607),#609,.F.);
#112=ADVANCED_FACE('',(#614),#616,.F.);
#113=ADVANCED_FACE('',(#621),#623,.F.);
#114=ADVANCED_FACE('',(#628),#630,.F.);
#115=ADVANCED_FACE('',(#635),#637,.F.);
#116=ADVANCED_FACE('',(#642),#644,.F.);
#117=ADVANCED_FACE('',(#649,#651),#653,.F.);
#118=ADVANCED_FACE('',(#658,#660),#662,.F.);
#119=ADVANCED_FACE('',(#667,#669),#671,.F.);
#120=ADVANCED_FACE('',(#676,#678),#680,.F.);
#121=ADVANCED_FACE('',(#685,#687),#689,.F.);
#122=ADVANCED_FACE('',(#694,#696),#698,.F.);
#123=ADVANCED_FACE('',(#703,#705),#707,.F.);
#124=ADVANCED_FACE('',(#712,#714),#716,.F.);
#125=ADVANCED_FACE('',(#721,#723),#725,.F.);
#126=ADVANCED_FACE('',(#730,#732),#734,.F.);
#127=ADVANCED_FACE('',(#739,#741),#743,.F.);
#128=ADVANCED_FACE('',(#748,#750),#752,.F.);
#129=ADVANCED_FACE('',(#757,#759,#761,#763),#765,.T.);
#130=ADVANCED_FACE('',(#770,#772),#774,.T.);
#131=FACE_BOUND('',#132,.T.);
#132=EDGE_LOOP('',(#779,#780,#781,#782,#783,#784,#785,#786,#787,#788,#789,#790,#791,
#792,#793,#794,#795,#796,#797,#798,#799,#800,#801,#802,#803,#804,#805,#806));
#133=FACE_BOUND('',#134,.T.);
#134=EDGE_LOOP('',(#807));
#135=FACE_BOUND('',#136,.T.);
#136=EDGE_LOOP('',(#808));
#137=FACE_BOUND('',#138,.T.);
#138=EDGE_LOOP('',(#809));
#139=FACE_BOUND('',#140,.T.);
#140=EDGE_LOOP('',(#810));
#141=PLANE('',#142);
#142=AXIS2_PLACEMENT_3D('',#143,#144,#145);
#143=CARTESIAN_POINT('',(0.,12.,7.34788079488412E-16));
#144=DIRECTION('',(0.,1.,6.12323399573677E-17));
#145=DIRECTION('',(6.12323399573677E-17,6.12323399573677E-17,-1.));
#146=FACE_BOUND('',#147,.T.);
#147=EDGE_LOOP('',(#811,#812,#813,#814,#815,#816,#817,#818));
#148=PLANE('',#149);
#149=AXIS2_PLACEMENT_3D('',#150,#151,#152);
#150=CARTESIAN_POINT('',(-27.,-2.2655965784226E-15,37.));
#151=DIRECTION('',(1.31581988103722E-16,0.,1.));
#152=DIRECTION('',(1.,7.3042676409353E-33,-1.31581988103722E-16));
#153=FACE_BOUND('',#154,.T.);
#154=EDGE_LOOP('',(#819,#820,#821,#822,#823,#824,#825,#826));
#155=PLANE('',#156);
#156=AXIS2_PLACEMENT_3D('',#157,#158,#159);
#157=CARTESIAN_POINT('',(25.,-2.14313189850787E-15,35.));
#158=DIRECTION('',(0.,0.,-1.));
#159=DIRECTION('',(-1.,0.,0.));
#160=FACE_BOUND('',#161,.T.);
#161=EDGE_LOOP('',(#827,#828,#829,#830));
#162=PLANE('',#163);
#163=AXIS2_PLACEMENT_3D('',#164,#165,#166);
#164=CARTESIAN_POINT('',(-3.,12.,27.));
#165=DIRECTION('',(-1.,2.22044604925031E-16,1.33226762955019E-16));
#166=DIRECTION('',(-2.22044604925031E-16,-1.,0.));
#167=FACE_BOUND('',#168,.T.);
#168=EDGE_LOOP('',(#831,#832,#833,#834));
#169=PLANE('',#170);
#170=AXIS2_PLACEMENT_3D('',#171,#172,#173);
#171=CARTESIAN_POINT('',(3.,8.,27.));
#172=DIRECTION('',(1.,-2.22044604925031E-16,-1.33226762955019E-16));
#173=DIRECTION('',(2.22044604925031E-16,1.,0.));
#174=FACE_BOUND('',#175,.T.);
#175=EDGE_LOOP('',(#835,#836,#837,#838));
#176=CYLINDRICAL_SURFACE('',#177,3.);
#177=AXIS2_PLACEMENT_3D('',#178,#179,#180);
#178=CARTESIAN_POINT('',(-5.61708596256159E-16,8.,27.));
#179=DIRECTION('',(1.31581988103722E-16,0.,1.));
#180=DIRECTION('',(-1.,1.22464679914735E-16,1.31581988103722E-16));
#181=FACE_BOUND('',#182,.T.);
#182=EDGE_LOOP('',(#839,#840,#841,#842));
#183=CYLINDRICAL_SURFACE('',#184,4.15);
#184=AXIS2_PLACEMENT_3D('',#185,#186,#187);
#185=CARTESIAN_POINT('',(22.85,-18.,32.85));
#186=DIRECTION('',(0.,-1.,0.));
#187=DIRECTION('',(1.,0.,1.71215117050627E-15));
#188=FACE_BOUND('',#189,.T.);
#189=EDGE_LOOP('',(#843,#844,#845,#846));
#190=PLANE('',#191);
#191=AXIS2_PLACEMENT_3D('',#192,#193,#194);
#192=CARTESIAN_POINT('',(27.,-2.2655965784226E-15,37.));
#193=DIRECTION('',(1.,1.3684555315672E-48,1.44028932924345E-16));
#194=DIRECTION('',(1.44028932924345E-16,6.12323399573677E-17,-1.));
#195=FACE_BOUND('',#196,.T.);
#196=EDGE_LOOP('',(#847,#848,#849,#850));
#197=CYLINDRICAL_SURFACE('',#198,4.15);
#198=AXIS2_PLACEMENT_3D('',#199,#200,#201);
#199=CARTESIAN_POINT('',(22.85,-18.,-32.85));
#200=DIRECTION('',(0.,-1.,0.));
#201=DIRECTION('',(-8.5607558525313E-16,0.,-1.));
#202=FACE_BOUND('',#203,.T.);
#203=EDGE_LOOP('',(#851,#852,#853,#854));
#204=PLANE('',#205);
#205=AXIS2_PLACEMENT_3D('',#206,#207,#208);
#206=CARTESIAN_POINT('',(27.,2.2655965784226E-15,-37.));
#207=DIRECTION('',(-1.31581988103722E-16,0.,-1.));
#208=DIRECTION('',(-1.,-7.3042676409353E-33,1.31581988103722E-16));
#209=FACE_BOUND('',#210,.T.);
#210=EDGE_LOOP('',(#855,#856,#857,#858));
#211=CYLINDRICAL_SURFACE('',#212,4.15);
#212=AXIS2_PLACEMENT_3D('',#213,#214,#215);
#213=CARTESIAN_POINT('',(-22.85,-18.,-32.85));
#214=DIRECTION('',(1.52476981922768E-16,-1.,0.));
#215=DIRECTION('',(-1.,-1.52476981922768E-16,-1.71215117050626E-15));
#216=FACE_BOUND('',#217,.T.);
#217=EDGE_LOOP('',(#859,#860,#861,#862));
#218=PLANE('',#219);
#219=AXIS2_PLACEMENT_3D('',#220,#221,#222);
#220=CARTESIAN_POINT('',(-27.,2.2655965784226E-15,-37.));
#221=DIRECTION('',(-1.,-3.42113882891801E-49,-4.80096443081149E-17));
#222=DIRECTION('',(-4.80096443081149E-17,-6.12323399573677E-17,1.));
#223=FACE_BOUND('',#224,.T.);
#224=EDGE_LOOP('',(#863,#864,#865,#866));
#225=CYLINDRICAL_SURFACE('',#226,4.15);
#226=AXIS2_PLACEMENT_3D('',#227,#228,#229);
#227=CARTESIAN_POINT('',(-22.85,-18.,32.85));
#228=DIRECTION('',(0.,-1.,0.));
#229=DIRECTION('',(8.56075585253133E-16,0.,1.));
#230=FACE_BOUND('',#231,.T.);
#231=EDGE_LOOP('',(#867,#868,#869,#870));
#232=CYLINDRICAL_SURFACE('',#233,2.25);
#233=AXIS2_PLACEMENT_3D('',#234,#235,#236);
#234=CARTESIAN_POINT('',(-18.3511112483192,-4.5,32.75));
#235=DIRECTION('',(1.69176841847643E-16,1.,-3.38353683695286E-16));
#236=DIRECTION('',(-0.999753055929066,1.76654035378393E-16,0.022222222222221));
#237=FACE_BOUND('',#238,.T.);
#238=EDGE_LOOP('',(#871,#872,#873,#874));
#239=CYLINDRICAL_SURFACE('',#240,2.25);
#240=AXIS2_PLACEMENT_3D('',#241,#242,#243);
#241=CARTESIAN_POINT('',(-22.85,-2.01148236759953E-15,32.85));
#242=DIRECTION('',(0.,1.,6.12323399573677E-17));
#243=DIRECTION('',(1.5177515172873E-15,-6.12323399573677E-17,1.));
#244=FACE_BOUND('',#245,.T.);
#245=EDGE_LOOP('',(#875,#876,#877,#878));
#246=CYLINDRICAL_SURFACE('',#247,2.25);
#247=AXIS2_PLACEMENT_3D('',#248,#249,#250);
#248=CARTESIAN_POINT('',(-22.75,-4.5,28.3511112483192));
#249=DIRECTION('',(0.,-1.,0.));
#250=DIRECTION('',(-0.0222222222222225,0.,0.999753055929066));
#251=FACE_BOUND('',#252,.T.);
#252=EDGE_LOOP('',(#879,#880,#881,#882,#883));
#253=PLANE('',#254);
#254=AXIS2_PLACEMENT_3D('',#255,#256,#257);
#255=CARTESIAN_POINT('',(-25.,-2.14313189850787E-15,35.));
#256=DIRECTION('',(1.,0.,0.));
#257=DIRECTION('',(0.,6.12323399573677E-17,-1.));
#258=FACE_BOUND('',#259,.T.);
#259=EDGE_LOOP('',(#884,#885,#886,#887));
#260=CYLINDRICAL_SURFACE('',#261,2.25);
#261=AXIS2_PLACEMENT_3D('',#262,#263,#264);
#262=CARTESIAN_POINT('',(-22.75,-4.5,-28.3511112483192));
#263=DIRECTION('',(0.,1.,3.38353683695286E-16));
#264=DIRECTION('',(-0.022222222222221,3.38270129259219E-16,-0.999753055929066));
#265=FACE_BOUND('',#266,.T.);
#266=EDGE_LOOP('',(#888,#889,#890,#891));
#267=CYLINDRICAL_SURFACE('',#268,2.25);
#268=AXIS2_PLACEMENT_3D('',#269,#270,#271);
#269=CARTESIAN_POINT('',(-22.85,2.01148236759953E-15,-32.85));
#270=DIRECTION('',(0.,1.,6.12323399573677E-17));
#271=DIRECTION('',(-1.,3.74939945665464E-33,-6.12323399573677E-17));
#272=FACE_BOUND('',#273,.T.);
#273=EDGE_LOOP('',(#892,#893,#894,#895));
#274=CYLINDRICAL_SURFACE('',#275,2.25);
#275=AXIS2_PLACEMENT_3D('',#276,#277,#278);
#276=CARTESIAN_POINT('',(-18.3511112483192,-4.5,-32.75));
#277=DIRECTION('',(0.,-1.,0.));
#278=DIRECTION('',(-0.999753055929066,0.,-0.0222222222222241));
#279=FACE_BOUND('',#280,.T.);
#280=EDGE_LOOP('',(#896,#897,#898,#899));
#281=PLANE('',#282);
#282=AXIS2_PLACEMENT_3D('',#283,#284,#285);
#283=CARTESIAN_POINT('',(-25.,2.14313189850787E-15,-35.));
#284=DIRECTION('',(0.,0.,1.));
#285=DIRECTION('',(1.,0.,0.));
#286=FACE_BOUND('',#287,.T.);
#287=EDGE_LOOP('',(#900,#901,#902,#903));
#288=CYLINDRICAL_SURFACE('',#289,2.25);
#289=AXIS2_PLACEMENT_3D('',#290,#291,#292);
#290=CARTESIAN_POINT('',(18.2010753931689,-4.5,-32.75));
#291=DIRECTION('',(0.,1.,0.));
#292=DIRECTION('',(0.999768732651856,0.,-0.0215053763440855));
#293=FACE_BOUND('',#294,.T.);
#294=EDGE_LOOP('',(#904,#905,#906,#907));
#295=CYLINDRICAL_SURFACE('',#296,2.4);
#296=AXIS2_PLACEMENT_3D('',#297,#298,#299);
#297=CARTESIAN_POINT('',(22.85,2.01148236759953E-15,-32.85));
#298=DIRECTION('',(0.,1.,6.12323399573677E-17));
#299=DIRECTION('',(6.12323399573677E-17,6.12323399573677E-17,-1.));
#300=FACE_BOUND('',#301,.T.);
#301=EDGE_LOOP('',(#908,#909,#910,#911));
#302=CYLINDRICAL_SURFACE('',#303,2.25);
#303=AXIS2_PLACEMENT_3D('',#304,#305,#306);
#304=CARTESIAN_POINT('',(22.75,-4.5,-28.2010753931689));
#305=DIRECTION('',(0.,-1.,0.));
#306=DIRECTION('',(0.0215053763440886,0.,-0.999768732651856));
#307=FACE_BOUND('',#308,.T.);
#308=EDGE_LOOP('',(#912,#913,#914,#915));
#309=PLANE('',#310);
#310=AXIS2_PLACEMENT_3D('',#311,#312,#313);
#311=CARTESIAN_POINT('',(25.,2.14313189850787E-15,-35.));
#312=DIRECTION('',(-1.,0.,-1.01506105108586E-16));
#313=DIRECTION('',(-1.01506105108586E-16,-6.12323399573677E-17,1.));
#314=FACE_BOUND('',#315,.T.);
#315=EDGE_LOOP('',(#916,#917,#918,#919));
#316=CYLINDRICAL_SURFACE('',#317,2.25);
#317=AXIS2_PLACEMENT_3D('',#318,#319,#320);
#318=CARTESIAN_POINT('',(22.75,-4.5,28.3511112483192));
#319=DIRECTION('',(0.,1.,0.));
#320=DIRECTION('',(0.022222222222221,0.,0.999753055929066));
#321=FACE_BOUND('',#322,.T.);
#322=EDGE_LOOP('',(#920,#921,#922,#923));
#323=CYLINDRICAL_SURFACE('',#324,2.25);
#324=AXIS2_PLACEMENT_3D('',#325,#326,#327);
#325=CARTESIAN_POINT('',(22.85,-2.01148236759953E-15,32.85));
#326=DIRECTION('',(0.,1.,6.12323399573677E-17));
#327=DIRECTION('',(1.,-3.74939945665464E-33,6.12323399573677E-17));
#328=FACE_BOUND('',#329,.T.);
#329=EDGE_LOOP('',(#924,#925,#926,#927));
#330=CYLINDRICAL_SURFACE('',#331,2.25);
#331=AXIS2_PLACEMENT_3D('',#332,#333,#334);
#332=CARTESIAN_POINT('',(18.3511112483192,-4.5,32.75));
#333=DIRECTION('',(1.69176841847643E-16,-1.,3.38353683695286E-16));
#334=DIRECTION('',(0.999753055929066,1.76654035378393E-16,0.022222222222221));
#335=FACE_OUTER_BOUND('',#336,.T.);
#336=EDGE_LOOP('',(#928));
#337=FACE_OUTER_BOUND('',#338,.T.);
#338=EDGE_LOOP('',(#929));
#339=CYLINDRICAL_SURFACE('',#340,1.55);
#340=AXIS2_PLACEMENT_3D('',#341,#342,#343);
#341=CARTESIAN_POINT('',(22.85,-2.01148236759953E-15,32.85));
#342=DIRECTION('',(0.,1.,6.12323399573677E-17));
#343=DIRECTION('',(6.12323399573677E-17,6.12323399573677E-17,-1.));
#344=FACE_OUTER_BOUND('',#345,.T.);
#345=EDGE_LOOP('',(#930));
#346=FACE_OUTER_BOUND('',#347,.T.);
#347=EDGE_LOOP('',(#931));
#348=CYLINDRICAL_SURFACE('',#349,1.55);
#349=AXIS2_PLACEMENT_3D('',#350,#351,#352);
#350=CARTESIAN_POINT('',(-22.85,2.01148236759953E-15,-32.85));
#351=DIRECTION('',(0.,1.,6.12323399573677E-17));
#352=DIRECTION('',(6.12323399573677E-17,6.12323399573677E-17,-1.));
#353=FACE_OUTER_BOUND('',#354,.T.);
#354=EDGE_LOOP('',(#932));
#355=FACE_OUTER_BOUND('',#356,.T.);
#356=EDGE_LOOP('',(#933));
#357=CYLINDRICAL_SURFACE('',#358,1.55);
#358=AXIS2_PLACEMENT_3D('',#359,#360,#361);
#359=CARTESIAN_POINT('',(-22.85,-2.01148236759953E-15,32.85));
#360=DIRECTION('',(0.,1.,6.12323399573677E-17));
#361=DIRECTION('',(6.12323399573677E-17,6.12323399573677E-17,-1.));
#362=FACE_OUTER_BOUND('',#363,.T.);
#363=EDGE_LOOP('',(#934));
#364=FACE_OUTER_BOUND('',#365,.T.);
#365=EDGE_LOOP('',(#935));
#366=CYLINDRICAL_SURFACE('',#367,1.55);
#367=AXIS2_PLACEMENT_3D('',#368,#369,#370);
#368=CARTESIAN_POINT('',(22.85,2.01148236759953E-15,-32.85));
#369=DIRECTION('',(0.,1.,6.12323399573677E-17));
#370=DIRECTION('',(6.12323399573677E-17,6.12323399573677E-17,-1.));
#371=FACE_BOUND('',#372,.T.);
#372=EDGE_LOOP('',(#936,#937,#938,#939));
#373=PLANE('',#374);
#374=AXIS2_PLACEMENT_3D('',#375,#376,#377);
#375=CARTESIAN_POINT('',(25.25,-0.800000000000002,37.));
#376=DIRECTION('',(9.79364602941369E-17,-0.707106781186544,0.707106781186551));
#377=DIRECTION('',(-1.,2.19846143490129E-18,1.40701531833683E-16));
#378=FACE_BOUND('',#379,.T.);
#379=EDGE_LOOP('',(#940,#941,#942,#943,#944,#945,#946,#947,#948,#949,#950,#951,#952,
#953,#954,#955,#956,#957,#958));
#380=FACE_BOUND('',#381,.T.);
#381=EDGE_LOOP('',(#959,#960,#961,#962,#963,#964,#965,#966));
#382=FACE_BOUND('',#383,.T.);
#383=EDGE_LOOP('',(#967));
#384=FACE_BOUND('',#385,.T.);
#385=EDGE_LOOP('',(#968,#969,#970,#971,#972,#973,#974,#975));
#386=FACE_BOUND('',#387,.T.);
#387=EDGE_LOOP('',(#976));
#388=FACE_BOUND('',#389,.T.);
#389=EDGE_LOOP('',(#977));
#390=FACE_BOUND('',#391,.T.);
#391=EDGE_LOOP('',(#978));
#392=FACE_BOUND('',#393,.T.);
#393=EDGE_LOOP('',(#979));
#394=FACE_BOUND('',#395,.T.);
#395=EDGE_LOOP('',(#980));
#396=FACE_BOUND('',#397,.T.);
#397=EDGE_LOOP('',(#981));
#398=FACE_BOUND('',#399,.T.);
#399=EDGE_LOOP('',(#982));
#400=FACE_BOUND('',#401,.T.);
#401=EDGE_LOOP('',(#983));
#402=PLANE('',#403);
#403=AXIS2_PLACEMENT_3D('',#404,#405,#406);
#404=CARTESIAN_POINT('',(0.,0.,0.));
#405=DIRECTION('',(0.,-1.,-6.12323399573677E-17));
#406=DIRECTION('',(6.12323399573677E-17,6.12323399573677E-17,-1.));
#407=FACE_BOUND('',#408,.T.);
#408=EDGE_LOOP('',(#984,#985,#986,#987));
#409=CONICAL_SURFACE('',#410,3.85,0.785398163397445);
#410=AXIS2_PLACEMENT_3D('',#411,#412,#413);
#411=CARTESIAN_POINT('',(22.85,-1.1,32.85));
#412=DIRECTION('',(-3.08148791101958E-33,1.,6.12323399573676E-17));
#413=DIRECTION('',(-0.943410412514075,-2.03063273394912E-17,0.331627492165565));
#414=FACE_BOUND('',#415,.T.);
#415=EDGE_LOOP('',(#988,#989,#990,#991));
#416=PLANE('',#417);
#417=AXIS2_PLACEMENT_3D('',#418,#419,#420);
#418=CARTESIAN_POINT('',(27.,-0.799999999999998,-35.25));
#419=DIRECTION('',(0.707106781186547,-0.707106781186549,6.45853635486941E-17));
#420=DIRECTION('',(-1.51179305480872E-16,-5.9841808419512E-17,1.));
#421=FACE_BOUND('',#422,.T.);
#422=EDGE_LOOP('',(#992,#993,#994,#995));
#423=CONICAL_SURFACE('',#424,3.85,0.78539816339745);
#424=AXIS2_PLACEMENT_3D('',#425,#426,#427);
#425=CARTESIAN_POINT('',(22.85,-1.1,-32.85));
#426=DIRECTION('',(0.,1.,6.12323399573677E-17));
#427=DIRECTION('',(0.331627492165569,-5.77672270983823E-17,0.943410412514074));
#428=FACE_BOUND('',#429,.T.);
#429=EDGE_LOOP('',(#996,#997,#998,#999));
#430=PLANE('',#431);
#431=AXIS2_PLACEMENT_3D('',#432,#433,#434);
#432=CARTESIAN_POINT('',(-25.25,-0.799999999999998,-37.));
#433=DIRECTION('',(-9.79364602941369E-17,-0.707106781186544,-0.707106781186551));
#434=DIRECTION('',(1.,2.1984614349013E-18,-1.40701531833683E-16));
#435=FACE_BOUND('',#436,.T.);
#436=EDGE_LOOP('',(#1000,#1001,#1002,#1003));
#437=CONICAL_SURFACE('',#438,3.85,0.785398163397451);
#438=AXIS2_PLACEMENT_3D('',#439,#440,#441);
#439=CARTESIAN_POINT('',(-22.85,-1.1,-32.85));
#440=DIRECTION('',(-3.08148791101958E-33,1.,6.12323399573676E-17));
#441=DIRECTION('',(0.943410412514075,2.03063273394912E-17,-0.331627492165565));
#442=FACE_BOUND('',#443,.T.);
#443=EDGE_LOOP('',(#1004,#1005,#1006,#1007));
#444=PLANE('',#445);
#445=AXIS2_PLACEMENT_3D('',#446,#447,#448);
#446=CARTESIAN_POINT('',(-27.,-0.800000000000002,35.25));
#447=DIRECTION('',(-0.707106781186547,-0.707106781186548,-7.7947852558769E-17));
#448=DIRECTION('',(5.03931018269575E-17,5.9841808419512E-17,-1.));
#449=FACE_BOUND('',#450,.T.);
#450=EDGE_LOOP('',(#1008,#1009,#1010,#1011));
#451=CONICAL_SURFACE('',#452,3.85,0.785398163397447);
#452=AXIS2_PLACEMENT_3D('',#453,#454,#455);
#453=CARTESIAN_POINT('',(-22.85,-1.1,32.85));
#454=DIRECTION('',(0.,1.,6.12323399573677E-17));
#455=DIRECTION('',(-0.331627492165569,5.77672270983823E-17,-0.943410412514074));
#456=FACE_BOUND('',#457,.T.);
#457=EDGE_LOOP('',(#1012));
#458=PLANE('',#459);
#459=AXIS2_PLACEMENT_3D('',#460,#461,#462);
#460=CARTESIAN_POINT('',(0.,0.,0.));
#461=DIRECTION('',(0.,-1.,-6.12323399573677E-17));
#462=DIRECTION('',(6.12323399573677E-17,6.12323399573677E-17,-1.));
#463=FACE_BOUND('',#464,.T.);
#464=EDGE_LOOP('',(#1013));
#465=PLANE('',#466);
#466=AXIS2_PLACEMENT_3D('',#467,#468,#469);
#467=CARTESIAN_POINT('',(0.,0.,0.));
#468=DIRECTION('',(0.,-1.,-6.12323399573677E-17));
#469=DIRECTION('',(6.12323399573677E-17,6.12323399573677E-17,-1.));
#470=FACE_BOUND('',#471,.T.);
#471=EDGE_LOOP('',(#1014));
#472=PLANE('',#473);
#473=AXIS2_PLACEMENT_3D('',#474,#475,#476);
#474=CARTESIAN_POINT('',(0.,0.,0.));
#475=DIRECTION('',(0.,-1.,-6.12323399573677E-17));
#476=DIRECTION('',(6.12323399573677E-17,6.12323399573677E-17,-1.));
#477=FACE_BOUND('',#478,.T.);
#478=EDGE_LOOP('',(#1015));
#479=PLANE('',#480);
#480=AXIS2_PLACEMENT_3D('',#481,#482,#483);
#481=CARTESIAN_POINT('',(0.,0.,0.));
#482=DIRECTION('',(0.,-1.,-6.12323399573677E-17));
#483=DIRECTION('',(6.12323399573677E-17,6.12323399573677E-17,-1.));
#484=FACE_BOUND('',#485,.T.);
#485=EDGE_LOOP('',(#1016,#1017,#1018,#1019,#1020,#1021,#1022,#1023));
#486=FACE_BOUND('',#487,.T.);
#487=EDGE_LOOP('',(#1024));
#488=FACE_BOUND('',#489,.T.);
#489=EDGE_LOOP('',(#1025,#1026,#1027,#1028,#1029,#1030,#1031,#1032));
#490=FACE_BOUND('',#491,.T.);
#491=EDGE_LOOP('',(#1033));
#492=FACE_BOUND('',#493,.T.);
#493=EDGE_LOOP('',(#1034));
#494=FACE_BOUND('',#495,.T.);
#495=EDGE_LOOP('',(#1035));
#496=FACE_BOUND('',#497,.T.);
#497=EDGE_LOOP('',(#1036));
#498=FACE_BOUND('',#499,.T.);
#499=EDGE_LOOP('',(#1037));
#500=FACE_BOUND('',#501,.T.);
#501=EDGE_LOOP('',(#1038));
#502=FACE_BOUND('',#503,.T.);
#503=EDGE_LOOP('',(#1039));
#504=FACE_BOUND('',#505,.T.);
#505=EDGE_LOOP('',(#1040));
#506=FACE_BOUND('',#507,.T.);
#507=EDGE_LOOP('',(#1041));
#508=FACE_BOUND('',#509,.T.);
#509=EDGE_LOOP('',(#1042));
#510=FACE_BOUND('',#511,.T.);
#511=EDGE_LOOP('',(#1043));
#512=FACE_BOUND('',#513,.T.);
#513=EDGE_LOOP('',(#1044));
#514=PLANE('',#515);
#515=AXIS2_PLACEMENT_3D('',#516,#517,#518);
#516=CARTESIAN_POINT('',(0.,-1.4,-8.57252759403147E-17));
#517=DIRECTION('',(0.,-1.,-6.12323399573677E-17));
#518=DIRECTION('',(6.12323399573677E-17,6.12323399573677E-17,-1.));
#519=FACE_BOUND('',#520,.T.);
#520=EDGE_LOOP('',(#1045,#1046));
#521=FACE_OUTER_BOUND('',#522,.T.);
#522=EDGE_LOOP('',(#1047));
#523=CYLINDRICAL_SURFACE('',#524,1.);
#524=AXIS2_PLACEMENT_3D('',#525,#526,#527);
#525=CARTESIAN_POINT('',(-24.,8.6,1.));
#526=DIRECTION('',(0.,-1.,-6.12323399573677E-17));
#527=DIRECTION('',(6.12323399573677E-17,-6.12323399573677E-17,1.));
#528=FACE_BOUND('',#529,.T.);
#529=EDGE_LOOP('',(#1048,#1049,#1050,#1051));
#530=CYLINDRICAL_SURFACE('',#531,2.);
#531=AXIS2_PLACEMENT_3D('',#532,#533,#534);
#532=CARTESIAN_POINT('',(10.2550020016016,-8.,18.7));
#533=DIRECTION('',(0.,1.,0.));
#534=DIRECTION('',(0.780624749799799,0.,0.625000000000001));
#535=FACE_BOUND('',#536,.T.);
#536=EDGE_LOOP('',(#1052,#1053,#1054,#1055));
#537=CYLINDRICAL_SURFACE('',#538,6.);
#538=AXIS2_PLACEMENT_3D('',#539,#540,#541);
#539=CARTESIAN_POINT('',(16.5,-8.38883057415937E-16,13.7));
#540=DIRECTION('',(0.,1.,6.12323399573677E-17));
#541=DIRECTION('',(6.12323399573677E-17,-6.12323399573677E-17,1.));
#542=FACE_BOUND('',#543,.T.);
#543=EDGE_LOOP('',(#1056,#1057,#1058,#1059));
#544=CYLINDRICAL_SURFACE('',#545,2.);
#545=AXIS2_PLACEMENT_3D('',#546,#547,#548);
#546=CARTESIAN_POINT('',(10.2550020016016,-8.,8.7));
#547=DIRECTION('',(0.,1.,0.));
#548=DIRECTION('',(0.7806247497998,0.,0.625));
#549=FACE_BOUND('',#550,.T.);
#550=EDGE_LOOP('',(#1060,#1061,#1062,#1063));
#551=CYLINDRICAL_SURFACE('',#552,6.);
#552=AXIS2_PLACEMENT_3D('',#553,#554,#555);
#553=CARTESIAN_POINT('',(16.5,-2.2655965784226E-16,3.7));
#554=DIRECTION('',(0.,1.,6.12323399573677E-17));
#555=DIRECTION('',(6.12323399573676E-17,-6.12323399573676E-17,1.));
#556=FACE_BOUND('',#557,.T.);
#557=EDGE_LOOP('',(#1064,#1065,#1066,#1067));
#558=CYLINDRICAL_SURFACE('',#559,2.);
#559=AXIS2_PLACEMENT_3D('',#560,#561,#562);
#560=CARTESIAN_POINT('',(22.7449979983984,-8.,8.7));
#561=DIRECTION('',(1.69176841847643E-16,-1.,8.45884209238214E-17));
#562=DIRECTION('',(-0.780624749799799,-7.91958667618479E-17,0.625000000000001));
#563=FACE_BOUND('',#564,.T.);
#564=EDGE_LOOP('',(#1068,#1069,#1070,#1071));
#565=CYLINDRICAL_SURFACE('',#566,6.);
#566=AXIS2_PLACEMENT_3D('',#567,#568,#569);
#567=CARTESIAN_POINT('',(16.5,-8.38883057415937E-16,13.7));
#568=DIRECTION('',(0.,1.,6.12323399573677E-17));
#569=DIRECTION('',(6.12323399573677E-17,-6.12323399573677E-17,1.));
#570=FACE_BOUND('',#571,.T.);
#571=EDGE_LOOP('',(#1072,#1073,#1074,#1075));
#572=CYLINDRICAL_SURFACE('',#573,2.);
#573=AXIS2_PLACEMENT_3D('',#574,#575,#576);
#574=CARTESIAN_POINT('',(22.7449979983984,-8.,18.7));
#575=DIRECTION('',(0.,-1.,0.));
#576=DIRECTION('',(-0.780624749799799,0.,0.625000000000001));
#577=FACE_BOUND('',#578,.T.);
#578=EDGE_LOOP('',(#1076,#1077,#1078,#1079));
#579=CYLINDRICAL_SURFACE('',#580,6.);
#580=AXIS2_PLACEMENT_3D('',#581,#582,#583);
#581=CARTESIAN_POINT('',(16.5,-1.45120645698961E-15,23.7));
#582=DIRECTION('',(0.,1.,6.12323399573677E-17));
#583=DIRECTION('',(6.12323399573676E-17,-6.12323399573676E-17,1.));
#584=FACE_OUTER_BOUND('',#585,.T.);
#585=EDGE_LOOP('',(#1080));
#586=FACE_OUTER_BOUND('',#587,.T.);
#587=EDGE_LOOP('',(#1081));
#588=CYLINDRICAL_SURFACE('',#589,6.);
#589=AXIS2_PLACEMENT_3D('',#590,#591,#592);
#590=CARTESIAN_POINT('',(-16.5,-1.45120645698961E-15,23.7));
#591=DIRECTION('',(0.,1.,6.12323399573677E-17));
#592=DIRECTION('',(6.12323399573676E-17,-6.12323399573676E-17,1.));
#593=FACE_BOUND('',#594,.T.);
#594=EDGE_LOOP('',(#1082,#1083,#1084,#1085));
#595=CYLINDRICAL_SURFACE('',#596,0.5);
#596=AXIS2_PLACEMENT_3D('',#597,#598,#599);
#597=CARTESIAN_POINT('',(18.,8.6,-14.));
#598=DIRECTION('',(0.,-1.,-6.12323399573677E-17));
#599=DIRECTION('',(1.,0.,0.));
#600=FACE_BOUND('',#601,.T.);
#601=EDGE_LOOP('',(#1086,#1087,#1088,#1089));
#602=PLANE('',#603);
#603=AXIS2_PLACEMENT_3D('',#604,#605,#606);
#604=CARTESIAN_POINT('',(18.,8.6,-14.));
#605=DIRECTION('',(0.,0.,1.));
#606=DIRECTION('',(-1.,0.,0.));
#607=FACE_BOUND('',#608,.T.);
#608=EDGE_LOOP('',(#1090,#1091,#1092,#1093));
#609=CYLINDRICAL_SURFACE('',#610,0.5);
#610=AXIS2_PLACEMENT_3D('',#611,#612,#613);
#611=CARTESIAN_POINT('',(1.99999999999999,8.6,-14.));
#612=DIRECTION('',(0.,-1.,-6.12323399573677E-17));
#613=DIRECTION('',(1.,0.,0.));
#614=FACE_BOUND('',#615,.T.);
#615=EDGE_LOOP('',(#1094,#1095,#1096,#1097));
#616=PLANE('',#617);
#617=AXIS2_PLACEMENT_3D('',#618,#619,#620);
#618=CARTESIAN_POINT('',(1.99999999999999,8.6,-14.));
#619=DIRECTION('',(-1.,0.,2.77555756156289E-17));
#620=DIRECTION('',(-2.77555756156289E-17,1.11022302462516E-16,-1.));
#621=FACE_BOUND('',#622,.T.);
#622=EDGE_LOOP('',(#1098,#1099,#1100,#1101));
#623=CYLINDRICAL_SURFACE('',#624,0.5);
#624=AXIS2_PLACEMENT_3D('',#625,#626,#627);
#625=CARTESIAN_POINT('',(1.99999999999999,8.6,-30.));
#626=DIRECTION('',(0.,-1.,-6.12323399573677E-17));
#627=DIRECTION('',(1.,0.,0.));
#628=FACE_BOUND('',#629,.T.);
#629=EDGE_LOOP('',(#1102,#1103,#1104,#1105));
#630=PLANE('',#631);
#631=AXIS2_PLACEMENT_3D('',#632,#633,#634);
#632=CARTESIAN_POINT('',(1.99999999999999,8.6,-30.));
#633=DIRECTION('',(0.,0.,-1.));
#634=DIRECTION('',(1.,0.,0.));
#635=FACE_BOUND('',#636,.T.);
#636=EDGE_LOOP('',(#1106,#1107,#1108,#1109));
#637=CYLINDRICAL_SURFACE('',#638,0.5);
#638=AXIS2_PLACEMENT_3D('',#639,#640,#641);
#639=CARTESIAN_POINT('',(18.,8.6,-30.));
#640=DIRECTION('',(0.,-1.,-6.12323399573677E-17));
#641=DIRECTION('',(1.,0.,0.));
#642=FACE_BOUND('',#643,.T.);
#643=EDGE_LOOP('',(#1110,#1111,#1112,#1113));
#644=PLANE('',#645);
#645=AXIS2_PLACEMENT_3D('',#646,#647,#648);
#646=CARTESIAN_POINT('',(18.,8.6,-30.));
#647=DIRECTION('',(1.,0.,0.));
#648=DIRECTION('',(0.,-1.11022302462516E-16,1.));
#649=FACE_OUTER_BOUND('',#650,.T.);
#650=EDGE_LOOP('',(#1114));
#651=FACE_OUTER_BOUND('',#652,.T.);
#652=EDGE_LOOP('',(#1115));
#653=CYLINDRICAL_SURFACE('',#654,1.);
#654=AXIS2_PLACEMENT_3D('',#655,#656,#657);
#655=CARTESIAN_POINT('',(-19.,8.6,6.));
#656=DIRECTION('',(0.,-1.,-6.12323399573677E-17));
#657=DIRECTION('',(6.12323399573677E-17,-6.12323399573677E-17,1.));
#658=FACE_OUTER_BOUND('',#659,.T.);
#659=EDGE_LOOP('',(#1116));
#660=FACE_OUTER_BOUND('',#661,.T.);
#661=EDGE_LOOP('',(#1117));
#662=CYLINDRICAL_SURFACE('',#663,1.);
#663=AXIS2_PLACEMENT_3D('',#664,#665,#666);
#664=CARTESIAN_POINT('',(-14.,8.6,1.));
#665=DIRECTION('',(0.,-1.,-6.12323399573677E-17));
#666=DIRECTION('',(6.12323399573677E-17,-6.12323399573677E-17,1.));
#667=FACE_OUTER_BOUND('',#668,.T.);
#668=EDGE_LOOP('',(#1118));
#669=FACE_OUTER_BOUND('',#670,.T.);
#670=EDGE_LOOP('',(#1119));
#671=CYLINDRICAL_SURFACE('',#672,1.);
#672=AXIS2_PLACEMENT_3D('',#673,#674,#675);
#673=CARTESIAN_POINT('',(-19.,8.6,-4.));
#674=DIRECTION('',(0.,-1.,-6.12323399573677E-17));
#675=DIRECTION('',(6.12323399573677E-17,-6.12323399573677E-17,1.));
#676=FACE_OUTER_BOUND('',#677,.T.);
#677=EDGE_LOOP('',(#1120));
#678=FACE_OUTER_BOUND('',#679,.T.);
#679=EDGE_LOOP('',(#1121));
#680=CYLINDRICAL_SURFACE('',#681,1.);
#681=AXIS2_PLACEMENT_3D('',#682,#683,#684);
#682=CARTESIAN_POINT('',(-22.5355339059327,8.6,4.53553390593274));
#683=DIRECTION('',(0.,-1.,-6.12323399573677E-17));
#684=DIRECTION('',(6.12323399573677E-17,-6.12323399573677E-17,1.));
#685=FACE_OUTER_BOUND('',#686,.T.);
#686=EDGE_LOOP('',(#1122));
#687=FACE_OUTER_BOUND('',#688,.T.);
#688=EDGE_LOOP('',(#1123));
#689=CYLINDRICAL_SURFACE('',#690,1.);
#690=AXIS2_PLACEMENT_3D('',#691,#692,#693);
#691=CARTESIAN_POINT('',(-15.4644660940673,8.6,4.53553390593274));
#692=DIRECTION('',(0.,-1.,-6.12323399573677E-17));
#693=DIRECTION('',(6.12323399573677E-17,-6.12323399573677E-17,1.));
#694=FACE_OUTER_BOUND('',#695,.T.);
#695=EDGE_LOOP('',(#1124));
#696=FACE_OUTER_BOUND('',#697,.T.);
#697=EDGE_LOOP('',(#1125));
#698=CYLINDRICAL_SURFACE('',#699,1.);
#699=AXIS2_PLACEMENT_3D('',#700,#701,#702);
#700=CARTESIAN_POINT('',(-15.4644660940673,8.6,-2.53553390593273));
#701=DIRECTION('',(0.,-1.,-6.12323399573677E-17));
#702=DIRECTION('',(6.12323399573677E-17,-6.12323399573677E-17,1.));
#703=FACE_OUTER_BOUND('',#704,.T.);
#704=EDGE_LOOP('',(#1126));
#705=FACE_OUTER_BOUND('',#706,.T.);
#706=EDGE_LOOP('',(#1127));
#707=CYLINDRICAL_SURFACE('',#708,1.);
#708=AXIS2_PLACEMENT_3D('',#709,#710,#711);
#709=CARTESIAN_POINT('',(-22.5355339059327,8.6,-2.53553390593274));
#710=DIRECTION('',(0.,-1.,-6.12323399573677E-17));
#711=DIRECTION('',(6.12323399573677E-17,-6.12323399573677E-17,1.));
#712=FACE_OUTER_BOUND('',#713,.T.);
#713=EDGE_LOOP('',(#1128));
#714=FACE_OUTER_BOUND('',#715,.T.);
#715=EDGE_LOOP('',(#1129));
#716=CYLINDRICAL_SURFACE('',#717,1.);
#717=AXIS2_PLACEMENT_3D('',#718,#719,#720);
#718=CARTESIAN_POINT('',(-19.,8.6,1.));
#719=DIRECTION('',(0.,-1.,-6.12323399573677E-17));
#720=DIRECTION('',(6.12323399573677E-17,-6.12323399573677E-17,1.));
#721=FACE_OUTER_BOUND('',#722,.T.);
#722=EDGE_LOOP('',(#1130));
#723=FACE_OUTER_BOUND('',#724,.T.);
#724=EDGE_LOOP('',(#1131));
#725=CYLINDRICAL_SURFACE('',#726,3.);
#726=AXIS2_PLACEMENT_3D('',#727,#728,#729);
#727=CARTESIAN_POINT('',(-16.5,8.6,23.7));
#728=DIRECTION('',(0.,-1.,-6.12323399573677E-17));
#729=DIRECTION('',(6.12323399573676E-17,-6.12323399573676E-17,1.));
#730=FACE_OUTER_BOUND('',#731,.T.);
#731=EDGE_LOOP('',(#1132));
#732=FACE_OUTER_BOUND('',#733,.T.);
#733=EDGE_LOOP('',(#1133));
#734=CYLINDRICAL_SURFACE('',#735,3.);
#735=AXIS2_PLACEMENT_3D('',#736,#737,#738);
#736=CARTESIAN_POINT('',(16.5,8.6,23.7));
#737=DIRECTION('',(0.,-1.,-6.12323399573677E-17));
#738=DIRECTION('',(6.12323399573676E-17,-6.12323399573676E-17,1.));
#739=FACE_OUTER_BOUND('',#740,.T.);
#740=EDGE_LOOP('',(#1134));
#741=FACE_OUTER_BOUND('',#742,.T.);
#742=EDGE_LOOP('',(#1135));
#743=CYLINDRICAL_SURFACE('',#744,3.);
#744=AXIS2_PLACEMENT_3D('',#745,#746,#747);
#745=CARTESIAN_POINT('',(16.5,8.6,13.7));
#746=DIRECTION('',(0.,-1.,-6.12323399573677E-17));
#747=DIRECTION('',(6.12323399573676E-17,-6.12323399573676E-17,1.));
#748=FACE_OUTER_BOUND('',#749,.T.);
#749=EDGE_LOOP('',(#1136));
#750=FACE_OUTER_BOUND('',#751,.T.);
#751=EDGE_LOOP('',(#1137));
#752=CYLINDRICAL_SURFACE('',#753,3.);
#753=AXIS2_PLACEMENT_3D('',#754,#755,#756);
#754=CARTESIAN_POINT('',(16.5,8.6,3.7));
#755=DIRECTION('',(0.,-1.,-6.12323399573677E-17));
#756=DIRECTION('',(6.12323399573676E-17,-6.12323399573676E-17,1.));
#757=FACE_BOUND('',#758,.T.);
#758=EDGE_LOOP('',(#1138,#1139,#1140,#1141,#1142,#1143,#1144,#1145));
#759=FACE_BOUND('',#760,.T.);
#760=EDGE_LOOP('',(#1146));
#761=FACE_BOUND('',#762,.T.);
#762=EDGE_LOOP('',(#1147));
#763=FACE_BOUND('',#764,.T.);
#764=EDGE_LOOP('',(#1148));
#765=PLANE('',#766);
#766=AXIS2_PLACEMENT_3D('',#767,#768,#769);
#767=CARTESIAN_POINT('',(0.,5.,3.06161699786838E-16));
#768=DIRECTION('',(0.,1.,6.12323399573677E-17));
#769=DIRECTION('',(6.12323399573677E-17,-6.12323399573677E-17,1.));
#770=FACE_BOUND('',#771,.T.);
#771=EDGE_LOOP('',(#1149));
#772=FACE_BOUND('',#773,.T.);
#773=EDGE_LOOP('',(#1150));
#774=PLANE('',#775);
#775=AXIS2_PLACEMENT_3D('',#776,#777,#778);
#776=CARTESIAN_POINT('',(0.,5.,3.06161699786838E-16));
#777=DIRECTION('',(0.,1.,6.12323399573677E-17));
#778=DIRECTION('',(6.12323399573677E-17,-6.12323399573677E-17,1.));
#779=ORIENTED_EDGE('',*,*,#1151,.T.);
#780=ORIENTED_EDGE('',*,*,#1152,.T.);
#781=ORIENTED_EDGE('',*,*,#1153,.F.);
#782=ORIENTED_EDGE('',*,*,#1154,.T.);
#783=ORIENTED_EDGE('',*,*,#1155,.F.);
#784=ORIENTED_EDGE('',*,*,#1156,.T.);
#785=ORIENTED_EDGE('',*,*,#1157,.F.);
#786=ORIENTED_EDGE('',*,*,#1158,.T.);
#787=ORIENTED_EDGE('',*,*,#1159,.F.);
#788=ORIENTED_EDGE('',*,*,#1160,.T.);
#789=ORIENTED_EDGE('',*,*,#1161,.T.);
#790=ORIENTED_EDGE('',*,*,#1162,.T.);
#791=ORIENTED_EDGE('',*,*,#1163,.F.);
#792=ORIENTED_EDGE('',*,*,#1164,.T.);
#793=ORIENTED_EDGE('',*,*,#1165,.F.);
#794=ORIENTED_EDGE('',*,*,#1166,.T.);
#795=ORIENTED_EDGE('',*,*,#1167,.F.);
#796=ORIENTED_EDGE('',*,*,#1168,.T.);
#797=ORIENTED_EDGE('',*,*,#1169,.F.);
#798=ORIENTED_EDGE('',*,*,#1170,.T.);
#799=ORIENTED_EDGE('',*,*,#1171,.F.);
#800=ORIENTED_EDGE('',*,*,#1172,.T.);
#801=ORIENTED_EDGE('',*,*,#1173,.F.);
#802=ORIENTED_EDGE('',*,*,#1174,.T.);
#803=ORIENTED_EDGE('',*,*,#1175,.F.);
#804=ORIENTED_EDGE('',*,*,#1176,.T.);
#805=ORIENTED_EDGE('',*,*,#1177,.F.);
#806=ORIENTED_EDGE('',*,*,#1178,.T.);
#807=ORIENTED_EDGE('',*,*,#1179,.T.);
#808=ORIENTED_EDGE('',*,*,#1180,.T.);
#809=ORIENTED_EDGE('',*,*,#1181,.T.);
#810=ORIENTED_EDGE('',*,*,#1182,.T.);
#811=ORIENTED_EDGE('',*,*,#1183,.T.);
#812=ORIENTED_EDGE('',*,*,#1184,.T.);
#813=ORIENTED_EDGE('',*,*,#1160,.F.);
#814=ORIENTED_EDGE('',*,*,#1185,.F.);
#815=ORIENTED_EDGE('',*,*,#1186,.F.);
#816=ORIENTED_EDGE('',*,*,#1187,.T.);
#817=ORIENTED_EDGE('',*,*,#1152,.F.);
#818=ORIENTED_EDGE('',*,*,#1188,.T.);
#819=ORIENTED_EDGE('',*,*,#1189,.T.);
#820=ORIENTED_EDGE('',*,*,#1190,.T.);
#821=ORIENTED_EDGE('',*,*,#1178,.F.);
#822=ORIENTED_EDGE('',*,*,#1191,.F.);
#823=ORIENTED_EDGE('',*,*,#1192,.F.);
#824=ORIENTED_EDGE('',*,*,#1193,.F.);
#825=ORIENTED_EDGE('',*,*,#1162,.F.);
#826=ORIENTED_EDGE('',*,*,#1194,.T.);
#827=ORIENTED_EDGE('',*,*,#1194,.F.);
#828=ORIENTED_EDGE('',*,*,#1161,.F.);
#829=ORIENTED_EDGE('',*,*,#1184,.F.);
#830=ORIENTED_EDGE('',*,*,#1195,.F.);
#831=ORIENTED_EDGE('',*,*,#1190,.F.);
#832=ORIENTED_EDGE('',*,*,#1196,.T.);
#833=ORIENTED_EDGE('',*,*,#1188,.F.);
#834=ORIENTED_EDGE('',*,*,#1151,.F.);
#835=ORIENTED_EDGE('',*,*,#1189,.F.);
#836=ORIENTED_EDGE('',*,*,#1195,.T.);
#837=ORIENTED_EDGE('',*,*,#1183,.F.);
#838=ORIENTED_EDGE('',*,*,#1196,.F.);
#839=ORIENTED_EDGE('',*,*,#1197,.T.);
#840=ORIENTED_EDGE('',*,*,#1198,.T.);
#841=ORIENTED_EDGE('',*,*,#1153,.T.);
#842=ORIENTED_EDGE('',*,*,#1187,.F.);
#843=ORIENTED_EDGE('',*,*,#1199,.F.);
#844=ORIENTED_EDGE('',*,*,#1200,.T.);
#845=ORIENTED_EDGE('',*,*,#1154,.F.);
#846=ORIENTED_EDGE('',*,*,#1198,.F.);
#847=ORIENTED_EDGE('',*,*,#1201,.T.);
#848=ORIENTED_EDGE('',*,*,#1202,.T.);
#849=ORIENTED_EDGE('',*,*,#1155,.T.);
#850=ORIENTED_EDGE('',*,*,#1200,.F.);
#851=ORIENTED_EDGE('',*,*,#1203,.F.);
#852=ORIENTED_EDGE('',*,*,#1204,.T.);
#853=ORIENTED_EDGE('',*,*,#1156,.F.);
#854=ORIENTED_EDGE('',*,*,#1202,.F.);
#855=ORIENTED_EDGE('',*,*,#1205,.T.);
#856=ORIENTED_EDGE('',*,*,#1206,.T.);
#857=ORIENTED_EDGE('',*,*,#1157,.T.);
#858=ORIENTED_EDGE('',*,*,#1204,.F.);
#859=ORIENTED_EDGE('',*,*,#1207,.F.);
#860=ORIENTED_EDGE('',*,*,#1208,.T.);
#861=ORIENTED_EDGE('',*,*,#1158,.F.);
#862=ORIENTED_EDGE('',*,*,#1206,.F.);
#863=ORIENTED_EDGE('',*,*,#1209,.T.);
#864=ORIENTED_EDGE('',*,*,#1185,.T.);
#865=ORIENTED_EDGE('',*,*,#1159,.T.);
#866=ORIENTED_EDGE('',*,*,#1208,.F.);
#867=ORIENTED_EDGE('',*,*,#1193,.T.);
#868=ORIENTED_EDGE('',*,*,#1210,.T.);
#869=ORIENTED_EDGE('',*,*,#1211,.F.);
#870=ORIENTED_EDGE('',*,*,#1163,.T.);
#871=ORIENTED_EDGE('',*,*,#1212,.T.);
#872=ORIENTED_EDGE('',*,*,#1164,.F.);
#873=ORIENTED_EDGE('',*,*,#1211,.T.);
#874=ORIENTED_EDGE('',*,*,#1213,.T.);
#875=ORIENTED_EDGE('',*,*,#1214,.T.);
#876=ORIENTED_EDGE('',*,*,#1165,.T.);
#877=ORIENTED_EDGE('',*,*,#1212,.F.);
#878=ORIENTED_EDGE('',*,*,#1215,.T.);
#879=ORIENTED_EDGE('',*,*,#1214,.F.);
#880=ORIENTED_EDGE('',*,*,#1216,.F.);
#881=ORIENTED_EDGE('',*,*,#1217,.F.);
#882=ORIENTED_EDGE('',*,*,#1218,.F.);
#883=ORIENTED_EDGE('',*,*,#1166,.F.);
#884=ORIENTED_EDGE('',*,*,#1218,.T.);
#885=ORIENTED_EDGE('',*,*,#1219,.T.);
#886=ORIENTED_EDGE('',*,*,#1220,.F.);
#887=ORIENTED_EDGE('',*,*,#1167,.T.);
#888=ORIENTED_EDGE('',*,*,#1221,.T.);
#889=ORIENTED_EDGE('',*,*,#1168,.F.);
#890=ORIENTED_EDGE('',*,*,#1220,.T.);
#891=ORIENTED_EDGE('',*,*,#1222,.T.);
#892=ORIENTED_EDGE('',*,*,#1223,.T.);
#893=ORIENTED_EDGE('',*,*,#1169,.T.);
#894=ORIENTED_EDGE('',*,*,#1221,.F.);
#895=ORIENTED_EDGE('',*,*,#1224,.T.);
#896=ORIENTED_EDGE('',*,*,#1223,.F.);
#897=ORIENTED_EDGE('',*,*,#1225,.F.);
#898=ORIENTED_EDGE('',*,*,#1226,.F.);
#899=ORIENTED_EDGE('',*,*,#1170,.F.);
#900=ORIENTED_EDGE('',*,*,#1226,.T.);
#901=ORIENTED_EDGE('',*,*,#1227,.T.);
#902=ORIENTED_EDGE('',*,*,#1228,.F.);
#903=ORIENTED_EDGE('',*,*,#1171,.T.);
#904=ORIENTED_EDGE('',*,*,#1228,.T.);
#905=ORIENTED_EDGE('',*,*,#1229,.T.);
#906=ORIENTED_EDGE('',*,*,#1230,.T.);
#907=ORIENTED_EDGE('',*,*,#1172,.F.);
#908=ORIENTED_EDGE('',*,*,#1231,.T.);
#909=ORIENTED_EDGE('',*,*,#1173,.T.);
#910=ORIENTED_EDGE('',*,*,#1230,.F.);
#911=ORIENTED_EDGE('',*,*,#1232,.T.);
#912=ORIENTED_EDGE('',*,*,#1233,.F.);
#913=ORIENTED_EDGE('',*,*,#1174,.F.);
#914=ORIENTED_EDGE('',*,*,#1231,.F.);
#915=ORIENTED_EDGE('',*,*,#1234,.F.);
#916=ORIENTED_EDGE('',*,*,#1233,.T.);
#917=ORIENTED_EDGE('',*,*,#1235,.T.);
#918=ORIENTED_EDGE('',*,*,#1236,.F.);
#919=ORIENTED_EDGE('',*,*,#1175,.T.);
#920=ORIENTED_EDGE('',*,*,#1237,.T.);
#921=ORIENTED_EDGE('',*,*,#1176,.F.);
#922=ORIENTED_EDGE('',*,*,#1236,.T.);
#923=ORIENTED_EDGE('',*,*,#1238,.T.);
#924=ORIENTED_EDGE('',*,*,#1191,.T.);
#925=ORIENTED_EDGE('',*,*,#1177,.T.);
#926=ORIENTED_EDGE('',*,*,#1237,.F.);
#927=ORIENTED_EDGE('',*,*,#1239,.T.);
#928=ORIENTED_EDGE('',*,*,#1179,.F.);
#929=ORIENTED_EDGE('',*,*,#1240,.T.);
#930=ORIENTED_EDGE('',*,*,#1180,.F.);
#931=ORIENTED_EDGE('',*,*,#1241,.T.);
#932=ORIENTED_EDGE('',*,*,#1181,.F.);
#933=ORIENTED_EDGE('',*,*,#1242,.T.);
#934=ORIENTED_EDGE('',*,*,#1182,.F.);
#935=ORIENTED_EDGE('',*,*,#1243,.T.);
#936=ORIENTED_EDGE('',*,*,#1186,.T.);
#937=ORIENTED_EDGE('',*,*,#1244,.T.);
#938=ORIENTED_EDGE('',*,*,#1245,.F.);
#939=ORIENTED_EDGE('',*,*,#1246,.F.);
#940=ORIENTED_EDGE('',*,*,#1247,.T.);
#941=ORIENTED_EDGE('',*,*,#1216,.T.);
#942=ORIENTED_EDGE('',*,*,#1215,.F.);
#943=ORIENTED_EDGE('',*,*,#1213,.F.);
#944=ORIENTED_EDGE('',*,*,#1210,.F.);
#945=ORIENTED_EDGE('',*,*,#1192,.T.);
#946=ORIENTED_EDGE('',*,*,#1239,.F.);
#947=ORIENTED_EDGE('',*,*,#1238,.F.);
#948=ORIENTED_EDGE('',*,*,#1235,.F.);
#949=ORIENTED_EDGE('',*,*,#1234,.T.);
#950=ORIENTED_EDGE('',*,*,#1232,.F.);
#951=ORIENTED_EDGE('',*,*,#1229,.F.);
#952=ORIENTED_EDGE('',*,*,#1227,.F.);
#953=ORIENTED_EDGE('',*,*,#1225,.T.);
#954=ORIENTED_EDGE('',*,*,#1224,.F.);
#955=ORIENTED_EDGE('',*,*,#1222,.F.);
#956=ORIENTED_EDGE('',*,*,#1219,.F.);
#957=ORIENTED_EDGE('',*,*,#1217,.T.);
#958=ORIENTED_EDGE('',*,*,#1248,.T.);
#959=ORIENTED_EDGE('',*,*,#1249,.F.);
#960=ORIENTED_EDGE('',*,*,#1250,.F.);
#961=ORIENTED_EDGE('',*,*,#1251,.F.);
#962=ORIENTED_EDGE('',*,*,#1252,.F.);
#963=ORIENTED_EDGE('',*,*,#1253,.F.);
#964=ORIENTED_EDGE('',*,*,#1254,.F.);
#965=ORIENTED_EDGE('',*,*,#1255,.F.);
#966=ORIENTED_EDGE('',*,*,#1256,.F.);
#967=ORIENTED_EDGE('',*,*,#1257,.F.);
#968=ORIENTED_EDGE('',*,*,#1258,.T.);
#969=ORIENTED_EDGE('',*,*,#1259,.T.);
#970=ORIENTED_EDGE('',*,*,#1260,.T.);
#971=ORIENTED_EDGE('',*,*,#1261,.T.);
#972=ORIENTED_EDGE('',*,*,#1262,.T.);
#973=ORIENTED_EDGE('',*,*,#1263,.T.);
#974=ORIENTED_EDGE('',*,*,#1264,.T.);
#975=ORIENTED_EDGE('',*,*,#1265,.T.);
#976=ORIENTED_EDGE('',*,*,#1266,.T.);
#977=ORIENTED_EDGE('',*,*,#1267,.T.);
#978=ORIENTED_EDGE('',*,*,#1268,.T.);
#979=ORIENTED_EDGE('',*,*,#1269,.T.);
#980=ORIENTED_EDGE('',*,*,#1270,.T.);
#981=ORIENTED_EDGE('',*,*,#1271,.T.);
#982=ORIENTED_EDGE('',*,*,#1272,.T.);
#983=ORIENTED_EDGE('',*,*,#1273,.T.);
#984=ORIENTED_EDGE('',*,*,#1274,.T.);
#985=ORIENTED_EDGE('',*,*,#1275,.F.);
#986=ORIENTED_EDGE('',*,*,#1197,.F.);
#987=ORIENTED_EDGE('',*,*,#1246,.T.);
#988=ORIENTED_EDGE('',*,*,#1199,.T.);
#989=ORIENTED_EDGE('',*,*,#1275,.T.);
#990=ORIENTED_EDGE('',*,*,#1276,.F.);
#991=ORIENTED_EDGE('',*,*,#1277,.F.);
#992=ORIENTED_EDGE('',*,*,#1278,.T.);
#993=ORIENTED_EDGE('',*,*,#1279,.F.);
#994=ORIENTED_EDGE('',*,*,#1201,.F.);
#995=ORIENTED_EDGE('',*,*,#1277,.T.);
#996=ORIENTED_EDGE('',*,*,#1203,.T.);
#997=ORIENTED_EDGE('',*,*,#1279,.T.);
#998=ORIENTED_EDGE('',*,*,#1280,.F.);
#999=ORIENTED_EDGE('',*,*,#1281,.F.);
#1000=ORIENTED_EDGE('',*,*,#1282,.T.);
#1001=ORIENTED_EDGE('',*,*,#1283,.F.);
#1002=ORIENTED_EDGE('',*,*,#1205,.F.);
#1003=ORIENTED_EDGE('',*,*,#1281,.T.);
#1004=ORIENTED_EDGE('',*,*,#1207,.T.);
#1005=ORIENTED_EDGE('',*,*,#1283,.T.);
#1006=ORIENTED_EDGE('',*,*,#1284,.F.);
#1007=ORIENTED_EDGE('',*,*,#1285,.F.);
#1008=ORIENTED_EDGE('',*,*,#1286,.T.);
#1009=ORIENTED_EDGE('',*,*,#1244,.F.);
#1010=ORIENTED_EDGE('',*,*,#1209,.F.);
#1011=ORIENTED_EDGE('',*,*,#1285,.T.);
#1012=ORIENTED_EDGE('',*,*,#1240,.F.);
#1013=ORIENTED_EDGE('',*,*,#1241,.F.);
#1014=ORIENTED_EDGE('',*,*,#1242,.F.);
#1015=ORIENTED_EDGE('',*,*,#1243,.F.);
#1016=ORIENTED_EDGE('',*,*,#1276,.T.);
#1017=ORIENTED_EDGE('',*,*,#1274,.F.);
#1018=ORIENTED_EDGE('',*,*,#1245,.T.);
#1019=ORIENTED_EDGE('',*,*,#1286,.F.);
#1020=ORIENTED_EDGE('',*,*,#1284,.T.);
#1021=ORIENTED_EDGE('',*,*,#1282,.F.);
#1022=ORIENTED_EDGE('',*,*,#1280,.T.);
#1023=ORIENTED_EDGE('',*,*,#1278,.F.);
#1024=ORIENTED_EDGE('',*,*,#1287,.T.);
#1025=ORIENTED_EDGE('',*,*,#1288,.T.);
#1026=ORIENTED_EDGE('',*,*,#1289,.T.);
#1027=ORIENTED_EDGE('',*,*,#1290,.T.);
#1028=ORIENTED_EDGE('',*,*,#1291,.T.);
#1029=ORIENTED_EDGE('',*,*,#1292,.T.);
#1030=ORIENTED_EDGE('',*,*,#1293,.T.);
#1031=ORIENTED_EDGE('',*,*,#1294,.T.);
#1032=ORIENTED_EDGE('',*,*,#1295,.T.);
#1033=ORIENTED_EDGE('',*,*,#1296,.T.);
#1034=ORIENTED_EDGE('',*,*,#1297,.T.);
#1035=ORIENTED_EDGE('',*,*,#1298,.T.);
#1036=ORIENTED_EDGE('',*,*,#1299,.T.);
#1037=ORIENTED_EDGE('',*,*,#1300,.T.);
#1038=ORIENTED_EDGE('',*,*,#1301,.T.);
#1039=ORIENTED_EDGE('',*,*,#1302,.T.);
#1040=ORIENTED_EDGE('',*,*,#1303,.T.);
#1041=ORIENTED_EDGE('',*,*,#1304,.T.);
#1042=ORIENTED_EDGE('',*,*,#1305,.T.);
#1043=ORIENTED_EDGE('',*,*,#1306,.T.);
#1044=ORIENTED_EDGE('',*,*,#1307,.T.);
#1045=ORIENTED_EDGE('',*,*,#1248,.F.);
#1046=ORIENTED_EDGE('',*,*,#1247,.F.);
#1047=ORIENTED_EDGE('',*,*,#1296,.F.);
#1048=ORIENTED_EDGE('',*,*,#1308,.T.);
#1049=ORIENTED_EDGE('',*,*,#1249,.T.);
#1050=ORIENTED_EDGE('',*,*,#1309,.F.);
#1051=ORIENTED_EDGE('',*,*,#1310,.T.);
#1052=ORIENTED_EDGE('',*,*,#1308,.F.);
#1053=ORIENTED_EDGE('',*,*,#1311,.F.);
#1054=ORIENTED_EDGE('',*,*,#1312,.T.);
#1055=ORIENTED_EDGE('',*,*,#1250,.T.);
#1056=ORIENTED_EDGE('',*,*,#1313,.T.);
#1057=ORIENTED_EDGE('',*,*,#1251,.T.);
#1058=ORIENTED_EDGE('',*,*,#1312,.F.);
#1059=ORIENTED_EDGE('',*,*,#1314,.T.);
#1060=ORIENTED_EDGE('',*,*,#1315,.F.);
#1061=ORIENTED_EDGE('',*,*,#1252,.T.);
#1062=ORIENTED_EDGE('',*,*,#1313,.F.);
#1063=ORIENTED_EDGE('',*,*,#1316,.F.);
#1064=ORIENTED_EDGE('',*,*,#1315,.T.);
#1065=ORIENTED_EDGE('',*,*,#1317,.T.);
#1066=ORIENTED_EDGE('',*,*,#1318,.F.);
#1067=ORIENTED_EDGE('',*,*,#1253,.T.);
#1068=ORIENTED_EDGE('',*,*,#1319,.F.);
#1069=ORIENTED_EDGE('',*,*,#1254,.T.);
#1070=ORIENTED_EDGE('',*,*,#1318,.T.);
#1071=ORIENTED_EDGE('',*,*,#1320,.F.);
#1072=ORIENTED_EDGE('',*,*,#1319,.T.);
#1073=ORIENTED_EDGE('',*,*,#1321,.T.);
#1074=ORIENTED_EDGE('',*,*,#1322,.F.);
#1075=ORIENTED_EDGE('',*,*,#1255,.T.);
#1076=ORIENTED_EDGE('',*,*,#1309,.T.);
#1077=ORIENTED_EDGE('',*,*,#1256,.T.);
#1078=ORIENTED_EDGE('',*,*,#1322,.T.);
#1079=ORIENTED_EDGE('',*,*,#1323,.F.);
#1080=ORIENTED_EDGE('',*,*,#1324,.F.);
#1081=ORIENTED_EDGE('',*,*,#1257,.T.);
#1082=ORIENTED_EDGE('',*,*,#1288,.F.);
#1083=ORIENTED_EDGE('',*,*,#1325,.F.);
#1084=ORIENTED_EDGE('',*,*,#1258,.F.);
#1085=ORIENTED_EDGE('',*,*,#1326,.F.);
#1086=ORIENTED_EDGE('',*,*,#1325,.T.);
#1087=ORIENTED_EDGE('',*,*,#1295,.F.);
#1088=ORIENTED_EDGE('',*,*,#1327,.T.);
#1089=ORIENTED_EDGE('',*,*,#1259,.F.);
#1090=ORIENTED_EDGE('',*,*,#1294,.F.);
#1091=ORIENTED_EDGE('',*,*,#1328,.F.);
#1092=ORIENTED_EDGE('',*,*,#1260,.F.);
#1093=ORIENTED_EDGE('',*,*,#1327,.F.);
#1094=ORIENTED_EDGE('',*,*,#1328,.T.);
#1095=ORIENTED_EDGE('',*,*,#1293,.F.);
#1096=ORIENTED_EDGE('',*,*,#1329,.T.);
#1097=ORIENTED_EDGE('',*,*,#1261,.F.);
#1098=ORIENTED_EDGE('',*,*,#1292,.F.);
#1099=ORIENTED_EDGE('',*,*,#1330,.F.);
#1100=ORIENTED_EDGE('',*,*,#1262,.F.);
#1101=ORIENTED_EDGE('',*,*,#1329,.F.);
#1102=ORIENTED_EDGE('',*,*,#1330,.T.);
#1103=ORIENTED_EDGE('',*,*,#1291,.F.);
#1104=ORIENTED_EDGE('',*,*,#1331,.T.);
#1105=ORIENTED_EDGE('',*,*,#1263,.F.);
#1106=ORIENTED_EDGE('',*,*,#1332,.F.);
#1107=ORIENTED_EDGE('',*,*,#1264,.F.);
#1108=ORIENTED_EDGE('',*,*,#1331,.F.);
#1109=ORIENTED_EDGE('',*,*,#1290,.F.);
#1110=ORIENTED_EDGE('',*,*,#1326,.T.);
#1111=ORIENTED_EDGE('',*,*,#1265,.F.);
#1112=ORIENTED_EDGE('',*,*,#1332,.T.);
#1113=ORIENTED_EDGE('',*,*,#1289,.F.);
#1114=ORIENTED_EDGE('',*,*,#1266,.F.);
#1115=ORIENTED_EDGE('',*,*,#1297,.F.);
#1116=ORIENTED_EDGE('',*,*,#1267,.F.);
#1117=ORIENTED_EDGE('',*,*,#1298,.F.);
#1118=ORIENTED_EDGE('',*,*,#1268,.F.);
#1119=ORIENTED_EDGE('',*,*,#1299,.F.);
#1120=ORIENTED_EDGE('',*,*,#1269,.F.);
#1121=ORIENTED_EDGE('',*,*,#1300,.F.);
#1122=ORIENTED_EDGE('',*,*,#1270,.F.);
#1123=ORIENTED_EDGE('',*,*,#1301,.F.);
#1124=ORIENTED_EDGE('',*,*,#1271,.F.);
#1125=ORIENTED_EDGE('',*,*,#1302,.F.);
#1126=ORIENTED_EDGE('',*,*,#1272,.F.);
#1127=ORIENTED_EDGE('',*,*,#1303,.F.);
#1128=ORIENTED_EDGE('',*,*,#1273,.F.);
#1129=ORIENTED_EDGE('',*,*,#1304,.F.);
#1130=ORIENTED_EDGE('',*,*,#1333,.F.);
#1131=ORIENTED_EDGE('',*,*,#1287,.F.);
#1132=ORIENTED_EDGE('',*,*,#1334,.F.);
#1133=ORIENTED_EDGE('',*,*,#1305,.F.);
#1134=ORIENTED_EDGE('',*,*,#1335,.F.);
#1135=ORIENTED_EDGE('',*,*,#1306,.F.);
#1136=ORIENTED_EDGE('',*,*,#1336,.F.);
#1137=ORIENTED_EDGE('',*,*,#1307,.F.);
#1138=ORIENTED_EDGE('',*,*,#1310,.F.);
#1139=ORIENTED_EDGE('',*,*,#1323,.T.);
#1140=ORIENTED_EDGE('',*,*,#1321,.F.);
#1141=ORIENTED_EDGE('',*,*,#1320,.T.);
#1142=ORIENTED_EDGE('',*,*,#1317,.F.);
#1143=ORIENTED_EDGE('',*,*,#1316,.T.);
#1144=ORIENTED_EDGE('',*,*,#1314,.F.);
#1145=ORIENTED_EDGE('',*,*,#1311,.T.);
#1146=ORIENTED_EDGE('',*,*,#1336,.T.);
#1147=ORIENTED_EDGE('',*,*,#1335,.T.);
#1148=ORIENTED_EDGE('',*,*,#1334,.T.);
#1149=ORIENTED_EDGE('',*,*,#1324,.T.);
#1150=ORIENTED_EDGE('',*,*,#1333,.T.);
#1151=EDGE_CURVE('',#1337,#1338,#1339,.F.);
#1152=EDGE_CURVE('',#1338,#1340,#1341,.T.);
#1153=EDGE_CURVE('',#1342,#1340,#1343,.F.);
#1154=EDGE_CURVE('',#1342,#1344,#1345,.T.);
#1155=EDGE_CURVE('',#1346,#1344,#1347,.F.);
#1156=EDGE_CURVE('',#1346,#1348,#1349,.T.);
#1157=EDGE_CURVE('',#1350,#1348,#1351,.F.);
#1158=EDGE_CURVE('',#1350,#1352,#1353,.T.);
#1159=EDGE_CURVE('',#1354,#1352,#1355,.F.);
#1160=EDGE_CURVE('',#1354,#1356,#1357,.T.);
#1161=EDGE_CURVE('',#1356,#1358,#1359,.F.);
#1162=EDGE_CURVE('',#1358,#1360,#1361,.T.);
#1163=EDGE_CURVE('',#1362,#1360,#1363,.F.);
#1164=EDGE_CURVE('',#1362,#1364,#1365,.T.);
#1165=EDGE_CURVE('',#1366,#1364,#1367,.F.);
#1166=EDGE_CURVE('',#1366,#1368,#1369,.T.);
#1167=EDGE_CURVE('',#1370,#1368,#1371,.F.);
#1168=EDGE_CURVE('',#1370,#1372,#1373,.T.);
#1169=EDGE_CURVE('',#1374,#1372,#1375,.F.);
#1170=EDGE_CURVE('',#1374,#1376,#1377,.T.);
#1171=EDGE_CURVE('',#1378,#1376,#1379,.F.);
#1172=EDGE_CURVE('',#1378,#1380,#1381,.T.);
#1173=EDGE_CURVE('',#1382,#1380,#1383,.F.);
#1174=EDGE_CURVE('',#1382,#1384,#1385,.T.);
#1175=EDGE_CURVE('',#1386,#1384,#1387,.F.);
#1176=EDGE_CURVE('',#1386,#1388,#1389,.T.);
#1177=EDGE_CURVE('',#1390,#1388,#1391,.F.);
#1178=EDGE_CURVE('',#1390,#1337,#1392,.T.);
#1179=EDGE_CURVE('',#1393,#1393,#1394,.F.);
#1180=EDGE_CURVE('',#1395,#1395,#1396,.F.);
#1181=EDGE_CURVE('',#1397,#1397,#1398,.F.);
#1182=EDGE_CURVE('',#1399,#1399,#1400,.F.);
#1183=EDGE_CURVE('',#1401,#1402,#1403,.F.);
#1184=EDGE_CURVE('',#1402,#1356,#1404,.F.);
#1185=EDGE_CURVE('',#1405,#1354,#1406,.T.);
#1186=EDGE_CURVE('',#1407,#1405,#1408,.T.);
#1187=EDGE_CURVE('',#1407,#1340,#1409,.T.);
#1188=EDGE_CURVE('',#1338,#1401,#1410,.F.);
#1189=EDGE_CURVE('',#1411,#1412,#1413,.T.);
#1190=EDGE_CURVE('',#1412,#1337,#1414,.F.);
#1191=EDGE_CURVE('',#1415,#1390,#1416,.T.);
#1192=EDGE_CURVE('',#1417,#1415,#1418,.F.);
#1193=EDGE_CURVE('',#1360,#1417,#1419,.F.);
#1194=EDGE_CURVE('',#1358,#1411,#1420,.F.);
#1195=EDGE_CURVE('',#1411,#1402,#1421,.T.);
#1196=EDGE_CURVE('',#1412,#1401,#1422,.T.);
#1197=EDGE_CURVE('',#1407,#1423,#1424,.F.);
#1198=EDGE_CURVE('',#1423,#1342,#1425,.T.);
#1199=EDGE_CURVE('',#1426,#1423,#1427,.T.);
#1200=EDGE_CURVE('',#1426,#1344,#1428,.T.);
#1201=EDGE_CURVE('',#1426,#1429,#1430,.F.);
#1202=EDGE_CURVE('',#1429,#1346,#1431,.T.);
#1203=EDGE_CURVE('',#1432,#1429,#1433,.T.);
#1204=EDGE_CURVE('',#1432,#1348,#1434,.T.);
#1205=EDGE_CURVE('',#1432,#1435,#1436,.F.);
#1206=EDGE_CURVE('',#1435,#1350,#1437,.T.);
#1207=EDGE_CURVE('',#1438,#1435,#1439,.T.);
#1208=EDGE_CURVE('',#1438,#1352,#1440,.T.);
#1209=EDGE_CURVE('',#1438,#1405,#1441,.F.);
#1210=EDGE_CURVE('',#1417,#1442,#1443,.F.);
#1211=EDGE_CURVE('',#1362,#1442,#1444,.F.);
#1212=EDGE_CURVE('',#1445,#1364,#1446,.T.);
#1213=EDGE_CURVE('',#1442,#1445,#1447,.T.);
#1214=EDGE_CURVE('',#1448,#1366,#1449,.T.);
#1215=EDGE_CURVE('',#1445,#1448,#1450,.F.);
#1216=EDGE_CURVE('',#1451,#1448,#1452,.F.);
#1217=EDGE_CURVE('',#1453,#1451,#1454,.F.);
#1218=EDGE_CURVE('',#1368,#1453,#1455,.F.);
#1219=EDGE_CURVE('',#1453,#1456,#1457,.F.);
#1220=EDGE_CURVE('',#1370,#1456,#1458,.F.);
#1221=EDGE_CURVE('',#1459,#1372,#1460,.T.);
#1222=EDGE_CURVE('',#1456,#1459,#1461,.T.);
#1223=EDGE_CURVE('',#1462,#1374,#1463,.T.);
#1224=EDGE_CURVE('',#1459,#1462,#1464,.F.);
#1225=EDGE_CURVE('',#1465,#1462,#1466,.F.);
#1226=EDGE_CURVE('',#1376,#1465,#1467,.F.);
#1227=EDGE_CURVE('',#1465,#1468,#1469,.F.);
#1228=EDGE_CURVE('',#1378,#1468,#1470,.F.);
#1229=EDGE_CURVE('',#1468,#1471,#1472,.T.);
#1230=EDGE_CURVE('',#1471,#1380,#1473,.T.);
#1231=EDGE_CURVE('',#1474,#1382,#1475,.T.);
#1232=EDGE_CURVE('',#1471,#1474,#1476,.F.);
#1233=EDGE_CURVE('',#1384,#1477,#1478,.F.);
#1234=EDGE_CURVE('',#1477,#1474,#1479,.F.);
#1235=EDGE_CURVE('',#1477,#1480,#1481,.F.);
#1236=EDGE_CURVE('',#1386,#1480,#1482,.F.);
#1237=EDGE_CURVE('',#1483,#1388,#1484,.T.);
#1238=EDGE_CURVE('',#1480,#1483,#1485,.T.);
#1239=EDGE_CURVE('',#1483,#1415,#1486,.F.);
#1240=EDGE_CURVE('',#1487,#1487,#1488,.F.);
#1241=EDGE_CURVE('',#1489,#1489,#1490,.F.);
#1242=EDGE_CURVE('',#1491,#1491,#1492,.F.);
#1243=EDGE_CURVE('',#1493,#1493,#1494,.F.);
#1244=EDGE_CURVE('',#1405,#1495,#1496,.T.);
#1245=EDGE_CURVE('',#1497,#1495,#1498,.T.);
#1246=EDGE_CURVE('',#1407,#1497,#1499,.F.);
#1247=EDGE_CURVE('',#1500,#1451,#1501,.T.);
#1248=EDGE_CURVE('',#1451,#1500,#1502,.T.);
#1249=EDGE_CURVE('',#1503,#1504,#1505,.F.);
#1250=EDGE_CURVE('',#1506,#1503,#1507,.T.);
#1251=EDGE_CURVE('',#1508,#1506,#1509,.F.);
#1252=EDGE_CURVE('',#1510,#1508,#1511,.T.);
#1253=EDGE_CURVE('',#1512,#1510,#1513,.F.);
#1254=EDGE_CURVE('',#1514,#1512,#1515,.T.);
#1255=EDGE_CURVE('',#1516,#1514,#1517,.F.);
#1256=EDGE_CURVE('',#1504,#1516,#1518,.T.);
#1257=EDGE_CURVE('',#1519,#1519,#1520,.T.);
#1258=EDGE_CURVE('',#1521,#1522,#1523,.T.);
#1259=EDGE_CURVE('',#1522,#1524,#1525,.T.);
#1260=EDGE_CURVE('',#1524,#1526,#1527,.T.);
#1261=EDGE_CURVE('',#1526,#1528,#1529,.T.);
#1262=EDGE_CURVE('',#1528,#1530,#1531,.T.);
#1263=EDGE_CURVE('',#1530,#1532,#1533,.T.);
#1264=EDGE_CURVE('',#1532,#1534,#1535,.T.);
#1265=EDGE_CURVE('',#1534,#1521,#1536,.T.);
#1266=EDGE_CURVE('',#1537,#1537,#1538,.T.);
#1267=EDGE_CURVE('',#1539,#1539,#1540,.T.);
#1268=EDGE_CURVE('',#1541,#1541,#1542,.T.);
#1269=EDGE_CURVE('',#1543,#1543,#1544,.T.);
#1270=EDGE_CURVE('',#1545,#1545,#1546,.T.);
#1271=EDGE_CURVE('',#1547,#1547,#1548,.T.);
#1272=EDGE_CURVE('',#1549,#1549,#1550,.T.);
#1273=EDGE_CURVE('',#1551,#1551,#1552,.T.);
#1274=EDGE_CURVE('',#1497,#1553,#1554,.F.);
#1275=EDGE_CURVE('',#1423,#1553,#1555,.T.);
#1276=EDGE_CURVE('',#1556,#1553,#1557,.T.);
#1277=EDGE_CURVE('',#1426,#1556,#1558,.F.);
#1278=EDGE_CURVE('',#1556,#1559,#1560,.F.);
#1279=EDGE_CURVE('',#1429,#1559,#1561,.T.);
#1280=EDGE_CURVE('',#1562,#1559,#1563,.T.);
#1281=EDGE_CURVE('',#1432,#1562,#1564,.F.);
#1282=EDGE_CURVE('',#1562,#1565,#1566,.F.);
#1283=EDGE_CURVE('',#1435,#1565,#1567,.T.);
#1284=EDGE_CURVE('',#1568,#1565,#1569,.T.);
#1285=EDGE_CURVE('',#1438,#1568,#1570,.F.);
#1286=EDGE_CURVE('',#1568,#1495,#1571,.F.);
#1287=EDGE_CURVE('',#1572,#1572,#1573,.F.);
#1288=EDGE_CURVE('',#1574,#1575,#1576,.F.);
#1289=EDGE_CURVE('',#1575,#1577,#1578,.F.);
#1290=EDGE_CURVE('',#1577,#1579,#1580,.F.);
#1291=EDGE_CURVE('',#1579,#1581,#1582,.F.);
#1292=EDGE_CURVE('',#1581,#1583,#1584,.F.);
#1293=EDGE_CURVE('',#1583,#1585,#1586,.F.);
#1294=EDGE_CURVE('',#1585,#1587,#1588,.F.);
#1295=EDGE_CURVE('',#1587,#1574,#1589,.F.);
#1296=EDGE_CURVE('',#1590,#1590,#1591,.F.);
#1297=EDGE_CURVE('',#1592,#1592,#1593,.F.);
#1298=EDGE_CURVE('',#1594,#1594,#1595,.F.);
#1299=EDGE_CURVE('',#1596,#1596,#1597,.F.);
#1300=EDGE_CURVE('',#1598,#1598,#1599,.F.);
#1301=EDGE_CURVE('',#1600,#1600,#1601,.F.);
#1302=EDGE_CURVE('',#1602,#1602,#1603,.F.);
#1303=EDGE_CURVE('',#1604,#1604,#1605,.F.);
#1304=EDGE_CURVE('',#1606,#1606,#1607,.F.);
#1305=EDGE_CURVE('',#1608,#1608,#1609,.F.);
#1306=EDGE_CURVE('',#1610,#1610,#1611,.F.);
#1307=EDGE_CURVE('',#1612,#1612,#1613,.F.);
#1308=EDGE_CURVE('',#1614,#1503,#1615,.F.);
#1309=EDGE_CURVE('',#1616,#1504,#1617,.F.);
#1310=EDGE_CURVE('',#1616,#1614,#1618,.F.);
#1311=EDGE_CURVE('',#1619,#1614,#1620,.T.);
#1312=EDGE_CURVE('',#1619,#1506,#1621,.F.);
#1313=EDGE_CURVE('',#1622,#1508,#1623,.F.);
#1314=EDGE_CURVE('',#1619,#1622,#1624,.F.);
#1315=EDGE_CURVE('',#1510,#1625,#1626,.T.);
#1316=EDGE_CURVE('',#1625,#1622,#1627,.T.);
#1317=EDGE_CURVE('',#1625,#1628,#1629,.F.);
#1318=EDGE_CURVE('',#1512,#1628,#1630,.T.);
#1319=EDGE_CURVE('',#1514,#1631,#1632,.T.);
#1320=EDGE_CURVE('',#1631,#1628,#1633,.T.);
#1321=EDGE_CURVE('',#1631,#1634,#1635,.F.);
#1322=EDGE_CURVE('',#1516,#1634,#1636,.T.);
#1323=EDGE_CURVE('',#1616,#1634,#1637,.T.);
#1324=EDGE_CURVE('',#1638,#1638,#1639,.T.);
#1325=EDGE_CURVE('',#1522,#1574,#1640,.T.);
#1326=EDGE_CURVE('',#1575,#1521,#1641,.F.);
#1327=EDGE_CURVE('',#1587,#1524,#1642,.F.);
#1328=EDGE_CURVE('',#1526,#1585,#1643,.T.);
#1329=EDGE_CURVE('',#1583,#1528,#1644,.F.);
#1330=EDGE_CURVE('',#1530,#1581,#1645,.T.);
#1331=EDGE_CURVE('',#1579,#1532,#1646,.F.);
#1332=EDGE_CURVE('',#1534,#1577,#1647,.T.);
#1333=EDGE_CURVE('',#1648,#1648,#1649,.T.);
#1334=EDGE_CURVE('',#1650,#1650,#1651,.T.);
#1335=EDGE_CURVE('',#1652,#1652,#1653,.T.);
#1336=EDGE_CURVE('',#1654,#1654,#1655,.T.);
#1337=VERTEX_POINT('',#1656);
#1338=VERTEX_POINT('',#1657);
#1339=LINE('',#1658,#1659);
#1340=VERTEX_POINT('',#1661);
#1341=LINE('',#1662,#1663);
#1342=VERTEX_POINT('',#1665);
#1343=CIRCLE('',#1666,4.15000000000001);
#1344=VERTEX_POINT('',#1670);
#1345=LINE('',#1671,#1672);
#1346=VERTEX_POINT('',#1674);
#1347=CIRCLE('',#1675,4.15);
#1348=VERTEX_POINT('',#1679);
#1349=LINE('',#1680,#1681);
#1350=VERTEX_POINT('',#1683);
#1351=CIRCLE('',#1684,4.15000000000001);
#1352=VERTEX_POINT('',#1688);
#1353=LINE('',#1689,#1690);
#1354=VERTEX_POINT('',#1692);
#1355=CIRCLE('',#1693,4.15);
#1356=VERTEX_POINT('',#1697);
#1357=LINE('',#1698,#1699);
#1358=VERTEX_POINT('',#1701);
#1359=LINE('',#1702,#1703);
#1360=VERTEX_POINT('',#1705);
#1361=LINE('',#1706,#1707);
#1362=VERTEX_POINT('',#1709);
#1363=CIRCLE('',#1710,2.24999999999999);
#1364=VERTEX_POINT('',#1714);
#1365=CIRCLE('',#1715,2.25);
#1366=VERTEX_POINT('',#1719);
#1367=CIRCLE('',#1720,2.25);
#1368=VERTEX_POINT('',#1724);
#1369=LINE('',#1725,#1726);
#1370=VERTEX_POINT('',#1728);
#1371=CIRCLE('',#1729,2.25);
#1372=VERTEX_POINT('',#1733);
#1373=CIRCLE('',#1734,2.25);
#1374=VERTEX_POINT('',#1738);
#1375=CIRCLE('',#1739,2.25);
#1376=VERTEX_POINT('',#1743);
#1377=LINE('',#1744,#1745);
#1378=VERTEX_POINT('',#1747);
#1379=CIRCLE('',#1748,2.25);
#1380=VERTEX_POINT('',#1752);
#1381=CIRCLE('',#1753,2.4);
#1382=VERTEX_POINT('',#1757);
#1383=CIRCLE('',#1758,2.25);
#1384=VERTEX_POINT('',#1762);
#1385=LINE('',#1763,#1764);
#1386=VERTEX_POINT('',#1766);
#1387=CIRCLE('',#1767,2.25);
#1388=VERTEX_POINT('',#1771);
#1389=CIRCLE('',#1772,2.25);
#1390=VERTEX_POINT('',#1776);
#1391=CIRCLE('',#1777,2.25);
#1392=LINE('',#1781,#1782);
#1393=VERTEX_POINT('',#1784);
#1394=CIRCLE('',#1785,1.55);
#1395=VERTEX_POINT('',#1789);
#1396=CIRCLE('',#1790,1.55);
#1397=VERTEX_POINT('',#1794);
#1398=CIRCLE('',#1795,1.55);
#1399=VERTEX_POINT('',#1799);
#1400=CIRCLE('',#1800,1.55);
#1401=VERTEX_POINT('',#1804);
#1402=VERTEX_POINT('',#1805);
#1403=CIRCLE('',#1806,3.);
#1404=LINE('',#1810,#1811);
#1405=VERTEX_POINT('',#1813);
#1406=LINE('',#1814,#1815);
#1407=VERTEX_POINT('',#1817);
#1408=LINE('',#1818,#1819);
#1409=LINE('',#1821,#1822);
#1410=LINE('',#1824,#1825);
#1411=VERTEX_POINT('',#1827);
#1412=VERTEX_POINT('',#1828);
#1413=CIRCLE('',#1829,3.);
#1414=LINE('',#1833,#1834);
#1415=VERTEX_POINT('',#1836);
#1416=LINE('',#1837,#1838);
#1417=VERTEX_POINT('',#1840);
#1418=LINE('',#1841,#1842);
#1419=LINE('',#1844,#1845);
#1420=LINE('',#1847,#1848);
#1421=LINE('',#1850,#1851);
#1422=LINE('',#1853,#1854);
#1423=VERTEX_POINT('',#1856);
#1424=CIRCLE('',#1857,4.15);
#1425=LINE('',#1861,#1862);
#1426=VERTEX_POINT('',#1864);
#1427=LINE('',#1865,#1866);
#1428=LINE('',#1868,#1869);
#1429=VERTEX_POINT('',#1871);
#1430=CIRCLE('',#1872,4.15);
#1431=LINE('',#1876,#1877);
#1432=VERTEX_POINT('',#1879);
#1433=LINE('',#1880,#1881);
#1434=LINE('',#1883,#1884);
#1435=VERTEX_POINT('',#1886);
#1436=CIRCLE('',#1887,4.15);
#1437=LINE('',#1891,#1892);
#1438=VERTEX_POINT('',#1894);
#1439=LINE('',#1895,#1896);
#1440=LINE('',#1898,#1899);
#1441=CIRCLE('',#1901,4.15);
#1442=VERTEX_POINT('',#1905);
#1443=CIRCLE('',#1906,2.25);
#1444=LINE('',#1910,#1911);
#1445=VERTEX_POINT('',#1913);
#1446=LINE('',#1914,#1915);
#1447=CIRCLE('',#1917,2.25);
#1448=VERTEX_POINT('',#1921);
#1449=LINE('',#1922,#1923);
#1450=CIRCLE('',#1925,2.25);
#1451=VERTEX_POINT('',#1929);
#1452=LINE('',#1930,#1931);
#1453=VERTEX_POINT('',#1933);
#1454=LINE('',#1934,#1935);
#1455=LINE('',#1937,#1938);
#1456=VERTEX_POINT('',#1940);
#1457=CIRCLE('',#1941,2.25);
#1458=LINE('',#1945,#1946);
#1459=VERTEX_POINT('',#1948);
#1460=LINE('',#1949,#1950);
#1461=CIRCLE('',#1952,2.25);
#1462=VERTEX_POINT('',#1956);
#1463=LINE('',#1957,#1958);
#1464=CIRCLE('',#1960,2.25);
#1465=VERTEX_POINT('',#1964);
#1466=LINE('',#1965,#1966);
#1467=LINE('',#1968,#1969);
#1468=VERTEX_POINT('',#1971);
#1469=CIRCLE('',#1972,2.24999999999999);
#1470=LINE('',#1976,#1977);
#1471=VERTEX_POINT('',#1979);
#1472=CIRCLE('',#1980,2.4);
#1473=LINE('',#1984,#1985);
#1474=VERTEX_POINT('',#1987);
#1475=LINE('',#1988,#1989);
#1476=CIRCLE('',#1991,2.25);
#1477=VERTEX_POINT('',#1995);
#1478=LINE('',#1996,#1997);
#1479=LINE('',#1999,#2000);
#1480=VERTEX_POINT('',#2002);
#1481=CIRCLE('',#2003,2.25);
#1482=LINE('',#2007,#2008);
#1483=VERTEX_POINT('',#2010);
#1484=LINE('',#2011,#2012);
#1485=CIRCLE('',#2014,2.25);
#1486=CIRCLE('',#2018,2.24999999999999);
#1487=VERTEX_POINT('',#2022);
#1488=CIRCLE('',#2023,1.55);
#1489=VERTEX_POINT('',#2027);
#1490=CIRCLE('',#2028,1.55);
#1491=VERTEX_POINT('',#2032);
#1492=CIRCLE('',#2033,1.55);
#1493=VERTEX_POINT('',#2037);
#1494=CIRCLE('',#2038,1.55);
#1495=VERTEX_POINT('',#2042);
#1496=LINE('',#2043,#2044);
#1497=VERTEX_POINT('',#2046);
#1498=LINE('',#2047,#2048);
#1499=LINE('',#2050,#2051);
#1500=VERTEX_POINT('',#2053);
#1501=CIRCLE('',#2054,1.);
#1502=CIRCLE('',#2058,1.);
#1503=VERTEX_POINT('',#2062);
#1504=VERTEX_POINT('',#2063);
#1505=CIRCLE('',#2064,2.);
#1506=VERTEX_POINT('',#2068);
#1507=CIRCLE('',#2069,6.);
#1508=VERTEX_POINT('',#2073);
#1509=CIRCLE('',#2074,2.);
#1510=VERTEX_POINT('',#2078);
#1511=CIRCLE('',#2079,6.);
#1512=VERTEX_POINT('',#2083);
#1513=CIRCLE('',#2084,2.);
#1514=VERTEX_POINT('',#2088);
#1515=CIRCLE('',#2089,6.);
#1516=VERTEX_POINT('',#2093);
#1517=CIRCLE('',#2094,2.);
#1518=CIRCLE('',#2098,6.);
#1519=VERTEX_POINT('',#2102);
#1520=CIRCLE('',#2103,6.);
#1521=VERTEX_POINT('',#2107);
#1522=VERTEX_POINT('',#2108);
#1523=CIRCLE('',#2109,0.5);
#1524=VERTEX_POINT('',#2113);
#1525=LINE('',#2114,#2115);
#1526=VERTEX_POINT('',#2117);
#1527=CIRCLE('',#2118,0.5);
#1528=VERTEX_POINT('',#2122);
#1529=LINE('',#2123,#2124);
#1530=VERTEX_POINT('',#2126);
#1531=CIRCLE('',#2127,0.5);
#1532=VERTEX_POINT('',#2131);
#1533=LINE('',#2132,#2133);
#1534=VERTEX_POINT('',#2135);
#1535=CIRCLE('',#2136,0.5);
#1536=LINE('',#2140,#2141);
#1537=VERTEX_POINT('',#2143);
#1538=CIRCLE('',#2144,1.);
#1539=VERTEX_POINT('',#2148);
#1540=CIRCLE('',#2149,1.);
#1541=VERTEX_POINT('',#2153);
#1542=CIRCLE('',#2154,1.);
#1543=VERTEX_POINT('',#2158);
#1544=CIRCLE('',#2159,1.);
#1545=VERTEX_POINT('',#2163);
#1546=CIRCLE('',#2164,1.);
#1547=VERTEX_POINT('',#2168);
#1548=CIRCLE('',#2169,1.);
#1549=VERTEX_POINT('',#2173);
#1550=CIRCLE('',#2174,1.);
#1551=VERTEX_POINT('',#2178);
#1552=CIRCLE('',#2179,1.);
#1553=VERTEX_POINT('',#2183);
#1554=CIRCLE('',#2184,3.55);
#1555=LINE('',#2188,#2189);
#1556=VERTEX_POINT('',#2191);
#1557=LINE('',#2192,#2193);
#1558=LINE('',#2195,#2196);
#1559=VERTEX_POINT('',#2198);
#1560=CIRCLE('',#2199,3.55);
#1561=LINE('',#2203,#2204);
#1562=VERTEX_POINT('',#2206);
#1563=LINE('',#2207,#2208);
#1564=LINE('',#2210,#2211);
#1565=VERTEX_POINT('',#2213);
#1566=CIRCLE('',#2214,3.55);
#1567=LINE('',#2218,#2219);
#1568=VERTEX_POINT('',#2221);
#1569=LINE('',#2222,#2223);
#1570=LINE('',#2225,#2226);
#1571=CIRCLE('',#2228,3.55);
#1572=VERTEX_POINT('',#2232);
#1573=CIRCLE('',#2233,3.);
#1574=VERTEX_POINT('',#2237);
#1575=VERTEX_POINT('',#2238);
#1576=CIRCLE('',#2239,0.5);
#1577=VERTEX_POINT('',#2243);
#1578=LINE('',#2244,#2245);
#1579=VERTEX_POINT('',#2247);
#1580=CIRCLE('',#2248,0.5);
#1581=VERTEX_POINT('',#2252);
#1582=LINE('',#2253,#2254);
#1583=VERTEX_POINT('',#2256);
#1584=CIRCLE('',#2257,0.5);
#1585=VERTEX_POINT('',#2261);
#1586=LINE('',#2262,#2263);
#1587=VERTEX_POINT('',#2265);
#1588=CIRCLE('',#2266,0.5);
#1589=LINE('',#2270,#2271);
#1590=VERTEX_POINT('',#2273);
#1591=CIRCLE('',#2274,1.);
#1592=VERTEX_POINT('',#2278);
#1593=CIRCLE('',#2279,1.);
#1594=VERTEX_POINT('',#2283);
#1595=CIRCLE('',#2284,1.);
#1596=VERTEX_POINT('',#2288);
#1597=CIRCLE('',#2289,1.);
#1598=VERTEX_POINT('',#2293);
#1599=CIRCLE('',#2294,1.);
#1600=VERTEX_POINT('',#2298);
#1601=CIRCLE('',#2299,1.);
#1602=VERTEX_POINT('',#2303);
#1603=CIRCLE('',#2304,1.);
#1604=VERTEX_POINT('',#2308);
#1605=CIRCLE('',#2309,1.);
#1606=VERTEX_POINT('',#2313);
#1607=CIRCLE('',#2314,1.);
#1608=VERTEX_POINT('',#2318);
#1609=CIRCLE('',#2319,3.);
#1610=VERTEX_POINT('',#2323);
#1611=CIRCLE('',#2324,3.);
#1612=VERTEX_POINT('',#2328);
#1613=CIRCLE('',#2329,3.);
#1614=VERTEX_POINT('',#2333);
#1615=LINE('',#2334,#2335);
#1616=VERTEX_POINT('',#2337);
#1617=LINE('',#2338,#2339);
#1618=CIRCLE('',#2341,2.);
#1619=VERTEX_POINT('',#2345);
#1620=CIRCLE('',#2346,6.);
#1621=LINE('',#2350,#2351);
#1622=VERTEX_POINT('',#2353);
#1623=LINE('',#2354,#2355);
#1624=CIRCLE('',#2357,2.);
#1625=VERTEX_POINT('',#2361);
#1626=LINE('',#2362,#2363);
#1627=CIRCLE('',#2365,6.);
#1628=VERTEX_POINT('',#2369);
#1629=CIRCLE('',#2370,2.);
#1630=LINE('',#2374,#2375);
#1631=VERTEX_POINT('',#2377);
#1632=LINE('',#2378,#2379);
#1633=CIRCLE('',#2381,6.);
#1634=VERTEX_POINT('',#2385);
#1635=CIRCLE('',#2386,1.99999999999999);
#1636=LINE('',#2390,#2391);
#1637=CIRCLE('',#2393,6.);
#1638=VERTEX_POINT('',#2397);
#1639=CIRCLE('',#2398,6.);
#1640=LINE('',#2402,#2403);
#1641=LINE('',#2405,#2406);
#1642=LINE('',#2408,#2409);
#1643=LINE('',#2411,#2412);
#1644=LINE('',#2414,#2415);
#1645=LINE('',#2417,#2418);
#1646=LINE('',#2420,#2421);
#1647=LINE('',#2423,#2424);
#1648=VERTEX_POINT('',#2426);
#1649=CIRCLE('',#2427,3.);
#1650=VERTEX_POINT('',#2431);
#1651=CIRCLE('',#2432,3.);
#1652=VERTEX_POINT('',#2436);
#1653=CIRCLE('',#2437,3.);
#1654=VERTEX_POINT('',#2441);
#1655=CIRCLE('',#2442,3.);
#1656=CARTESIAN_POINT('',(3.,12.,35.));
#1657=CARTESIAN_POINT('',(3.,12.,37.));
#1658=CARTESIAN_POINT('',(3.,12.,37.));
#1659=VECTOR('',#1660,1.);
#1660=DIRECTION('',(-2.22044604925031E-16,0.,-1.));
#1661=CARTESIAN_POINT('',(22.85,12.,37.));
#1662=CARTESIAN_POINT('',(3.,12.,37.));
#1663=VECTOR('',#1664,1.);
#1664=DIRECTION('',(1.,0.,0.));
#1665=CARTESIAN_POINT('',(27.,12.,32.85));
#1666=AXIS2_PLACEMENT_3D('',#1667,#1668,#1669);
#1667=CARTESIAN_POINT('',(22.85,12.,32.85));
#1668=DIRECTION('',(0.,1.,6.12323399573677E-17));
#1669=DIRECTION('',(8.56075585253132E-16,-6.12323399573677E-17,1.));
#1670=CARTESIAN_POINT('',(27.,12.,-32.85));
#1671=CARTESIAN_POINT('',(27.,12.,32.85));
#1672=VECTOR('',#1673,1.);
#1673=DIRECTION('',(1.62224368895E-16,5.40747896316667E-17,-1.));
#1674=CARTESIAN_POINT('',(22.85,12.,-37.));
#1675=AXIS2_PLACEMENT_3D('',#1676,#1677,#1678);
#1676=CARTESIAN_POINT('',(22.85,12.,-32.85));
#1677=DIRECTION('',(0.,1.,6.12323399573677E-17));
#1678=DIRECTION('',(1.,2.09678045061689E-31,-3.42430234101253E-15));
#1679=CARTESIAN_POINT('',(-22.85,12.,-37.));
#1680=CARTESIAN_POINT('',(22.85,12.,-37.));
#1681=VECTOR('',#1682,1.);
#1682=DIRECTION('',(-1.,0.,1.55479810888425E-16));
#1683=CARTESIAN_POINT('',(-27.,12.,-32.85));
#1684=AXIS2_PLACEMENT_3D('',#1685,#1686,#1687);
#1685=CARTESIAN_POINT('',(-22.85,12.,-32.85));
#1686=DIRECTION('',(0.,1.,6.12323399573677E-17));
#1687=DIRECTION('',(0.,6.12323399573677E-17,-1.));
#1688=CARTESIAN_POINT('',(-27.,12.,32.85));
#1689=CARTESIAN_POINT('',(-27.,12.,-32.85));
#1690=VECTOR('',#1691,1.);
#1691=DIRECTION('',(-5.40747896316667E-17,-5.40747896316667E-17,1.));
#1692=CARTESIAN_POINT('',(-22.85,12.,37.));
#1693=AXIS2_PLACEMENT_3D('',#1694,#1695,#1696);
#1694=CARTESIAN_POINT('',(-22.85,12.,32.85));
#1695=DIRECTION('',(0.,1.,6.12323399573677E-17));
#1696=DIRECTION('',(-1.,-1.04839022530845E-31,1.71215117050627E-15));
#1697=CARTESIAN_POINT('',(-3.,12.,37.));
#1698=CARTESIAN_POINT('',(-22.85,12.,37.));
#1699=VECTOR('',#1700,1.);
#1700=DIRECTION('',(1.,0.,-3.57956038166297E-16));
#1701=CARTESIAN_POINT('',(-3.,12.,35.));
#1702=CARTESIAN_POINT('',(-3.,12.,35.));
#1703=VECTOR('',#1704,1.);
#1704=DIRECTION('',(2.22044604925031E-16,0.,1.));
#1705=CARTESIAN_POINT('',(-18.3511112483192,12.,35.));
#1706=CARTESIAN_POINT('',(-3.,12.,35.));
#1707=VECTOR('',#1708,1.);
#1708=DIRECTION('',(-1.,0.,0.));
#1709=CARTESIAN_POINT('',(-20.6005556241596,12.,32.8));
#1710=AXIS2_PLACEMENT_3D('',#1711,#1712,#1713);
#1711=CARTESIAN_POINT('',(-18.3511112483192,12.,32.75));
#1712=DIRECTION('',(0.,-1.,-6.12323399573677E-17));
#1713=DIRECTION('',(-3.15796771448934E-15,-6.12323399573677E-17,1.));
#1714=CARTESIAN_POINT('',(-22.8,12.,30.6005556241596));
#1715=AXIS2_PLACEMENT_3D('',#1716,#1717,#1718);
#1716=CARTESIAN_POINT('',(-22.85,12.,32.85));
#1717=DIRECTION('',(0.,1.,6.12323399573677E-17));
#1718=DIRECTION('',(0.999753055929066,1.3607186657192E-18,-0.022222222222221));
#1719=CARTESIAN_POINT('',(-25.,12.,28.3511112483192));
#1720=AXIS2_PLACEMENT_3D('',#1721,#1722,#1723);
#1721=CARTESIAN_POINT('',(-22.75,12.,28.3511112483192));
#1722=DIRECTION('',(1.92592994438724E-34,-1.,-6.12323399573677E-17));
#1723=DIRECTION('',(-0.022222222222221,-6.12172189940658E-17,0.999753055929066));
#1724=CARTESIAN_POINT('',(-25.,12.,-28.3511112483192));
#1725=CARTESIAN_POINT('',(-25.,12.,28.3511112483192));
#1726=VECTOR('',#1727,1.);
#1727=DIRECTION('',(-1.25311267261565E-16,9.3983450446174E-17,-1.));
#1728=CARTESIAN_POINT('',(-22.8,12.,-30.6005556241596));
#1729=AXIS2_PLACEMENT_3D('',#1730,#1731,#1732);
#1730=CARTESIAN_POINT('',(-22.75,12.,-28.3511112483192));
#1731=DIRECTION('',(1.92592994438724E-34,-1.,-6.12323399573677E-17));
#1732=DIRECTION('',(-1.,-2.90247221996442E-31,4.73695157173399E-15));
#1733=CARTESIAN_POINT('',(-20.6005556241596,12.,-32.8));
#1734=AXIS2_PLACEMENT_3D('',#1735,#1736,#1737);
#1735=CARTESIAN_POINT('',(-22.85,12.,-32.85));
#1736=DIRECTION('',(0.,1.,6.12323399573677E-17));
#1737=DIRECTION('',(0.022222222222221,-6.12172189940658E-17,0.999753055929066));
#1738=CARTESIAN_POINT('',(-18.3511112483192,12.,-35.));
#1739=AXIS2_PLACEMENT_3D('',#1740,#1741,#1742);
#1740=CARTESIAN_POINT('',(-18.3511112483192,12.,-32.75));
#1741=DIRECTION('',(1.92592994438724E-34,-1.,-6.12323399573677E-17));
#1742=DIRECTION('',(-0.999753055929066,1.3607186657194E-18,-0.0222222222222241));
#1743=CARTESIAN_POINT('',(18.2010753931689,12.,-35.));
#1744=CARTESIAN_POINT('',(-18.3511112483192,12.,-35.));
#1745=VECTOR('',#1746,1.);
#1746=DIRECTION('',(1.,0.,0.));
#1747=CARTESIAN_POINT('',(20.4505550416356,12.,-32.7983870967742));
#1748=AXIS2_PLACEMENT_3D('',#1749,#1750,#1751);
#1749=CARTESIAN_POINT('',(18.2010753931689,12.,-32.75));
#1750=DIRECTION('',(1.92592994438724E-34,-1.,-6.12323399573677E-17));
#1751=DIRECTION('',(-1.17929197088793E-50,6.12323399573677E-17,-1.));
#1752=CARTESIAN_POINT('',(22.7983870967742,12.,-30.4505550416355));
#1753=AXIS2_PLACEMENT_3D('',#1754,#1755,#1756);
#1754=CARTESIAN_POINT('',(22.85,12.,-32.85));
#1755=DIRECTION('',(0.,1.,6.12323399573677E-17));
#1756=DIRECTION('',(-0.999768732651856,-1.31682451521228E-18,0.0215053763440872));
#1757=CARTESIAN_POINT('',(25.,12.,-28.2010753931689));
#1758=AXIS2_PLACEMENT_3D('',#1759,#1760,#1761);
#1759=CARTESIAN_POINT('',(22.75,12.,-28.2010753931689));
#1760=DIRECTION('',(1.92592994438724E-34,-1.,-6.12323399573677E-17));
#1761=DIRECTION('',(0.0215053763440886,6.12181789164851E-17,-0.999768732651856));
#1762=CARTESIAN_POINT('',(25.,12.,28.3511112483192));
#1763=CARTESIAN_POINT('',(25.,12.,-28.2010753931689));
#1764=VECTOR('',#1765,1.);
#1765=DIRECTION('',(0.,-6.28218622442115E-17,1.));
#1766=CARTESIAN_POINT('',(22.8,12.,30.6005556241596));
#1767=AXIS2_PLACEMENT_3D('',#1768,#1769,#1770);
#1768=CARTESIAN_POINT('',(22.75,12.,28.3511112483192));
#1769=DIRECTION('',(0.,-1.,-6.12323399573677E-17));
#1770=DIRECTION('',(1.,0.,0.));
#1771=CARTESIAN_POINT('',(20.6005556241596,12.,32.8));
#1772=AXIS2_PLACEMENT_3D('',#1773,#1774,#1775);
#1773=CARTESIAN_POINT('',(22.85,12.,32.85));
#1774=DIRECTION('',(0.,1.,6.12323399573677E-17));
#1775=DIRECTION('',(-0.022222222222221,6.12172189940658E-17,-0.999753055929066));
#1776=CARTESIAN_POINT('',(18.3511112483192,12.,35.));
#1777=AXIS2_PLACEMENT_3D('',#1778,#1779,#1780);
#1778=CARTESIAN_POINT('',(18.3511112483192,12.,32.75));
#1779=DIRECTION('',(3.85185988877447E-34,-1.,-6.12323399573677E-17));
#1780=DIRECTION('',(0.999753055929066,-1.3607186657192E-18,0.022222222222221));
#1781=CARTESIAN_POINT('',(18.3511112483192,12.,35.));
#1782=VECTOR('',#1783,1.);
#1783=DIRECTION('',(-1.,0.,0.));
#1784=CARTESIAN_POINT('',(22.85,12.,31.3));
#1785=AXIS2_PLACEMENT_3D('',#1786,#1787,#1788);
#1786=CARTESIAN_POINT('',(22.85,12.,32.85));
#1787=DIRECTION('',(0.,1.,6.12323399573677E-17));
#1788=DIRECTION('',(6.12323399573677E-17,6.12323399573676E-17,-1.));
#1789=CARTESIAN_POINT('',(-22.85,12.,-34.4));
#1790=AXIS2_PLACEMENT_3D('',#1791,#1792,#1793);
#1791=CARTESIAN_POINT('',(-22.85,12.,-32.85));
#1792=DIRECTION('',(0.,1.,6.12323399573677E-17));
#1793=DIRECTION('',(6.12323399573677E-17,6.12323399573677E-17,-1.));
#1794=CARTESIAN_POINT('',(-22.85,12.,31.3));
#1795=AXIS2_PLACEMENT_3D('',#1796,#1797,#1798);
#1796=CARTESIAN_POINT('',(-22.85,12.,32.85));
#1797=DIRECTION('',(0.,1.,6.12323399573677E-17));
#1798=DIRECTION('',(6.12323399573677E-17,6.12323399573676E-17,-1.));
#1799=CARTESIAN_POINT('',(22.85,12.,-34.4));
#1800=AXIS2_PLACEMENT_3D('',#1801,#1802,#1803);
#1801=CARTESIAN_POINT('',(22.85,12.,-32.85));
#1802=DIRECTION('',(0.,1.,6.12323399573677E-17));
#1803=DIRECTION('',(6.12323399573677E-17,6.12323399573677E-17,-1.));
#1804=CARTESIAN_POINT('',(3.,8.,37.));
#1805=CARTESIAN_POINT('',(-3.,8.,37.));
#1806=AXIS2_PLACEMENT_3D('',#1807,#1808,#1809);
#1807=CARTESIAN_POINT('',(0.,8.,37.));
#1808=DIRECTION('',(1.31581988103722E-16,0.,1.));
#1809=DIRECTION('',(-1.,0.,1.31581988103722E-16));
#1810=CARTESIAN_POINT('',(-3.,12.,37.));
#1811=VECTOR('',#1812,1.);
#1812=DIRECTION('',(-2.22044604925031E-16,-1.,0.));
#1813=CARTESIAN_POINT('',(-22.85,-0.800000000000002,37.));
#1814=CARTESIAN_POINT('',(-22.85,-0.800000000000002,37.));
#1815=VECTOR('',#1816,1.);
#1816=DIRECTION('',(0.,1.,0.));
#1817=CARTESIAN_POINT('',(22.85,-0.800000000000002,37.));
#1818=CARTESIAN_POINT('',(22.85,-0.800000000000002,37.));
#1819=VECTOR('',#1820,1.);
#1820=DIRECTION('',(-1.,2.42937204513163E-18,1.55479810888425E-16));
#1821=CARTESIAN_POINT('',(22.85,-0.800000000000002,37.));
#1822=VECTOR('',#1823,1.);
#1823=DIRECTION('',(5.55111512312578E-16,1.,0.));
#1824=CARTESIAN_POINT('',(3.,8.,37.));
#1825=VECTOR('',#1826,1.);
#1826=DIRECTION('',(6.66133814775094E-16,1.,0.));
#1827=CARTESIAN_POINT('',(-3.,8.,35.));
#1828=CARTESIAN_POINT('',(3.,8.,35.));
#1829=AXIS2_PLACEMENT_3D('',#1830,#1831,#1832);
#1830=CARTESIAN_POINT('',(0.,8.,35.));
#1831=DIRECTION('',(0.,0.,1.));
#1832=DIRECTION('',(-1.,0.,0.));
#1833=CARTESIAN_POINT('',(3.,12.,35.));
#1834=VECTOR('',#1835,1.);
#1835=DIRECTION('',(-1.11022302462516E-16,-1.,0.));
#1836=CARTESIAN_POINT('',(18.3511112483192,-3.50117091163887E-15,35.));
#1837=CARTESIAN_POINT('',(18.3511112483192,-5.0683688379045E-15,35.));
#1838=VECTOR('',#1839,1.);
#1839=DIRECTION('',(-2.96059473233375E-16,1.,0.));
#1840=CARTESIAN_POINT('',(-18.3511112483192,-3.50117091163887E-15,35.));
#1841=CARTESIAN_POINT('',(18.3511112483192,-2.14313189850787E-15,35.));
#1842=VECTOR('',#1843,1.);
#1843=DIRECTION('',(-1.,0.,0.));
#1844=CARTESIAN_POINT('',(-18.3511112483192,-5.0683688379045E-15,35.));
#1845=VECTOR('',#1846,1.);
#1846=DIRECTION('',(2.96059473233375E-16,1.,0.));
#1847=CARTESIAN_POINT('',(-3.,8.,35.));
#1848=VECTOR('',#1849,1.);
#1849=DIRECTION('',(1.11022302462516E-16,1.,0.));
#1850=CARTESIAN_POINT('',(-3.,8.,35.));
#1851=VECTOR('',#1852,1.);
#1852=DIRECTION('',(4.44089209850063E-16,0.,1.));
#1853=CARTESIAN_POINT('',(3.,8.,35.));
#1854=VECTOR('',#1855,1.);
#1855=DIRECTION('',(4.44089209850063E-16,0.,1.));
#1856=CARTESIAN_POINT('',(27.,-0.800000000000002,32.85));
#1857=AXIS2_PLACEMENT_3D('',#1858,#1859,#1860);
#1858=CARTESIAN_POINT('',(22.85,-0.800000000000001,32.85));
#1859=DIRECTION('',(0.,-1.,0.));
#1860=DIRECTION('',(1.,0.,1.71215117050626E-15));
#1861=CARTESIAN_POINT('',(27.,-0.800000000000002,32.85));
#1862=VECTOR('',#1863,1.);
#1863=DIRECTION('',(0.,1.,0.));
#1864=CARTESIAN_POINT('',(27.,-0.799999999999998,-32.85));
#1865=CARTESIAN_POINT('',(27.,-0.799999999999998,-32.85));
#1866=VECTOR('',#1867,1.);
#1867=DIRECTION('',(-1.62224368895E-16,-6.0834138335625E-17,1.));
#1868=CARTESIAN_POINT('',(27.,-0.799999999999998,-32.85));
#1869=VECTOR('',#1870,1.);
#1870=DIRECTION('',(0.,1.,-1.11022302462516E-15));
#1871=CARTESIAN_POINT('',(22.85,-0.799999999999997,-37.));
#1872=AXIS2_PLACEMENT_3D('',#1873,#1874,#1875);
#1873=CARTESIAN_POINT('',(22.85,-0.799999999999997,-32.85));
#1874=DIRECTION('',(0.,-1.,0.));
#1875=DIRECTION('',(-8.56075585253133E-16,0.,-1.));
#1876=CARTESIAN_POINT('',(22.85,-0.799999999999997,-37.));
#1877=VECTOR('',#1878,1.);
#1878=DIRECTION('',(0.,1.,0.));
#1879=CARTESIAN_POINT('',(-22.85,-0.799999999999998,-37.));
#1880=CARTESIAN_POINT('',(-22.85,-0.799999999999998,-37.));
#1881=VECTOR('',#1882,1.);
#1882=DIRECTION('',(1.,2.42937204513163E-18,-1.55479810888425E-16));
#1883=CARTESIAN_POINT('',(-22.85,-0.799999999999999,-37.));
#1884=VECTOR('',#1885,1.);
#1885=DIRECTION('',(-5.55111512312578E-16,1.,0.));
#1886=CARTESIAN_POINT('',(-27.,-0.799999999999998,-32.85));
#1887=AXIS2_PLACEMENT_3D('',#1888,#1889,#1890);
#1888=CARTESIAN_POINT('',(-22.85,-0.799999999999997,-32.85));
#1889=DIRECTION('',(1.52476981922768E-16,-1.,4.37905770101505E-47));
#1890=DIRECTION('',(-1.,-1.52476981922768E-16,-1.71215117050627E-15));
#1891=CARTESIAN_POINT('',(-27.,-0.799999999999997,-32.85));
#1892=VECTOR('',#1893,1.);
#1893=DIRECTION('',(0.,1.,0.));
#1894=CARTESIAN_POINT('',(-27.,-0.800000000000002,32.85));
#1895=CARTESIAN_POINT('',(-27.,-0.800000000000002,32.85));
#1896=VECTOR('',#1897,1.);
#1897=DIRECTION('',(5.40747896316666E-17,6.0834138335625E-17,-1.));
#1898=CARTESIAN_POINT('',(-27.,-0.800000000000002,32.85));
#1899=VECTOR('',#1900,1.);
#1900=DIRECTION('',(0.,1.,0.));
#1901=AXIS2_PLACEMENT_3D('',#1902,#1903,#1904);
#1902=CARTESIAN_POINT('',(-22.85,-0.800000000000001,32.85));
#1903=DIRECTION('',(0.,-1.,0.));
#1904=DIRECTION('',(8.56075585253133E-16,0.,1.));
#1905=CARTESIAN_POINT('',(-20.6005556241596,-3.59640065047226E-15,32.8));
#1906=AXIS2_PLACEMENT_3D('',#1907,#1908,#1909);
#1907=CARTESIAN_POINT('',(-18.3511112483192,-2.00535913360379E-15,32.75));
#1908=DIRECTION('',(0.,1.,6.12323399573677E-17));
#1909=DIRECTION('',(-0.999753055929066,-1.3607186657192E-18,0.022222222222221));
#1910=CARTESIAN_POINT('',(-20.6005556241596,-4.89500061462707E-15,32.8));
#1911=VECTOR('',#1912,1.);
#1912=DIRECTION('',(0.,1.,0.));
#1913=CARTESIAN_POINT('',(-22.8,-1.841281363042E-15,30.6005556241596));
#1914=CARTESIAN_POINT('',(-22.8,-1.87374362486288E-15,30.6005556241596));
#1915=VECTOR('',#1916,1.);
#1916=DIRECTION('',(0.,1.,0.));
#1917=AXIS2_PLACEMENT_3D('',#1918,#1919,#1920);
#1918=CARTESIAN_POINT('',(-22.85,-2.01148236759953E-15,32.85));
#1919=DIRECTION('',(0.,1.,6.12323399573677E-17));
#1920=DIRECTION('',(0.999753055929066,1.3607186657192E-18,-0.022222222222221));
#1921=CARTESIAN_POINT('',(-25.,-1.7494555345509E-15,28.3511112483192));
#1922=CARTESIAN_POINT('',(-25.,-1.75618086076324E-15,28.3511112483192));
#1923=VECTOR('',#1924,1.);
#1924=DIRECTION('',(0.,1.,0.));
#1925=AXIS2_PLACEMENT_3D('',#1926,#1927,#1928);
#1926=CARTESIAN_POINT('',(-22.75,-1.73600488212623E-15,28.3511112483192));
#1927=DIRECTION('',(-1.92592994438724E-34,1.,6.12323399573677E-17));
#1928=DIRECTION('',(-1.,-9.68774693284399E-32,1.57898385724467E-15));
#1929=CARTESIAN_POINT('',(-25.,-6.12323399573681E-17,1.00000000000001));
#1930=CARTESIAN_POINT('',(-25.,-1.73600488212623E-15,28.3511112483192));
#1931=VECTOR('',#1932,1.);
#1932=DIRECTION('',(-1.29892845908366E-16,6.12323399573677E-17,-1.));
#1933=CARTESIAN_POINT('',(-25.,9.35291983159123E-16,-28.3511112483192));
#1934=CARTESIAN_POINT('',(-25.,-6.12323399573681E-17,1.00000000000001));
#1935=VECTOR('',#1936,1.);
#1936=DIRECTION('',(0.,6.12323399573677E-17,-1.));
#1937=CARTESIAN_POINT('',(-25.,2.01868626288022E-16,-28.3511112483192));
#1938=VECTOR('',#1939,1.);
#1939=DIRECTION('',(0.,1.,8.88178419700125E-16));
#1940=CARTESIAN_POINT('',(-22.8,1.30467356780651E-15,-30.6005556241596));
#1941=AXIS2_PLACEMENT_3D('',#1942,#1943,#1944);
#1942=CARTESIAN_POINT('',(-22.75,1.73600488212623E-15,-28.3511112483192));
#1943=DIRECTION('',(-1.92592994438724E-34,1.,6.12323399573677E-17));
#1944=DIRECTION('',(-0.0222222222222225,6.12172189940658E-17,-0.999753055929066));
#1945=CARTESIAN_POINT('',(-22.8,4.30453692850177E-16,-30.6005556241596));
#1946=VECTOR('',#1947,1.);
#1947=DIRECTION('',(0.,1.,2.96059473233375E-16));
#1948=CARTESIAN_POINT('',(-20.6005556241596,1.93106611353452E-15,-32.8));
#1949=CARTESIAN_POINT('',(-20.6005556241596,2.00842075060166E-15,-32.8));
#1950=VECTOR('',#1951,1.);
#1951=DIRECTION('',(0.,1.,0.));
#1952=AXIS2_PLACEMENT_3D('',#1953,#1954,#1955);
#1953=CARTESIAN_POINT('',(-22.85,2.01148236759953E-15,-32.85));
#1954=DIRECTION('',(0.,1.,6.12323399573677E-17));
#1955=DIRECTION('',(0.022222222222221,-6.12172189940658E-17,0.999753055929066));
#1956=CARTESIAN_POINT('',(-18.3511112483192,2.09488841378034E-15,-35.));
#1957=CARTESIAN_POINT('',(-18.3511112483192,2.18178897387909E-15,-35.));
#1958=VECTOR('',#1959,1.);
#1959=DIRECTION('',(0.,1.,0.));
#1960=AXIS2_PLACEMENT_3D('',#1961,#1962,#1963);
#1961=CARTESIAN_POINT('',(-18.3511112483192,2.00535913360379E-15,-32.75));
#1962=DIRECTION('',(0.,1.,6.12323399573677E-17));
#1963=DIRECTION('',(0.,6.12323399573677E-17,-1.));
#1964=CARTESIAN_POINT('',(18.2010753931689,2.020873545472E-15,-35.));
#1965=CARTESIAN_POINT('',(-18.3511112483192,2.14313189850787E-15,-35.));
#1966=VECTOR('',#1967,1.);
#1967=DIRECTION('',(1.,0.,0.));
#1968=CARTESIAN_POINT('',(18.2010753931689,1.95974436895406E-15,-35.));
#1969=VECTOR('',#1970,1.);
#1970=DIRECTION('',(0.,1.,0.));
#1971=CARTESIAN_POINT('',(20.4505550416356,1.93100027230876E-15,-32.7983870967742));
#1972=AXIS2_PLACEMENT_3D('',#1973,#1974,#1975);
#1973=CARTESIAN_POINT('',(18.2010753931689,2.00535913360379E-15,-32.75));
#1974=DIRECTION('',(-3.85185988877447E-34,1.,6.12323399573677E-17));
#1975=DIRECTION('',(0.999768732651856,1.31682451521217E-18,-0.0215053763440855));
#1976=CARTESIAN_POINT('',(20.4505550416355,2.00832198876302E-15,-32.7983870967742));
#1977=VECTOR('',#1978,1.);
#1978=DIRECTION('',(0.,1.,0.));
#1979=CARTESIAN_POINT('',(22.7983870967742,1.83515810526673E-15,-30.4505550416355));
#1980=AXIS2_PLACEMENT_3D('',#1981,#1982,#1983);
#1981=CARTESIAN_POINT('',(22.85,2.01148236759953E-15,-32.85));
#1982=DIRECTION('',(0.,1.,6.12323399573677E-17));
#1983=DIRECTION('',(-0.999768732651856,-1.31682451521228E-18,0.0215053763440872));
#1984=CARTESIAN_POINT('',(22.7983870967742,1.86455873819996E-15,-30.4505550416355));
#1985=VECTOR('',#1986,1.);
#1986=DIRECTION('',(0.,1.,0.));
#1987=CARTESIAN_POINT('',(25.,1.743330836892E-15,-28.2010753931689));
#1988=CARTESIAN_POINT('',(25.,1.75158733751906E-15,-28.2010753931689));
#1989=VECTOR('',#1990,1.);
#1990=DIRECTION('',(0.,1.,0.));
#1991=AXIS2_PLACEMENT_3D('',#1992,#1993,#1994);
#1992=CARTESIAN_POINT('',(22.75,1.72681783563787E-15,-28.2010753931689));
#1993=DIRECTION('',(-1.92592994438724E-34,1.,6.12323399573677E-17));
#1994=DIRECTION('',(1.,1.92592994438724E-34,-5.35529587224333E-48));
#1995=CARTESIAN_POINT('',(25.,-1.7494555345509E-15,28.3511112483192));
#1996=CARTESIAN_POINT('',(25.,-1.75618086076324E-15,28.3511112483192));
#1997=VECTOR('',#1998,1.);
#1998=DIRECTION('',(0.,1.,0.));
#1999=CARTESIAN_POINT('',(25.,1.72681783563787E-15,-28.2010753931689));
#2000=VECTOR('',#2001,1.);
#2001=DIRECTION('',(0.,-6.12323399573677E-17,1.));
#2002=CARTESIAN_POINT('',(22.8,-1.841281363042E-15,30.6005556241596));
#2003=AXIS2_PLACEMENT_3D('',#2004,#2005,#2006);
#2004=CARTESIAN_POINT('',(22.75,-1.73600488212623E-15,28.3511112483192));
#2005=DIRECTION('',(-1.92592994438724E-34,1.,6.12323399573677E-17));
#2006=DIRECTION('',(0.0222222222222225,-6.12172189940658E-17,0.999753055929066));
#2007=CARTESIAN_POINT('',(22.8,-1.87374362486288E-15,30.6005556241596));
#2008=VECTOR('',#2009,1.);
#2009=DIRECTION('',(0.,1.,0.));
#2010=CARTESIAN_POINT('',(20.6005556241596,-3.59640065047226E-15,32.8));
#2011=CARTESIAN_POINT('',(20.6005556241596,-4.89500061462707E-15,32.8));
#2012=VECTOR('',#2013,1.);
#2013=DIRECTION('',(0.,1.,0.));
#2014=AXIS2_PLACEMENT_3D('',#2015,#2016,#2017);
#2015=CARTESIAN_POINT('',(22.85,-2.01148236759953E-15,32.85));
#2016=DIRECTION('',(0.,1.,6.12323399573677E-17));
#2017=DIRECTION('',(-0.022222222222221,6.12172189940658E-17,-0.999753055929066));
#2018=AXIS2_PLACEMENT_3D('',#2019,#2020,#2021);
#2019=CARTESIAN_POINT('',(18.3511112483192,-2.00535913360379E-15,32.75));
#2020=DIRECTION('',(-1.92592994438724E-34,1.,6.12323399573677E-17));
#2021=DIRECTION('',(1.47708831600708E-65,-6.12323399573677E-17,1.));
#2022=CARTESIAN_POINT('',(22.85,-1.91657224066561E-15,31.3));
#2023=AXIS2_PLACEMENT_3D('',#2024,#2025,#2026);
#2024=CARTESIAN_POINT('',(22.85,-2.01148236759953E-15,32.85));
#2025=DIRECTION('',(0.,1.,6.12323399573677E-17));
#2026=DIRECTION('',(6.12323399573677E-17,6.12323399573676E-17,-1.));
#2027=CARTESIAN_POINT('',(-22.85,2.10639249453345E-15,-34.4));
#2028=AXIS2_PLACEMENT_3D('',#2029,#2030,#2031);
#2029=CARTESIAN_POINT('',(-22.85,2.01148236759953E-15,-32.85));
#2030=DIRECTION('',(0.,1.,6.12323399573677E-17));
#2031=DIRECTION('',(6.12323399573677E-17,6.12323399573677E-17,-1.));
#2032=CARTESIAN_POINT('',(-22.85,-1.91657224066561E-15,31.3));
#2033=AXIS2_PLACEMENT_3D('',#2034,#2035,#2036);
#2034=CARTESIAN_POINT('',(-22.85,-2.01148236759953E-15,32.85));
#2035=DIRECTION('',(0.,1.,6.12323399573677E-17));
#2036=DIRECTION('',(6.12323399573677E-17,6.12323399573676E-17,-1.));
#2037=CARTESIAN_POINT('',(22.85,2.10639249453345E-15,-34.4));
#2038=AXIS2_PLACEMENT_3D('',#2039,#2040,#2041);
#2039=CARTESIAN_POINT('',(22.85,2.01148236759953E-15,-32.85));
#2040=DIRECTION('',(0.,1.,6.12323399573677E-17));
#2041=DIRECTION('',(6.12323399573677E-17,6.12323399573677E-17,-1.));
#2042=CARTESIAN_POINT('',(-22.85,-1.4,36.4));
#2043=CARTESIAN_POINT('',(-22.85,-0.800000000000002,37.));
#2044=VECTOR('',#2045,1.);
#2045=DIRECTION('',(0.,-0.707106781186548,-0.707106781186547));
#2046=CARTESIAN_POINT('',(22.85,-1.4,36.4));
#2047=CARTESIAN_POINT('',(22.85,-1.4,36.4));
#2048=VECTOR('',#2049,1.);
#2049=DIRECTION('',(-1.,0.,0.));
#2050=CARTESIAN_POINT('',(22.85,-1.4,36.4));
#2051=VECTOR('',#2052,1.);
#2052=DIRECTION('',(0.,0.707106781186552,0.707106781186543));
#2053=CARTESIAN_POINT('',(-24.,0.,2.));
#2054=AXIS2_PLACEMENT_3D('',#2055,#2056,#2057);
#2055=CARTESIAN_POINT('',(-24.,-6.12323399573679E-17,1.));
#2056=DIRECTION('',(0.,-1.,-6.12323399573677E-17));
#2057=DIRECTION('',(0.,-6.12323399573677E-17,1.));
#2058=AXIS2_PLACEMENT_3D('',#2059,#2060,#2061);
#2059=CARTESIAN_POINT('',(-24.,-6.12323399573679E-17,1.));
#2060=DIRECTION('',(0.,-1.,-6.12323399573677E-17));
#2061=DIRECTION('',(-1.,-2.17540971751503E-31,3.5527136788005E-15));
#2062=CARTESIAN_POINT('',(11.8162515012012,-1.48949233874165E-15,17.45));
#2063=CARTESIAN_POINT('',(11.8162515012012,-1.5915462386706E-15,19.95));
#2064=AXIS2_PLACEMENT_3D('',#2065,#2066,#2067);
#2065=CARTESIAN_POINT('',(10.2550020016016,-1.14504475720277E-15,18.7));
#2066=DIRECTION('',(0.,1.,6.12323399573677E-17));
#2067=DIRECTION('',(0.7806247497998,-3.82702124733548E-17,0.625));
#2068=CARTESIAN_POINT('',(11.8162515012012,-1.18333063895481E-15,9.95));
#2069=AXIS2_PLACEMENT_3D('',#2070,#2071,#2072);
#2070=CARTESIAN_POINT('',(16.5,-8.38883057415937E-16,13.7));
#2071=DIRECTION('',(0.,1.,6.12323399573677E-17));
#2072=DIRECTION('',(-0.7806247497998,3.82702124733548E-17,-0.625));
#2073=CARTESIAN_POINT('',(11.8162515012012,-1.08127673902587E-15,7.45));
#2074=AXIS2_PLACEMENT_3D('',#2075,#2076,#2077);
#2075=CARTESIAN_POINT('',(10.2550020016016,-5.32721357629099E-16,8.7));
#2076=DIRECTION('',(0.,1.,6.12323399573677E-17));
#2077=DIRECTION('',(0.780624749799801,-3.82702124733547E-17,0.624999999999999));
#2078=CARTESIAN_POINT('',(21.1837484987988,-1.08127673902587E-15,7.45));
#2079=AXIS2_PLACEMENT_3D('',#2080,#2081,#2082);
#2080=CARTESIAN_POINT('',(16.5,-2.2655965784226E-16,3.7));
#2081=DIRECTION('',(0.,1.,6.12323399573677E-17));
#2082=DIRECTION('',(0.7806247497998,-3.82702124733548E-17,0.625));
#2083=CARTESIAN_POINT('',(21.1837484987988,-1.18333063895481E-15,9.95));
#2084=AXIS2_PLACEMENT_3D('',#2085,#2086,#2087);
#2085=CARTESIAN_POINT('',(22.7449979983984,-5.32721357629099E-16,8.7));
#2086=DIRECTION('',(-2.73691106313441E-48,1.,6.12323399573677E-17));
#2087=DIRECTION('',(-0.7806247497998,3.82702124733548E-17,-0.625));
#2088=CARTESIAN_POINT('',(21.1837484987988,-1.48949233874165E-15,17.45));
#2089=AXIS2_PLACEMENT_3D('',#2090,#2091,#2092);
#2090=CARTESIAN_POINT('',(16.5,-8.38883057415937E-16,13.7));
#2091=DIRECTION('',(0.,1.,6.12323399573677E-17));
#2092=DIRECTION('',(0.780624749799799,-3.82702124733549E-17,0.625000000000001));
#2093=CARTESIAN_POINT('',(21.1837484987988,-1.5915462386706E-15,19.95));
#2094=AXIS2_PLACEMENT_3D('',#2095,#2096,#2097);
#2095=CARTESIAN_POINT('',(22.7449979983984,-1.14504475720278E-15,18.7));
#2096=DIRECTION('',(-2.73691106313441E-48,1.,6.12323399573677E-17));
#2097=DIRECTION('',(-0.780624749799799,3.82702124733549E-17,-0.625000000000002));
#2098=AXIS2_PLACEMENT_3D('',#2099,#2100,#2101);
#2099=CARTESIAN_POINT('',(16.5,-1.45120645698961E-15,23.7));
#2100=DIRECTION('',(0.,1.,6.12323399573677E-17));
#2101=DIRECTION('',(-0.780624749799799,3.82702124733548E-17,-0.625000000000001));
#2102=CARTESIAN_POINT('',(-16.5,-1.81860049673382E-15,29.7));
#2103=AXIS2_PLACEMENT_3D('',#2104,#2105,#2106);
#2104=CARTESIAN_POINT('',(-16.5,-1.45120645698961E-15,23.7));
#2105=DIRECTION('',(0.,1.,6.12323399573677E-17));
#2106=DIRECTION('',(6.12323399573676E-17,-6.12323399573677E-17,1.));
#2107=CARTESIAN_POINT('',(18.,4.43934464690915E-16,-14.5));
#2108=CARTESIAN_POINT('',(17.5,4.28626379701574E-16,-14.));
#2109=AXIS2_PLACEMENT_3D('',#2110,#2111,#2112);
#2110=CARTESIAN_POINT('',(18.,8.57252759403147E-16,-14.));
#2111=DIRECTION('',(0.,-1.,-6.12323399573677E-17));
#2112=DIRECTION('',(0.,6.12323399573677E-17,-1.));
#2113=CARTESIAN_POINT('',(2.50000000000001,4.28626379701574E-16,-14.));
#2114=CARTESIAN_POINT('',(17.5,4.28626379701574E-16,-14.));
#2115=VECTOR('',#2116,1.);
#2116=DIRECTION('',(-1.,3.28692043842088E-33,0.));
#2117=CARTESIAN_POINT('',(1.99999999999999,4.43934464690916E-16,-14.5));
#2118=AXIS2_PLACEMENT_3D('',#2119,#2120,#2121);
#2119=CARTESIAN_POINT('',(1.99999999999999,8.57252759403147E-16,-14.));
#2120=DIRECTION('',(0.,-1.,-6.12323399573677E-17));
#2121=DIRECTION('',(1.,0.,0.));
#2122=CARTESIAN_POINT('',(1.99999999999999,1.7913554340713E-15,-29.5));
#2123=CARTESIAN_POINT('',(1.99999999999999,4.43934464690916E-16,-14.5));
#2124=VECTOR('',#2125,1.);
#2125=DIRECTION('',(-2.96059473233375E-17,8.98280646253589E-17,-1.));
#2126=CARTESIAN_POINT('',(2.49999999999999,1.80666351906064E-15,-30.));
#2127=AXIS2_PLACEMENT_3D('',#2128,#2129,#2130);
#2128=CARTESIAN_POINT('',(1.99999999999999,1.83697019872103E-15,-30.));
#2129=DIRECTION('',(0.,-1.,-6.12323399573677E-17));
#2130=DIRECTION('',(0.,-6.12323399573677E-17,1.));
#2131=CARTESIAN_POINT('',(17.5,1.80666351906064E-15,-30.));
#2132=CARTESIAN_POINT('',(2.49999999999999,1.80666351906064E-15,-30.));
#2133=VECTOR('',#2134,1.);
#2134=DIRECTION('',(1.,0.,0.));
#2135=CARTESIAN_POINT('',(18.,1.7913554340713E-15,-29.5));
#2136=AXIS2_PLACEMENT_3D('',#2137,#2138,#2139);
#2137=CARTESIAN_POINT('',(18.,1.83697019872103E-15,-30.));
#2138=DIRECTION('',(0.,-1.,-6.12323399573677E-17));
#2139=DIRECTION('',(-1.,0.,0.));
#2140=CARTESIAN_POINT('',(18.,1.7913554340713E-15,-29.5));
#2141=VECTOR('',#2142,1.);
#2142=DIRECTION('',(-2.368475785867E-16,-8.98280646253589E-17,1.));
#2143=CARTESIAN_POINT('',(-19.,0.,7.));
#2144=AXIS2_PLACEMENT_3D('',#2145,#2146,#2147);
#2145=CARTESIAN_POINT('',(-19.,-3.67394039744206E-16,6.));
#2146=DIRECTION('',(0.,-1.,-6.12323399573677E-17));
#2147=DIRECTION('',(6.12323399573677E-17,-6.12323399573677E-17,1.));
#2148=CARTESIAN_POINT('',(-14.,0.,2.));
#2149=AXIS2_PLACEMENT_3D('',#2150,#2151,#2152);
#2150=CARTESIAN_POINT('',(-14.,-6.12323399573677E-17,1.));
#2151=DIRECTION('',(0.,-1.,-6.12323399573677E-17));
#2152=DIRECTION('',(6.12323399573677E-17,-6.12323399573677E-17,1.));
#2153=CARTESIAN_POINT('',(-19.,0.,-3.));
#2154=AXIS2_PLACEMENT_3D('',#2155,#2156,#2157);
#2155=CARTESIAN_POINT('',(-19.,2.4492935982947E-16,-4.));
#2156=DIRECTION('',(0.,-1.,-6.12323399573677E-17));
#2157=DIRECTION('',(6.12323399573677E-17,-6.12323399573677E-17,1.));
#2158=CARTESIAN_POINT('',(-22.5355339059327,0.,5.53553390593274));
#2159=AXIS2_PLACEMENT_3D('',#2160,#2161,#2162);
#2160=CARTESIAN_POINT('',(-22.5355339059327,-2.77721354016241E-16,4.53553390593274));
#2161=DIRECTION('',(0.,-1.,-6.12323399573677E-17));
#2162=DIRECTION('',(6.12323399573677E-17,-6.12323399573677E-17,1.));
#2163=CARTESIAN_POINT('',(-15.4644660940673,0.,5.53553390593274));
#2164=AXIS2_PLACEMENT_3D('',#2165,#2166,#2167);
#2165=CARTESIAN_POINT('',(-15.4644660940673,-2.77721354016241E-16,4.53553390593274));
#2166=DIRECTION('',(0.,-1.,-6.12323399573677E-17));
#2167=DIRECTION('',(6.12323399573677E-17,-6.12323399573677E-17,1.));
#2168=CARTESIAN_POINT('',(-15.4644660940673,0.,-1.53553390593273));
#2169=AXIS2_PLACEMENT_3D('',#2170,#2171,#2172);
#2170=CARTESIAN_POINT('',(-15.4644660940673,1.55256674101505E-16,-2.53553390593273));
#2171=DIRECTION('',(0.,-1.,-6.12323399573677E-17));
#2172=DIRECTION('',(6.12323399573677E-17,-6.12323399573677E-17,1.));
#2173=CARTESIAN_POINT('',(-22.5355339059327,0.,-1.53553390593274));
#2174=AXIS2_PLACEMENT_3D('',#2175,#2176,#2177);
#2175=CARTESIAN_POINT('',(-22.5355339059327,1.55256674101506E-16,-2.53553390593274));
#2176=DIRECTION('',(0.,-1.,-6.12323399573677E-17));
#2177=DIRECTION('',(6.12323399573677E-17,-6.12323399573677E-17,1.));
#2178=CARTESIAN_POINT('',(-19.,0.,2.));
#2179=AXIS2_PLACEMENT_3D('',#2180,#2181,#2182);
#2180=CARTESIAN_POINT('',(-19.,-6.12323399573678E-17,1.));
#2181=DIRECTION('',(0.,-1.,-6.12323399573677E-17));
#2182=DIRECTION('',(6.12323399573677E-17,-6.12323399573677E-17,1.));
#2183=CARTESIAN_POINT('',(26.4,-1.4,32.85));
#2184=AXIS2_PLACEMENT_3D('',#2185,#2186,#2187);
#2185=CARTESIAN_POINT('',(22.85,-1.4,32.85));
#2186=DIRECTION('',(0.,-1.,-6.12323399573677E-17));
#2187=DIRECTION('',(1.,-1.22558293944508E-31,2.00152883312704E-15));
#2188=CARTESIAN_POINT('',(27.,-0.800000000000001,32.85));
#2189=VECTOR('',#2190,1.);
#2190=DIRECTION('',(-0.707106781186546,-0.707106781186549,0.));
#2191=CARTESIAN_POINT('',(26.4,-1.4,-32.85));
#2192=CARTESIAN_POINT('',(26.4,-1.4,-32.85));
#2193=VECTOR('',#2194,1.);
#2194=DIRECTION('',(-1.62224368895E-16,-6.0834138335625E-17,1.));
#2195=CARTESIAN_POINT('',(26.4,-1.4,-32.85));
#2196=VECTOR('',#2197,1.);
#2197=DIRECTION('',(0.707106781186548,0.707106781186547,0.));
#2198=CARTESIAN_POINT('',(22.85,-1.4,-36.4));
#2199=AXIS2_PLACEMENT_3D('',#2200,#2201,#2202);
#2200=CARTESIAN_POINT('',(22.85,-1.4,-32.85));
#2201=DIRECTION('',(0.,-1.,-6.12323399573677E-17));
#2202=DIRECTION('',(0.,6.12323399573677E-17,-1.));
#2203=CARTESIAN_POINT('',(22.85,-0.799999999999997,-37.));
#2204=VECTOR('',#2205,1.);
#2205=DIRECTION('',(0.,-0.707106781186548,0.707106781186547));
#2206=CARTESIAN_POINT('',(-22.85,-1.4,-36.4));
#2207=CARTESIAN_POINT('',(-22.85,-1.4,-36.4));
#2208=VECTOR('',#2209,1.);
#2209=DIRECTION('',(1.,0.,0.));
#2210=CARTESIAN_POINT('',(-22.85,-1.4,-36.4));
#2211=VECTOR('',#2212,1.);
#2212=DIRECTION('',(0.,0.707106781186548,-0.707106781186547));
#2213=CARTESIAN_POINT('',(-26.4,-1.4,-32.85));
#2214=AXIS2_PLACEMENT_3D('',#2215,#2216,#2217);
#2215=CARTESIAN_POINT('',(-22.85,-1.4,-32.85));
#2216=DIRECTION('',(0.,-1.,-6.12323399573677E-17));
#2217=DIRECTION('',(-1.,2.45116587889017E-31,-4.00305766625408E-15));
#2218=CARTESIAN_POINT('',(-27.,-0.799999999999998,-32.85));
#2219=VECTOR('',#2220,1.);
#2220=DIRECTION('',(0.707106781186548,-0.707106781186547,0.));
#2221=CARTESIAN_POINT('',(-26.4,-1.4,32.85));
#2222=CARTESIAN_POINT('',(-26.4,-1.4,32.85));
#2223=VECTOR('',#2224,1.);
#2224=DIRECTION('',(5.40747896316666E-17,6.0834138335625E-17,-1.));
#2225=CARTESIAN_POINT('',(-26.4,-1.4,32.85));
#2226=VECTOR('',#2227,1.);
#2227=DIRECTION('',(-0.707106781186546,0.707106781186549,0.));
#2228=AXIS2_PLACEMENT_3D('',#2229,#2230,#2231);
#2229=CARTESIAN_POINT('',(-22.85,-1.4,32.85));
#2230=DIRECTION('',(0.,-1.,-6.12323399573677E-17));
#2231=DIRECTION('',(1.00076441656352E-15,-6.12323399573677E-17,1.));
#2232=CARTESIAN_POINT('',(-16.5,-1.4,26.7));
#2233=AXIS2_PLACEMENT_3D('',#2234,#2235,#2236);
#2234=CARTESIAN_POINT('',(-16.5,-1.4,23.7));
#2235=DIRECTION('',(0.,-1.,-6.12323399573677E-17));
#2236=DIRECTION('',(6.12323399573676E-17,-6.12323399573677E-17,1.));
#2237=CARTESIAN_POINT('',(17.5,-1.4,-14.));
#2238=CARTESIAN_POINT('',(18.,-1.4,-14.5));
#2239=AXIS2_PLACEMENT_3D('',#2240,#2241,#2242);
#2240=CARTESIAN_POINT('',(18.,-1.4,-14.));
#2241=DIRECTION('',(0.,-1.,-6.12323399573677E-17));
#2242=DIRECTION('',(0.,6.12323399573677E-17,-1.));
#2243=CARTESIAN_POINT('',(18.,-1.4,-29.5));
#2244=CARTESIAN_POINT('',(18.,-1.4,-29.5));
#2245=VECTOR('',#2246,1.);
#2246=DIRECTION('',(-2.368475785867E-16,-2.96059473233375E-17,1.));
#2247=CARTESIAN_POINT('',(17.5,-1.4,-30.));
#2248=AXIS2_PLACEMENT_3D('',#2249,#2250,#2251);
#2249=CARTESIAN_POINT('',(18.,-1.4,-30.));
#2250=DIRECTION('',(0.,-1.,-6.12323399573677E-17));
#2251=DIRECTION('',(-1.,0.,0.));
#2252=CARTESIAN_POINT('',(2.49999999999999,-1.4,-30.));
#2253=CARTESIAN_POINT('',(2.49999999999999,-1.4,-30.));
#2254=VECTOR('',#2255,1.);
#2255=DIRECTION('',(1.,0.,0.));
#2256=CARTESIAN_POINT('',(1.99999999999999,-1.4,-29.5));
#2257=AXIS2_PLACEMENT_3D('',#2258,#2259,#2260);
#2258=CARTESIAN_POINT('',(1.99999999999999,-1.4,-30.));
#2259=DIRECTION('',(0.,-1.,-6.12323399573677E-17));
#2260=DIRECTION('',(0.,-6.12323399573677E-17,1.));
#2261=CARTESIAN_POINT('',(1.99999999999999,-1.4,-14.5));
#2262=CARTESIAN_POINT('',(1.99999999999999,-1.4,-14.5));
#2263=VECTOR('',#2264,1.);
#2264=DIRECTION('',(-2.96059473233375E-17,2.96059473233375E-17,-1.));
#2265=CARTESIAN_POINT('',(2.50000000000001,-1.4,-14.));
#2266=AXIS2_PLACEMENT_3D('',#2267,#2268,#2269);
#2267=CARTESIAN_POINT('',(1.99999999999999,-1.4,-14.));
#2268=DIRECTION('',(0.,-1.,-6.12323399573677E-17));
#2269=DIRECTION('',(1.,0.,0.));
#2270=CARTESIAN_POINT('',(17.5,-1.4,-14.));
#2271=VECTOR('',#2272,1.);
#2272=DIRECTION('',(-1.,0.,0.));
#2273=CARTESIAN_POINT('',(-24.,-1.4,2.));
#2274=AXIS2_PLACEMENT_3D('',#2275,#2276,#2277);
#2275=CARTESIAN_POINT('',(-24.,-1.4,1.));
#2276=DIRECTION('',(0.,-1.,-6.12323399573677E-17));
#2277=DIRECTION('',(6.12323399573677E-17,-6.12323399573677E-17,1.));
#2278=CARTESIAN_POINT('',(-19.,-1.4,7.));
#2279=AXIS2_PLACEMENT_3D('',#2280,#2281,#2282);
#2280=CARTESIAN_POINT('',(-19.,-1.4,6.));
#2281=DIRECTION('',(0.,-1.,-6.12323399573677E-17));
#2282=DIRECTION('',(6.12323399573677E-17,-6.12323399573677E-17,1.));
#2283=CARTESIAN_POINT('',(-14.,-1.4,2.));
#2284=AXIS2_PLACEMENT_3D('',#2285,#2286,#2287);
#2285=CARTESIAN_POINT('',(-14.,-1.4,1.));
#2286=DIRECTION('',(0.,-1.,-6.12323399573677E-17));
#2287=DIRECTION('',(6.12323399573677E-17,-6.12323399573677E-17,1.));
#2288=CARTESIAN_POINT('',(-19.,-1.4,-3.));
#2289=AXIS2_PLACEMENT_3D('',#2290,#2291,#2292);
#2290=CARTESIAN_POINT('',(-19.,-1.4,-4.));
#2291=DIRECTION('',(0.,-1.,-6.12323399573677E-17));
#2292=DIRECTION('',(6.12323399573677E-17,-6.12323399573677E-17,1.));
#2293=CARTESIAN_POINT('',(-22.5355339059327,-1.4,5.53553390593274));
#2294=AXIS2_PLACEMENT_3D('',#2295,#2296,#2297);
#2295=CARTESIAN_POINT('',(-22.5355339059327,-1.4,4.53553390593274));
#2296=DIRECTION('',(0.,-1.,-6.12323399573677E-17));
#2297=DIRECTION('',(6.12323399573677E-17,-6.12323399573677E-17,1.));
#2298=CARTESIAN_POINT('',(-15.4644660940673,-1.4,5.53553390593274));
#2299=AXIS2_PLACEMENT_3D('',#2300,#2301,#2302);
#2300=CARTESIAN_POINT('',(-15.4644660940673,-1.4,4.53553390593274));
#2301=DIRECTION('',(0.,-1.,-6.12323399573677E-17));
#2302=DIRECTION('',(6.12323399573677E-17,-6.12323399573677E-17,1.));
#2303=CARTESIAN_POINT('',(-15.4644660940673,-1.4,-1.53553390593273));
#2304=AXIS2_PLACEMENT_3D('',#2305,#2306,#2307);
#2305=CARTESIAN_POINT('',(-15.4644660940673,-1.4,-2.53553390593273));
#2306=DIRECTION('',(0.,-1.,-6.12323399573677E-17));
#2307=DIRECTION('',(6.12323399573677E-17,-6.12323399573677E-17,1.));
#2308=CARTESIAN_POINT('',(-22.5355339059327,-1.4,-1.53553390593274));
#2309=AXIS2_PLACEMENT_3D('',#2310,#2311,#2312);
#2310=CARTESIAN_POINT('',(-22.5355339059327,-1.4,-2.53553390593274));
#2311=DIRECTION('',(0.,-1.,-6.12323399573677E-17));
#2312=DIRECTION('',(6.12323399573677E-17,-6.12323399573677E-17,1.));
#2313=CARTESIAN_POINT('',(-19.,-1.4,2.));
#2314=AXIS2_PLACEMENT_3D('',#2315,#2316,#2317);
#2315=CARTESIAN_POINT('',(-19.,-1.4,1.));
#2316=DIRECTION('',(0.,-1.,-6.12323399573677E-17));
#2317=DIRECTION('',(6.12323399573677E-17,-6.12323399573677E-17,1.));
#2318=CARTESIAN_POINT('',(16.5,-1.4,26.7));
#2319=AXIS2_PLACEMENT_3D('',#2320,#2321,#2322);
#2320=CARTESIAN_POINT('',(16.5,-1.4,23.7));
#2321=DIRECTION('',(0.,-1.,-6.12323399573677E-17));
#2322=DIRECTION('',(6.12323399573676E-17,-6.12323399573677E-17,1.));
#2323=CARTESIAN_POINT('',(16.5,-1.4,16.7));
#2324=AXIS2_PLACEMENT_3D('',#2325,#2326,#2327);
#2325=CARTESIAN_POINT('',(16.5,-1.4,13.7));
#2326=DIRECTION('',(0.,-1.,-6.12323399573677E-17));
#2327=DIRECTION('',(6.12323399573676E-17,-6.12323399573677E-17,1.));
#2328=CARTESIAN_POINT('',(16.5,-1.4,6.7));
#2329=AXIS2_PLACEMENT_3D('',#2330,#2331,#2332);
#2330=CARTESIAN_POINT('',(16.5,-1.4,3.7));
#2331=DIRECTION('',(0.,-1.,-6.12323399573677E-17));
#2332=DIRECTION('',(6.12323399573676E-17,-6.12323399573677E-17,1.));
#2333=CARTESIAN_POINT('',(11.8162515012012,5.,17.45));
#2334=CARTESIAN_POINT('',(11.8162515012012,-2.17872735688122E-15,17.45));
#2335=VECTOR('',#2336,1.);
#2336=DIRECTION('',(0.,1.,0.));
#2337=CARTESIAN_POINT('',(11.8162515012012,5.,19.95));
#2338=CARTESIAN_POINT('',(11.8162515012012,-2.33180820677464E-15,19.95));
#2339=VECTOR('',#2340,1.);
#2340=DIRECTION('',(0.,1.,0.));
#2341=AXIS2_PLACEMENT_3D('',#2342,#2343,#2344);
#2342=CARTESIAN_POINT('',(10.2550020016016,5.,18.7));
#2343=DIRECTION('',(0.,-1.,-6.12323399573677E-17));
#2344=DIRECTION('',(0.7806247497998,3.82702124733548E-17,-0.625));
#2345=CARTESIAN_POINT('',(11.8162515012012,5.,9.95));
#2346=AXIS2_PLACEMENT_3D('',#2347,#2348,#2349);
#2347=CARTESIAN_POINT('',(16.5,5.,13.7));
#2348=DIRECTION('',(0.,1.,6.12323399573677E-17));
#2349=DIRECTION('',(-0.7806247497998,3.82702124733548E-17,-0.625));
#2350=CARTESIAN_POINT('',(11.8162515012012,-1.71948480720096E-15,9.95));
#2351=VECTOR('',#2352,1.);
#2352=DIRECTION('',(0.,1.,3.5527136788005E-16));
#2353=CARTESIAN_POINT('',(11.8162515012012,5.,7.45));
#2354=CARTESIAN_POINT('',(11.8162515012012,-1.56640395730755E-15,7.45));
#2355=VECTOR('',#2356,1.);
#2356=DIRECTION('',(0.,1.,0.));
#2357=AXIS2_PLACEMENT_3D('',#2358,#2359,#2360);
#2358=CARTESIAN_POINT('',(10.2550020016016,5.,8.7));
#2359=DIRECTION('',(0.,-1.,-6.12323399573677E-17));
#2360=DIRECTION('',(0.780624749799799,3.82702124733548E-17,-0.625000000000001));
#2361=CARTESIAN_POINT('',(21.1837484987988,5.,7.45));
#2362=CARTESIAN_POINT('',(21.1837484987988,-1.56640395730755E-15,7.45));
#2363=VECTOR('',#2364,1.);
#2364=DIRECTION('',(0.,1.,0.));
#2365=AXIS2_PLACEMENT_3D('',#2366,#2367,#2368);
#2366=CARTESIAN_POINT('',(16.5,5.,3.7));
#2367=DIRECTION('',(0.,1.,6.12323399573677E-17));
#2368=DIRECTION('',(0.7806247497998,-3.82702124733548E-17,0.625));
#2369=CARTESIAN_POINT('',(21.1837484987988,5.,9.95));
#2370=AXIS2_PLACEMENT_3D('',#2371,#2372,#2373);
#2371=CARTESIAN_POINT('',(22.7449979983984,5.,8.7));
#2372=DIRECTION('',(0.,-1.,-6.12323399573677E-17));
#2373=DIRECTION('',(-0.780624749799802,-3.82702124733546E-17,0.624999999999997));
#2374=CARTESIAN_POINT('',(21.1837484987988,-1.71948480720096E-15,9.95));
#2375=VECTOR('',#2376,1.);
#2376=DIRECTION('',(0.,1.,0.));
#2377=CARTESIAN_POINT('',(21.1837484987988,5.,17.45));
#2378=CARTESIAN_POINT('',(21.1837484987988,-2.17872735688122E-15,17.45));
#2379=VECTOR('',#2380,1.);
#2380=DIRECTION('',(0.,1.,0.));
#2381=AXIS2_PLACEMENT_3D('',#2382,#2383,#2384);
#2382=CARTESIAN_POINT('',(16.5,5.,13.7));
#2383=DIRECTION('',(0.,1.,6.12323399573677E-17));
#2384=DIRECTION('',(0.780624749799799,-3.82702124733548E-17,0.625000000000001));
#2385=CARTESIAN_POINT('',(21.1837484987988,5.,19.95));
#2386=AXIS2_PLACEMENT_3D('',#2387,#2388,#2389);
#2387=CARTESIAN_POINT('',(22.7449979983984,5.,18.7));
#2388=DIRECTION('',(0.,-1.,-6.12323399573677E-17));
#2389=DIRECTION('',(-0.780624749799799,-3.82702124733548E-17,0.625));
#2390=CARTESIAN_POINT('',(21.1837484987988,-2.33180820677464E-15,19.95));
#2391=VECTOR('',#2392,1.);
#2392=DIRECTION('',(0.,1.,0.));
#2393=AXIS2_PLACEMENT_3D('',#2394,#2395,#2396);
#2394=CARTESIAN_POINT('',(16.5,5.,23.7));
#2395=DIRECTION('',(0.,1.,6.12323399573677E-17));
#2396=DIRECTION('',(-0.780624749799799,3.82702124733548E-17,-0.625000000000001));
#2397=CARTESIAN_POINT('',(-16.5,5.,29.7));
#2398=AXIS2_PLACEMENT_3D('',#2399,#2400,#2401);
#2399=CARTESIAN_POINT('',(-16.5,5.,23.7));
#2400=DIRECTION('',(0.,1.,6.12323399573677E-17));
#2401=DIRECTION('',(6.12323399573677E-17,-6.12323399573677E-17,1.));
#2402=CARTESIAN_POINT('',(17.5,0.,-14.));
#2403=VECTOR('',#2404,1.);
#2404=DIRECTION('',(0.,-1.,0.));
#2405=CARTESIAN_POINT('',(18.,3.5527136788005E-15,-14.5));
#2406=VECTOR('',#2407,1.);
#2407=DIRECTION('',(0.,-1.,0.));
#2408=CARTESIAN_POINT('',(2.49999999999999,0.,-14.));
#2409=VECTOR('',#2410,1.);
#2410=DIRECTION('',(0.,-1.,0.));
#2411=CARTESIAN_POINT('',(1.99999999999999,1.77635683940025E-15,-14.5));
#2412=VECTOR('',#2413,1.);
#2413=DIRECTION('',(0.,-1.,0.));
#2414=CARTESIAN_POINT('',(1.99999999999999,1.77635683940025E-15,-29.5));
#2415=VECTOR('',#2416,1.);
#2416=DIRECTION('',(0.,-1.,0.));
#2417=CARTESIAN_POINT('',(2.49999999999999,1.77635683940025E-15,-30.));
#2418=VECTOR('',#2419,1.);
#2419=DIRECTION('',(0.,-1.,0.));
#2420=CARTESIAN_POINT('',(17.5,1.77635683940025E-15,-30.));
#2421=VECTOR('',#2422,1.);
#2422=DIRECTION('',(0.,-1.,0.));
#2423=CARTESIAN_POINT('',(18.,1.77635683940025E-15,-29.5));
#2424=VECTOR('',#2425,1.);
#2425=DIRECTION('',(0.,-1.,0.));
#2426=CARTESIAN_POINT('',(-16.5,5.,26.7));
#2427=AXIS2_PLACEMENT_3D('',#2428,#2429,#2430);
#2428=CARTESIAN_POINT('',(-16.5,5.,23.7));
#2429=DIRECTION('',(0.,-1.,-6.12323399573677E-17));
#2430=DIRECTION('',(6.12323399573677E-17,-6.12323399573677E-17,1.));
#2431=CARTESIAN_POINT('',(16.5,5.,26.7));
#2432=AXIS2_PLACEMENT_3D('',#2433,#2434,#2435);
#2433=CARTESIAN_POINT('',(16.5,5.,23.7));
#2434=DIRECTION('',(0.,-1.,-6.12323399573677E-17));
#2435=DIRECTION('',(6.12323399573677E-17,-6.12323399573677E-17,1.));
#2436=CARTESIAN_POINT('',(16.5,5.,16.7));
#2437=AXIS2_PLACEMENT_3D('',#2438,#2439,#2440);
#2438=CARTESIAN_POINT('',(16.5,5.,13.7));
#2439=DIRECTION('',(0.,-1.,-6.12323399573677E-17));
#2440=DIRECTION('',(6.12323399573677E-17,-6.12323399573677E-17,1.));
#2441=CARTESIAN_POINT('',(16.5,5.,6.7));
#2442=AXIS2_PLACEMENT_3D('',#2443,#2444,#2445);
#2443=CARTESIAN_POINT('',(16.5,5.,3.7));
#2444=DIRECTION('',(0.,-1.,-6.12323399573677E-17));
#2445=DIRECTION('',(6.12323399573677E-17,-6.12323399573677E-17,1.));
ENDSEC;
END-ISO-10303-21;
