ISO-10303-21;
HEADER;
FILE_DESCRIPTION(('STEP AP242'),
    '1');
FILE_NAME('NeedleBaseNew',
    '',
    ('UNSPECIFIED'),
    ('UNSPECIFIED'),
    'C3D Converter',
    'C3D Toolkit',
    '');
FILE_SCHEMA(('AP242_MANAGED_MODEL_BASED_3D_ENGINEERING_MIM_LF { 1 0 10303 442 1 1 4 }'));
ENDSEC;

DATA;
#1=PRODUCT_DEFINITION('','UNSPECIFIED',#28,#31);
#2=SHAPE_DEFINITION_REPRESENTATION(#26,#3);
#3=SHAPE_REPRESENTATION('NONE',(#4),#8);
#4=AXIS2_PLACEMENT_3D('',#5,#6,#7);
#5=CARTESIAN_POINT('',(0.,0.,0.));
#6=DIRECTION('',(0.,0.,1.));
#7=DIRECTION('',(1.,0.,0.));
#8=(GEOMETRIC_REPRESENTATION_CONTEXT(3)GLOBAL_UNCERTAINTY_ASSIGNED_CONTEXT((#10))
GLOBAL_UNIT_ASSIGNED_CONTEXT((#9,#11,#12))REPRESENTATION_CONTEXT('NONE','NONE'));
#9=(LENGTH_UNIT()NAMED_UNIT(*)SI_UNIT(.MILLI.,.METRE.));
#10=UNCERTAINTY_MEASURE_WITH_UNIT(LENGTH_MEASURE(1.E-5),#9,'NONE','NONE');
#11=(NAMED_UNIT(*)PLANE_ANGLE_UNIT()SI_UNIT($,.RADIAN.));
#12=(NAMED_UNIT(*)SI_UNIT($,.STERADIAN.)SOLID_ANGLE_UNIT());
#13=MANIFOLD_SOLID_BREP('',#14);
#14=CLOSED_SHELL('',(#53,#54,#55,#56,#57,#58,#59,#60,#61,#62,#63,#64,#65,#66,#67,
#68,#69,#70,#71,#72,#73,#74,#75,#76,#77,#78,#79,#80,#81,#82,#83,#84,#85,#86,#87,
#88,#89,#90,#91,#92,#93,#94,#95,#96,#97,#98,#99,#100,#101,#102,#103,#104,#105,#106,
#107,#108,#109,#110,#111,#112,#113,#114,#115,#116,#117,#118,#119,#120,#121,#122,
#123,#124,#125,#126,#127,#128,#129,#130));
#15=COLOUR_RGB('',0.564705882352941,0.564705882352941,0.564705882352941);
#16=FILL_AREA_STYLE_COLOUR('',#15);
#17=FILL_AREA_STYLE($,(#16));
#18=SURFACE_STYLE_FILL_AREA(#17);
#19=SURFACE_SIDE_STYLE('',(#18));
#20=SURFACE_STYLE_USAGE(.BOTH.,#19);
#21=PRESENTATION_STYLE_ASSIGNMENT((#20));
#22=MECHANICAL_DESIGN_GEOMETRIC_PRESENTATION_REPRESENTATION('NONE',(#23),#8);
#23=STYLED_ITEM('',(#21),#13);
#24=ADVANCED_BREP_SHAPE_REPRESENTATION('NONE',(#13),#8);
#25=SHAPE_REPRESENTATION_RELATIONSHIP('','',#3,#24);
#26=PRODUCT_DEFINITION_SHAPE('NONE','NONE',#1);
#27=MECHANICAL_CONTEXT('NONE',#32,'mechanical');
#28=PRODUCT_DEFINITION_FORMATION_WITH_SPECIFIED_SOURCE('ANY','UNSPECIFIED',#29,.NOT_KNOWN.);
#29=PRODUCT('','\X2\0414043504420430043B044C\X0\','NONE',(#27));
#30=PRODUCT_RELATED_PRODUCT_CATEGORY('detail','',(#29));
#31=DESIGN_CONTEXT('detailed design',#32,'design');
#32=APPLICATION_CONTEXT('configuration controlled 3d designs of mechanical parts and assemblies');
#33=APPLICATION_PROTOCOL_DEFINITION('international standard','config_control_design',
1994,#32);
#34=CC_DESIGN_DATE_AND_TIME_ASSIGNMENT(#35,#39,(#1));
#35=DATE_AND_TIME(#36,#37);
#36=CALENDAR_DATE(0,1,1);
#37=LOCAL_TIME(0,0,0.,#38);
#38=COORDINATED_UNIVERSAL_TIME_OFFSET(0,0,.AHEAD.);
#39=DATE_TIME_ROLE('creation_date');
#40=CC_DESIGN_APPROVAL(#41,(#1));
#41=APPROVAL(#42,'UNSPECIFIED');
#42=APPROVAL_STATUS('not_yet_approved');
#43=APPROVAL_DATE_TIME(#44,#41);
#44=DATE_AND_TIME(#45,#46);
#45=CALENDAR_DATE(0,1,1);
#46=LOCAL_TIME(0,0,0.,#47);
#47=COORDINATED_UNIVERSAL_TIME_OFFSET(0,0,.AHEAD.);
#48=PERSON('UNSPECIFIED','ledibonibell','UNSPECIFIED',('UNSPECIFIED'),('UNSPECIFIED'),
('UNSPECIFIED'));
#49=ORGANIZATION('UNSPECIFIED','UNSPECIFIED','UNSPECIFIED');
#50=PERSON_AND_ORGANIZATION(#48,#49);
#51=PERSON_AND_ORGANIZATION_ROLE('creator');
#52=CC_DESIGN_PERSON_AND_ORGANIZATION_ASSIGNMENT(#50,#51,(#28,#1));
#53=ADVANCED_FACE('',(#131),#133,.T.);
#54=ADVANCED_FACE('',(#138),#140,.T.);
#55=ADVANCED_FACE('',(#145),#147,.T.);
#56=ADVANCED_FACE('',(#152,#154),#156,.F.);
#57=ADVANCED_FACE('',(#161,#163),#165,.T.);
#58=ADVANCED_FACE('',(#170),#172,.F.);
#59=ADVANCED_FACE('',(#177),#179,.F.);
#60=ADVANCED_FACE('',(#184),#186,.T.);
#61=ADVANCED_FACE('',(#191),#193,.T.);
#62=ADVANCED_FACE('',(#198,#200),#202,.T.);
#63=ADVANCED_FACE('',(#207),#209,.T.);
#64=ADVANCED_FACE('',(#214),#216,.T.);
#65=ADVANCED_FACE('',(#221),#223,.T.);
#66=ADVANCED_FACE('',(#228),#230,.T.);
#67=ADVANCED_FACE('',(#235),#237,.T.);
#68=ADVANCED_FACE('',(#242),#244,.F.);
#69=ADVANCED_FACE('',(#249,#251),#253,.T.);
#70=ADVANCED_FACE('',(#258),#260,.T.);
#71=ADVANCED_FACE('',(#265),#267,.T.);
#72=ADVANCED_FACE('',(#272),#274,.T.);
#73=ADVANCED_FACE('',(#279),#281,.F.);
#74=ADVANCED_FACE('',(#286),#288,.F.);
#75=ADVANCED_FACE('',(#293),#295,.F.);
#76=ADVANCED_FACE('',(#300),#302,.T.);
#77=ADVANCED_FACE('',(#307),#309,.T.);
#78=ADVANCED_FACE('',(#314),#316,.T.);
#79=ADVANCED_FACE('',(#321),#323,.T.);
#80=ADVANCED_FACE('',(#328),#330,.T.);
#81=ADVANCED_FACE('',(#335),#337,.F.);
#82=ADVANCED_FACE('',(#342),#344,.F.);
#83=ADVANCED_FACE('',(#349),#351,.F.);
#84=ADVANCED_FACE('',(#356),#358,.F.);
#85=ADVANCED_FACE('',(#363),#365,.F.);
#86=ADVANCED_FACE('',(#370),#372,.F.);
#87=ADVANCED_FACE('',(#377),#379,.F.);
#88=ADVANCED_FACE('',(#384),#386,.T.);
#89=ADVANCED_FACE('',(#391),#393,.F.);
#90=ADVANCED_FACE('',(#398),#400,.F.);
#91=ADVANCED_FACE('',(#405,#407),#409,.F.);
#92=ADVANCED_FACE('',(#414,#416),#418,.T.);
#93=ADVANCED_FACE('',(#423),#425,.F.);
#94=ADVANCED_FACE('',(#430),#432,.F.);
#95=ADVANCED_FACE('',(#437),#439,.T.);
#96=ADVANCED_FACE('',(#444),#446,.T.);
#97=ADVANCED_FACE('',(#451),#453,.F.);
#98=ADVANCED_FACE('',(#664),#666,.T.);
#99=ADVANCED_FACE('',(#671),#673,.F.);
#100=ADVANCED_FACE('',(#678),#680,.F.);
#101=ADVANCED_FACE('',(#685,#687),#689,.F.);
#102=ADVANCED_FACE('',(#694,#696),#698,.F.);
#103=ADVANCED_FACE('',(#703),#705,.T.);
#104=ADVANCED_FACE('',(#710),#712,.F.);
#105=ADVANCED_FACE('',(#923),#925,.F.);
#106=ADVANCED_FACE('',(#930),#932,.F.);
#107=ADVANCED_FACE('',(#1143),#1145,.T.);
#108=ADVANCED_FACE('',(#1150),#1152,.T.);
#109=ADVANCED_FACE('',(#1157),#1159,.F.);
#110=ADVANCED_FACE('',(#1164),#1166,.T.);
#111=ADVANCED_FACE('',(#1171),#1173,.F.);
#112=ADVANCED_FACE('',(#1178),#1180,.F.);
#113=ADVANCED_FACE('',(#1185),#1187,.T.);
#114=ADVANCED_FACE('',(#1192,#1194),#1196,.T.);
#115=ADVANCED_FACE('',(#1201),#1203,.T.);
#116=ADVANCED_FACE('',(#1208),#1210,.F.);
#117=ADVANCED_FACE('',(#1215),#1217,.F.);
#118=ADVANCED_FACE('',(#1222,#1224),#1226,.T.);
#119=ADVANCED_FACE('',(#1231),#1233,.T.);
#120=ADVANCED_FACE('',(#1238),#1240,.T.);
#121=ADVANCED_FACE('',(#1245),#1247,.F.);
#122=ADVANCED_FACE('',(#1252,#1254),#1256,.F.);
#123=ADVANCED_FACE('',(#1261),#1263,.T.);
#124=ADVANCED_FACE('',(#1268),#1270,.T.);
#125=ADVANCED_FACE('',(#1275),#1277,.F.);
#126=ADVANCED_FACE('',(#1282),#1284,.T.);
#127=ADVANCED_FACE('',(#1289),#1291,.F.);
#128=ADVANCED_FACE('',(#1502,#1504),#1506,.F.);
#129=ADVANCED_FACE('',(#1511,#1513),#1515,.T.);
#130=ADVANCED_FACE('',(#1520),#1522,.F.);
#131=FACE_BOUND('',#132,.T.);
#132=EDGE_LOOP('',(#1527,#1528,#1529,#1530,#1531,#1532,#1533,#1534,#1535,#1536,#1537,
#1538,#1539));
#133=PLANE('',#134);
#134=AXIS2_PLACEMENT_3D('',#135,#136,#137);
#135=CARTESIAN_POINT('',(-0.999999999999999,17.,92.));
#136=DIRECTION('',(0.,0.,1.));
#137=DIRECTION('',(-1.22464679914735E-16,-1.,0.));
#138=FACE_BOUND('',#139,.T.);
#139=EDGE_LOOP('',(#1540,#1541,#1542,#1543,#1544));
#140=PLANE('',#141);
#141=AXIS2_PLACEMENT_3D('',#142,#143,#144);
#142=CARTESIAN_POINT('',(-9.,25.,90.));
#143=DIRECTION('',(-0.707106781186552,5.43167120841951E-16,0.707106781186543));
#144=DIRECTION('',(0.,-1.,7.68154308929838E-16));
#145=FACE_BOUND('',#146,.T.);
#146=EDGE_LOOP('',(#1545,#1546,#1547,#1548,#1549));
#147=PLANE('',#148);
#148=AXIS2_PLACEMENT_3D('',#149,#150,#151);
#149=CARTESIAN_POINT('',(-9.,25.,90.));
#150=DIRECTION('',(-0.707106781186552,5.43167120841951E-16,0.707106781186543));
#151=DIRECTION('',(0.,-1.,7.68154308929838E-16));
#152=FACE_BOUND('',#153,.T.);
#153=EDGE_LOOP('',(#1550,#1551));
#154=FACE_BOUND('',#155,.T.);
#155=EDGE_LOOP('',(#1552,#1553,#1554,#1555,#1556));
#156=CYLINDRICAL_SURFACE('',#157,1.25);
#157=AXIS2_PLACEMENT_3D('',#158,#159,#160);
#158=CARTESIAN_POINT('',(-4.,12.25,41.1));
#159=DIRECTION('',(-1.,0.,0.));
#160=DIRECTION('',(0.,0.,-1.));
#161=FACE_BOUND('',#162,.T.);
#162=EDGE_LOOP('',(#1557,#1558,#1559,#1560,#1561,#1562,#1563,#1564,#1565,#1566,#1567,
#1568,#1569));
#163=FACE_BOUND('',#164,.T.);
#164=EDGE_LOOP('',(#1570,#1571,#1572,#1573));
#165=PLANE('',#166);
#166=AXIS2_PLACEMENT_3D('',#167,#168,#169);
#167=CARTESIAN_POINT('',(-9.,7.,-86.));
#168=DIRECTION('',(-1.,0.,0.));
#169=DIRECTION('',(0.,-1.,0.));
#170=FACE_BOUND('',#171,.T.);
#171=EDGE_LOOP('',(#1574,#1575,#1576,#1577));
#172=PLANE('',#173);
#173=AXIS2_PLACEMENT_3D('',#174,#175,#176);
#174=CARTESIAN_POINT('',(-7.,13.25,92.));
#175=DIRECTION('',(0.,1.,-6.97979111748625E-17));
#176=DIRECTION('',(0.,-6.97979111748625E-17,-1.));
#177=FACE_BOUND('',#178,.T.);
#178=EDGE_LOOP('',(#1578,#1579,#1580,#1581));
#179=PLANE('',#180);
#180=AXIS2_PLACEMENT_3D('',#181,#182,#183);
#181=CARTESIAN_POINT('',(-7.,11.25,41.1));
#182=DIRECTION('',(0.,-1.,6.97979111748625E-17));
#183=DIRECTION('',(0.,6.97979111748625E-17,1.));
#184=FACE_BOUND('',#185,.T.);
#185=EDGE_LOOP('',(#1582,#1583,#1584,#1585,#1586,#1587,#1588,#1589,#1590));
#186=PLANE('',#187);
#187=AXIS2_PLACEMENT_3D('',#188,#189,#190);
#188=CARTESIAN_POINT('',(-9.,-4.,-86.));
#189=DIRECTION('',(0.,-1.,0.));
#190=DIRECTION('',(1.,0.,0.));
#191=FACE_BOUND('',#192,.T.);
#192=EDGE_LOOP('',(#1591,#1592,#1593,#1594,#1595,#1596,#1597,#1598,#1599,#1600,#1601,
#1602));
#193=PLANE('',#194);
#194=AXIS2_PLACEMENT_3D('',#195,#196,#197);
#195=CARTESIAN_POINT('',(-6.,-4.,-86.));
#196=DIRECTION('',(1.,0.,0.));
#197=DIRECTION('',(0.,1.,0.));
#198=FACE_BOUND('',#199,.T.);
#199=EDGE_LOOP('',(#1603,#1604,#1605,#1606,#1607,#1608));
#200=FACE_BOUND('',#201,.T.);
#201=EDGE_LOOP('',(#1609));
#202=PLANE('',#203);
#203=AXIS2_PLACEMENT_3D('',#204,#205,#206);
#204=CARTESIAN_POINT('',(-6.,4.,-86.));
#205=DIRECTION('',(0.,-1.,0.));
#206=DIRECTION('',(1.,0.,0.));
#207=FACE_BOUND('',#208,.T.);
#208=EDGE_LOOP('',(#1610,#1611,#1612,#1613,#1614,#1615));
#209=PLANE('',#210);
#210=AXIS2_PLACEMENT_3D('',#211,#212,#213);
#211=CARTESIAN_POINT('',(6.,4.,-86.));
#212=DIRECTION('',(-1.,0.,0.));
#213=DIRECTION('',(0.,-1.,0.));
#214=FACE_BOUND('',#215,.T.);
#215=EDGE_LOOP('',(#1616,#1617,#1618,#1619,#1620,#1621,#1622,#1623,#1624));
#216=PLANE('',#217);
#217=AXIS2_PLACEMENT_3D('',#218,#219,#220);
#218=CARTESIAN_POINT('',(6.,-4.,-86.));
#219=DIRECTION('',(0.,-1.,0.));
#220=DIRECTION('',(1.,0.,0.));
#221=FACE_BOUND('',#222,.T.);
#222=EDGE_LOOP('',(#1625,#1626,#1627,#1628));
#223=PLANE('',#224);
#224=AXIS2_PLACEMENT_3D('',#225,#226,#227);
#225=CARTESIAN_POINT('',(9.,-12.,90.));
#226=DIRECTION('',(0.707106781186547,0.,0.707106781186548));
#227=DIRECTION('',(0.,1.,0.));
#228=FACE_BOUND('',#229,.T.);
#229=EDGE_LOOP('',(#1629,#1630,#1631,#1632,#1633,#1634,#1635,#1636,#1637));
#230=CYLINDRICAL_SURFACE('',#231,3.);
#231=AXIS2_PLACEMENT_3D('',#232,#233,#234);
#232=CARTESIAN_POINT('',(6.,14.,102.));
#233=DIRECTION('',(0.,0.,-1.));
#234=DIRECTION('',(0.,1.,0.));
#235=FACE_BOUND('',#236,.T.);
#236=EDGE_LOOP('',(#1638,#1639,#1640,#1641,#1642,#1643));
#237=PLANE('',#238);
#238=AXIS2_PLACEMENT_3D('',#239,#240,#241);
#239=CARTESIAN_POINT('',(9.,17.,-86.));
#240=DIRECTION('',(0.,1.,0.));
#241=DIRECTION('',(-1.,0.,0.));
#242=FACE_BOUND('',#243,.T.);
#243=EDGE_LOOP('',(#1644,#1645,#1646,#1647));
#244=CYLINDRICAL_SURFACE('',#245,1.);
#245=AXIS2_PLACEMENT_3D('',#246,#247,#248);
#246=CARTESIAN_POINT('',(9.18485099360515E-16,17.,-86.));
#247=DIRECTION('',(0.,0.,1.));
#248=DIRECTION('',(1.,0.,0.));
#249=FACE_BOUND('',#250,.T.);
#250=EDGE_LOOP('',(#1648,#1649,#1650,#1651,#1652,#1653));
#251=FACE_BOUND('',#252,.T.);
#252=EDGE_LOOP('',(#1654));
#253=PLANE('',#254);
#254=AXIS2_PLACEMENT_3D('',#255,#256,#257);
#255=CARTESIAN_POINT('',(9.,17.,-86.));
#256=DIRECTION('',(0.,1.,0.));
#257=DIRECTION('',(-1.,0.,0.));
#258=FACE_BOUND('',#259,.T.);
#259=EDGE_LOOP('',(#1655,#1656,#1657,#1658,#1659,#1660,#1661,#1662,#1663));
#260=CYLINDRICAL_SURFACE('',#261,3.);
#261=AXIS2_PLACEMENT_3D('',#262,#263,#264);
#262=CARTESIAN_POINT('',(-6.,14.,-34.5557280900008));
#263=DIRECTION('',(0.,0.,1.));
#264=DIRECTION('',(0.,1.,0.));
#265=FACE_BOUND('',#266,.T.);
#266=EDGE_LOOP('',(#1664,#1665,#1666,#1667));
#267=TOROIDAL_SURFACE('',#268,13.,3.);
#268=AXIS2_PLACEMENT_3D('',#269,#270,#271);
#269=CARTESIAN_POINT('',(-6.,23.,-31.5));
#270=DIRECTION('',(1.,0.,0.));
#271=DIRECTION('',(0.,-0.264985798876197,0.964252314694626));
#272=FACE_BOUND('',#273,.T.);
#273=EDGE_LOOP('',(#1668,#1669,#1670,#1671));
#274=CYLINDRICAL_SURFACE('',#275,3.);
#275=AXIS2_PLACEMENT_3D('',#276,#277,#278);
#276=CARTESIAN_POINT('',(-6.,14.,-96.));
#277=DIRECTION('',(2.62946886907015E-17,0.,1.));
#278=DIRECTION('',(-5.9211894646675E-16,1.,1.55695833652093E-32));
#279=FACE_BOUND('',#280,.T.);
#280=EDGE_LOOP('',(#1672,#1673,#1674,#1675,#1676));
#281=PLANE('',#282);
#282=AXIS2_PLACEMENT_3D('',#283,#284,#285);
#283=CARTESIAN_POINT('',(-9.,8.,-84.));
#284=DIRECTION('',(0.,0.,1.));
#285=DIRECTION('',(1.,0.,0.));
#286=FACE_BOUND('',#287,.T.);
#287=EDGE_LOOP('',(#1677,#1678,#1679,#1680,#1681,#1682,#1683,#1684));
#288=PLANE('',#289);
#289=AXIS2_PLACEMENT_3D('',#290,#291,#292);
#290=CARTESIAN_POINT('',(2.,9.,-76.));
#291=DIRECTION('',(0.,-1.,0.));
#292=DIRECTION('',(-1.,0.,0.));
#293=FACE_BOUND('',#294,.T.);
#294=EDGE_LOOP('',(#1685,#1686,#1687,#1688,#1689,#1690,#1691,#1692,#1693,#1694,#1695));
#295=PLANE('',#296);
#296=AXIS2_PLACEMENT_3D('',#297,#298,#299);
#297=CARTESIAN_POINT('',(0.,0.,-86.));
#298=DIRECTION('',(0.,0.,1.));
#299=DIRECTION('',(1.,0.,0.));
#300=FACE_BOUND('',#301,.T.);
#301=EDGE_LOOP('',(#1696,#1697,#1698,#1699));
#302=PLANE('',#303);
#303=AXIS2_PLACEMENT_3D('',#304,#305,#306);
#304=CARTESIAN_POINT('',(-9.,13.7,38.15));
#305=DIRECTION('',(-0.707106781186548,-0.707106781186548,0.));
#306=DIRECTION('',(0.,0.,-1.));
#307=FACE_BOUND('',#308,.T.);
#308=EDGE_LOOP('',(#1700,#1701,#1702,#1703));
#309=PLANE('',#310);
#310=AXIS2_PLACEMENT_3D('',#311,#312,#313);
#311=CARTESIAN_POINT('',(-9.,6.9,37.55));
#312=DIRECTION('',(-0.707106781186529,0.,-0.707106781186566));
#313=DIRECTION('',(0.,1.,0.));
#314=FACE_BOUND('',#315,.T.);
#315=EDGE_LOOP('',(#1704,#1705,#1706,#1707));
#316=PLANE('',#317);
#317=AXIS2_PLACEMENT_3D('',#318,#319,#320);
#318=CARTESIAN_POINT('',(-9.,7.5,26.45));
#319=DIRECTION('',(-0.707106781186549,0.707106781186546,5.36783746558554E-17));
#320=DIRECTION('',(-5.95949674673864E-33,-7.59126854444551E-17,1.));
#321=FACE_BOUND('',#322,.T.);
#322=EDGE_LOOP('',(#1708,#1709,#1710,#1711));
#323=PLANE('',#324);
#324=AXIS2_PLACEMENT_3D('',#325,#326,#327);
#325=CARTESIAN_POINT('',(-9.,14.3,27.05));
#326=DIRECTION('',(-0.707106781186516,-1.35791780210495E-15,0.707106781186579));
#327=DIRECTION('',(0.,-1.,-1.92038577232459E-15));
#328=FACE_BOUND('',#329,.T.);
#329=EDGE_LOOP('',(#1712,#1713,#1714,#1715));
#330=PLANE('',#331);
#331=AXIS2_PLACEMENT_3D('',#332,#333,#334);
#332=CARTESIAN_POINT('',(-6.,-4.,-86.));
#333=DIRECTION('',(1.,0.,0.));
#334=DIRECTION('',(0.,1.,0.));
#335=FACE_BOUND('',#336,.T.);
#336=EDGE_LOOP('',(#1716,#1717,#1718,#1719,#1720,#1721,#1722,#1723,#1724,#1725,#1726,
#1727));
#337=PLANE('',#338);
#338=AXIS2_PLACEMENT_3D('',#339,#340,#341);
#339=CARTESIAN_POINT('',(-7.05,17.,11.75));
#340=DIRECTION('',(0.,0.,-1.));
#341=DIRECTION('',(1.,0.,0.));
#342=FACE_BOUND('',#343,.T.);
#343=EDGE_LOOP('',(#1728,#1729,#1730,#1731,#1732,#1733,#1734));
#344=PLANE('',#345);
#345=AXIS2_PLACEMENT_3D('',#346,#347,#348);
#346=CARTESIAN_POINT('',(-7.05,17.,18.25));
#347=DIRECTION('',(-1.,0.,0.));
#348=DIRECTION('',(0.,0.,-1.));
#349=FACE_BOUND('',#350,.T.);
#350=EDGE_LOOP('',(#1735,#1736,#1737,#1738));
#351=PLANE('',#352);
#352=AXIS2_PLACEMENT_3D('',#353,#354,#355);
#353=CARTESIAN_POINT('',(7.05,13.5,27.25));
#354=DIRECTION('',(0.,0.,1.));
#355=DIRECTION('',(-1.,0.,0.));
#356=FACE_BOUND('',#357,.T.);
#357=EDGE_LOOP('',(#1739,#1740,#1741,#1742,#1743));
#358=PLANE('',#359);
#359=AXIS2_PLACEMENT_3D('',#360,#361,#362);
#360=CARTESIAN_POINT('',(-3.5,14.,42.35));
#361=DIRECTION('',(0.,0.,1.));
#362=DIRECTION('',(-1.,0.,0.));
#363=FACE_BOUND('',#364,.T.);
#364=EDGE_LOOP('',(#1744,#1745,#1746,#1747,#1748));
#365=PLANE('',#366);
#366=AXIS2_PLACEMENT_3D('',#367,#368,#369);
#367=CARTESIAN_POINT('',(-8.99999999999999,7.7,37.35));
#368=DIRECTION('',(0.,-1.,-8.7938457396052E-17));
#369=DIRECTION('',(-1.75876914792104E-16,8.7938457396052E-17,-1.));
#370=FACE_BOUND('',#371,.T.);
#371=EDGE_LOOP('',(#1749,#1750,#1751,#1752));
#372=PLANE('',#373);
#373=AXIS2_PLACEMENT_3D('',#374,#375,#376);
#374=CARTESIAN_POINT('',(-8.99999999999999,13.5,37.35));
#375=DIRECTION('',(0.,0.,1.));
#376=DIRECTION('',(0.,-1.,0.));
#377=FACE_BOUND('',#378,.T.);
#378=EDGE_LOOP('',(#1753,#1754,#1755,#1756));
#379=PLANE('',#380);
#380=AXIS2_PLACEMENT_3D('',#381,#382,#383);
#381=CARTESIAN_POINT('',(-6.,14.,37.35));
#382=DIRECTION('',(0.,0.,-1.));
#383=DIRECTION('',(1.,0.,0.));
#384=FACE_BOUND('',#385,.T.);
#385=EDGE_LOOP('',(#1757,#1758,#1759,#1760));
#386=PLANE('',#387);
#387=AXIS2_PLACEMENT_3D('',#388,#389,#390);
#388=CARTESIAN_POINT('',(0.,14.,0.));
#389=DIRECTION('',(0.,-1.,0.));
#390=DIRECTION('',(6.12323399573677E-17,0.,-1.));
#391=FACE_BOUND('',#392,.T.);
#392=EDGE_LOOP('',(#1761,#1762,#1763,#1764,#1765));
#393=PLANE('',#394);
#394=AXIS2_PLACEMENT_3D('',#395,#396,#397);
#395=CARTESIAN_POINT('',(-3.5,14.,37.35));
#396=DIRECTION('',(1.,0.,0.));
#397=DIRECTION('',(0.,0.,1.));
#398=FACE_BOUND('',#399,.T.);
#399=EDGE_LOOP('',(#1766,#1767,#1768,#1769));
#400=PLANE('',#401);
#401=AXIS2_PLACEMENT_3D('',#402,#403,#404);
#402=CARTESIAN_POINT('',(-8.99999999999999,13.5,37.35));
#403=DIRECTION('',(0.,0.,1.));
#404=DIRECTION('',(0.,-1.,0.));
#405=FACE_OUTER_BOUND('',#406,.T.);
#406=EDGE_LOOP('',(#1770));
#407=FACE_OUTER_BOUND('',#408,.T.);
#408=EDGE_LOOP('',(#1771));
#409=CYLINDRICAL_SURFACE('',#410,1.65);
#410=AXIS2_PLACEMENT_3D('',#411,#412,#413);
#411=CARTESIAN_POINT('',(-4.62304166678126E-15,-4.,75.5));
#412=DIRECTION('',(0.,1.,0.));
#413=DIRECTION('',(6.12323399573677E-17,0.,-1.));
#414=FACE_BOUND('',#415,.T.);
#415=EDGE_LOOP('',(#1772,#1773,#1774,#1775,#1776,#1777,#1778,#1779,#1780,#1781));
#416=FACE_BOUND('',#417,.T.);
#417=EDGE_LOOP('',(#1782));
#418=PLANE('',#419);
#419=AXIS2_PLACEMENT_3D('',#420,#421,#422);
#420=CARTESIAN_POINT('',(0.,13.5,0.));
#421=DIRECTION('',(0.,-1.,0.));
#422=DIRECTION('',(6.12323399573677E-17,0.,-1.));
#423=FACE_BOUND('',#424,.T.);
#424=EDGE_LOOP('',(#1783,#1784,#1785,#1786));
#425=PLANE('',#426);
#426=AXIS2_PLACEMENT_3D('',#427,#428,#429);
#427=CARTESIAN_POINT('',(7.05,13.5,27.25));
#428=DIRECTION('',(0.,0.,1.));
#429=DIRECTION('',(-1.,0.,0.));
#430=FACE_BOUND('',#431,.T.);
#431=EDGE_LOOP('',(#1787,#1788,#1789,#1790,#1791,#1792));
#432=PLANE('',#433);
#433=AXIS2_PLACEMENT_3D('',#434,#435,#436);
#434=CARTESIAN_POINT('',(7.05,17.,11.75));
#435=DIRECTION('',(1.,0.,0.));
#436=DIRECTION('',(0.,0.,1.));
#437=FACE_BOUND('',#438,.T.);
#438=EDGE_LOOP('',(#1793,#1794,#1795,#1796));
#439=PLANE('',#440);
#440=AXIS2_PLACEMENT_3D('',#441,#442,#443);
#441=CARTESIAN_POINT('',(6.,4.,-86.));
#442=DIRECTION('',(-1.,0.,0.));
#443=DIRECTION('',(0.,-1.,0.));
#444=FACE_BOUND('',#445,.T.);
#445=EDGE_LOOP('',(#1797,#1798,#1799,#1800,#1801,#1802));
#446=PLANE('',#447);
#447=AXIS2_PLACEMENT_3D('',#448,#449,#450);
#448=CARTESIAN_POINT('',(9.,-4.,-86.));
#449=DIRECTION('',(1.,0.,0.));
#450=DIRECTION('',(0.,1.,0.));
#451=FACE_BOUND('',#452,.T.);
#452=EDGE_LOOP('',(#1803,#1804,#1805));
#453=B_SPLINE_SURFACE_WITH_KNOTS('',3,3,(
(#454,#455,#456,#457,#458,#459,#460,#461,#462,#463,#464,#465,#466,#467,#468),
(#469,#470,#471,#472,#473,#474,#475,#476,#477,#478,#479,#480,#481,#482,#483),
(#484,#485,#486,#487,#488,#489,#490,#491,#492,#493,#494,#495,#496,#497,#498),
(#499,#500,#501,#502,#503,#504,#505,#506,#507,#508,#509,#510,#511,#512,#513),
(#514,#515,#516,#517,#518,#519,#520,#521,#522,#523,#524,#525,#526,#527,#528),
(#529,#530,#531,#532,#533,#534,#535,#536,#537,#538,#539,#540,#541,#542,#543),
(#544,#545,#546,#547,#548,#549,#550,#551,#552,#553,#554,#555,#556,#557,#558),
(#559,#560,#561,#562,#563,#564,#565,#566,#567,#568,#569,#570,#571,#572,#573),
(#574,#575,#576,#577,#578,#579,#580,#581,#582,#583,#584,#585,#586,#587,#588),
(#589,#590,#591,#592,#593,#594,#595,#596,#597,#598,#599,#600,#601,#602,#603),
(#604,#605,#606,#607,#608,#609,#610,#611,#612,#613,#614,#615,#616,#617,#618),
(#619,#620,#621,#622,#623,#624,#625,#626,#627,#628,#629,#630,#631,#632,#633),
(#634,#635,#636,#637,#638,#639,#640,#641,#642,#643,#644,#645,#646,#647,#648),
(#649,#650,#651,#652,#653,#654,#655,#656,#657,#658,#659,#660,#661,#662,#663)),
.UNSPECIFIED.,.F.,.F.,.F.,
(4,1,1,1,1,1,1,1,1,1,1,4),
(4,1,1,1,1,1,1,1,1,1,1,1,4),
(0.,0.0957127699530203,0.182730139515229,0.269747509077437,0.363355414081723,0.467471067064843,
0.588132779520005,0.702527796674062,0.802535608655542,0.882316275831726,0.950702821286525,
1.),
(0.,0.182086729773298,0.262168001864567,0.339828633045688,0.418945662673312,0.499151768508803,
0.579862516754767,0.660252959052669,0.740592338976717,0.814832595887621,0.881030389779899,
0.937670855558315,1.),
.UNSPECIFIED.);
#454=CARTESIAN_POINT('',(9.,14.0000000000001,-22.119168480353));
#455=CARTESIAN_POINT('',(9.00016257534623,14.2179435637126,-22.3064747963506));
#456=CARTESIAN_POINT('',(8.94062136669439,14.5297978823603,-22.5780344721091));
#457=CARTESIAN_POINT('',(8.75775071401345,14.9093936511825,-22.9108833107423));
#458=CARTESIAN_POINT('',(8.58800734048795,15.1599949413517,-23.1307883913988));
#459=CARTESIAN_POINT('',(8.37866249971338,15.3935372158358,-23.3350349159223));
#460=CARTESIAN_POINT('',(8.12924744675954,15.6092304551922,-23.5219691608396));
#461=CARTESIAN_POINT('',(7.84454457566192,15.8019946732346,-23.6861377054271));
#462=CARTESIAN_POINT('',(7.53022582920787,15.9682367767617,-23.8234286225601));
#463=CARTESIAN_POINT('',(7.20059717476103,16.102165470715,-23.9281942983115));
#464=CARTESIAN_POINT('',(6.87417236353772,16.2014386599223,-23.9985723958737));
#465=CARTESIAN_POINT('',(6.57298492211634,16.2677825595527,-24.0374662849203));
#466=CARTESIAN_POINT('',(6.28478316914062,16.3114943055569,-24.0537093974259));
#467=CARTESIAN_POINT('',(6.09790641014116,16.3279207367494,-24.0512820320183));
#468=CARTESIAN_POINT('',(6.00000000000001,16.3333333333333,-24.0464400750007));
#469=CARTESIAN_POINT('',(9.,14.0000000000001,-22.119168480353));
#470=CARTESIAN_POINT('',(9.00016044482221,14.2179423339409,-22.3064736599253));
#471=CARTESIAN_POINT('',(8.94062803768946,14.5316102923332,-22.5762234534089));
#472=CARTESIAN_POINT('',(8.7577981000796,14.915807135034,-22.9046797814204));
#473=CARTESIAN_POINT('',(8.58808768614489,15.1703397695963,-23.1209009117869));
#474=CARTESIAN_POINT('',(8.37877168527009,15.408317657649,-23.321063147404));
#475=CARTESIAN_POINT('',(8.1293732615941,15.6287846178236,-23.5036742382425));
#476=CARTESIAN_POINT('',(7.84466940752483,15.8263844721966,-23.6635314771176));
#477=CARTESIAN_POINT('',(7.5303320072493,15.997246651265,-23.7967646453087));
#478=CARTESIAN_POINT('',(7.20067296878243,16.1352111317365,-23.8980411733796));
#479=CARTESIAN_POINT('',(6.87421622786515,16.2376353242873,-23.9657466349445));
#480=CARTESIAN_POINT('',(6.57300418768747,16.3061038830146,-24.0028888270857));
#481=CARTESIAN_POINT('',(6.28478685571701,16.3511233418826,-24.0181120533124));
#482=CARTESIAN_POINT('',(6.09790640541942,16.3678960266456,-24.0154747526599));
#483=CARTESIAN_POINT('',(6.00000000000001,16.3733346078875,-24.0106618473648));
#484=CARTESIAN_POINT('',(9.,14.0000000000001,-22.119168480353));
#485=CARTESIAN_POINT('',(9.00015713749839,14.2191313665013,-22.3036592793324));
#486=CARTESIAN_POINT('',(8.9406469734843,14.5374529551704,-22.5670237957111));
#487=CARTESIAN_POINT('',(8.75790483587295,14.9312152628552,-22.8849475613696));
#488=CARTESIAN_POINT('',(8.58826784653877,15.1935205794951,-23.0932513781859));
#489=CARTESIAN_POINT('',(8.3790233324936,15.4400011803994,-23.2852616053251));
#490=CARTESIAN_POINT('',(8.12968144990984,15.6694240950151,-23.4597210572698));
#491=CARTESIAN_POINT('',(7.84500937448927,15.8759507701007,-23.6118266729248));
#492=CARTESIAN_POINT('',(7.53067667452381,16.0552266398027,-23.7380731767657));
#493=CARTESIAN_POINT('',(7.20100057901918,16.2004388295132,-23.8336005016367));
#494=CARTESIAN_POINT('',(6.87451380141098,16.3083818375939,-23.8971297873702));
#495=CARTESIAN_POINT('',(6.57326616148285,16.3803632110503,-23.9317483341691));
#496=CARTESIAN_POINT('',(6.28498779596915,16.4269560546109,-23.9458314371376));
#497=CARTESIAN_POINT('',(6.09802663612991,16.443190909517,-23.9434070559991));
#498=CARTESIAN_POINT('',(6.,16.4469521453968,-23.9392802392863));
#499=CARTESIAN_POINT('',(9.,14.0000000000001,-22.119168480353));
#500=CARTESIAN_POINT('',(9.00015407525051,14.2236012912787,-22.2930964477943));
#501=CARTESIAN_POINT('',(8.94067939511467,14.5512918313423,-22.5403194840574));
#502=CARTESIAN_POINT('',(8.75805770721633,14.9603157976467,-22.8377416029184));
#503=CARTESIAN_POINT('',(8.58852259649086,15.234112373453,-23.032308563691));
#504=CARTESIAN_POINT('',(8.37938257357951,15.4924889678913,-23.2114651876041));
#505=CARTESIAN_POINT('',(8.1301331729368,15.7338826174178,-23.3741521216321));
#506=CARTESIAN_POINT('',(7.84552742979517,15.9518410320877,-23.5159976002315));
#507=CARTESIAN_POINT('',(7.531225572468,16.1413974437166,-23.633836018034));
#508=CARTESIAN_POINT('',(7.20153859851884,16.2949069057824,-23.7232292422677));
#509=CARTESIAN_POINT('',(6.87499702498773,16.4085092451713,-23.783046249156));
#510=CARTESIAN_POINT('',(6.57364785783066,16.4832177324598,-23.8161754064913));
#511=CARTESIAN_POINT('',(6.28521467011532,16.5300004608841,-23.8304555647241));
#512=CARTESIAN_POINT('',(6.098093418173,16.5444476153404,-23.8292455558006));
#513=CARTESIAN_POINT('',(6.00000000000001,16.547202694817,-23.8258902674711));
#514=CARTESIAN_POINT('',(9.00000000000001,14.0000000000001,-22.119168480353));
#515=CARTESIAN_POINT('',(9.00015252186889,14.2300498156635,-22.2778638727346));
#516=CARTESIAN_POINT('',(8.94070835603271,14.5687141188106,-22.5040411675182));
#517=CARTESIAN_POINT('',(8.75818002296461,14.9932590173827,-22.7773320282821));
#518=CARTESIAN_POINT('',(8.58872422647957,15.2780620665485,-22.9566554559676));
#519=CARTESIAN_POINT('',(8.37966805108467,15.5472877323282,-23.1223517453513));
#520=CARTESIAN_POINT('',(8.13049736125974,15.7991245074718,-23.273453718788));
#521=CARTESIAN_POINT('',(7.84595395145498,16.026626891514,-23.4059064287255));
#522=CARTESIAN_POINT('',(7.53168781470165,16.2243556048381,-23.5167356539684));
#523=CARTESIAN_POINT('',(7.20199981761669,16.3840499212625,-23.6017063037282));
#524=CARTESIAN_POINT('',(6.87541321854015,16.5014404945625,-23.6595576591779));
#525=CARTESIAN_POINT('',(6.57397563969757,16.5775440533104,-23.6926789922403));
#526=CARTESIAN_POINT('',(6.28540796251645,16.6237496396981,-23.7083196427477));
#527=CARTESIAN_POINT('',(6.09816585898677,16.6365938020528,-23.7087464219929));
#528=CARTESIAN_POINT('',(6.,16.6381782320489,-23.7064130606075));
#529=CARTESIAN_POINT('',(9.,14.0000000000001,-22.119168480353));
#530=CARTESIAN_POINT('',(9.00015224601167,14.2385241695092,-22.2578502390371));
#531=CARTESIAN_POINT('',(8.94073017395248,14.5900003129412,-22.4575323539429));
#532=CARTESIAN_POINT('',(8.75826163481104,15.0308278166592,-22.7019289795773));
#533=CARTESIAN_POINT('',(8.58885706489766,15.3265677509508,-22.863586076389));
#534=CARTESIAN_POINT('',(8.37985742001039,15.6060588393626,-23.0142231962183));
#535=CARTESIAN_POINT('',(8.13074396994065,15.8673145656874,-23.152896369855));
#536=CARTESIAN_POINT('',(7.84625123509776,16.1030019738796,-23.2758113348891));
#537=CARTESIAN_POINT('',(7.53202028593943,16.3073406401,-23.3800919814409));
#538=CARTESIAN_POINT('',(7.20234070226299,16.4716480299322,-23.4615598380951));
#539=CARTESIAN_POINT('',(6.87572611447464,16.5914730524491,-23.5185993178965));
#540=CARTESIAN_POINT('',(6.57422266267,16.6680286435087,-23.552842577987));
#541=CARTESIAN_POINT('',(6.28555192909492,16.7131721997865,-23.5708474228904));
#542=CARTESIAN_POINT('',(6.09821639458867,16.7244330280014,-23.5734363953014));
#543=CARTESIAN_POINT('',(6.00000000000001,16.7250499416785,-23.5723107038854));
#544=CARTESIAN_POINT('',(9.,14.0000000000001,-22.119168480353));
#545=CARTESIAN_POINT('',(9.00015326369429,14.2491727019111,-22.2327060575339));
#546=CARTESIAN_POINT('',(8.94073944311235,14.6154668580059,-22.399646481802));
#547=CARTESIAN_POINT('',(8.75828386649413,15.0734883050821,-22.6090505470769));
#548=CARTESIAN_POINT('',(8.58889146502737,15.3801766855062,-22.7496068151903));
#549=CARTESIAN_POINT('',(8.37990941601801,15.6694151342429,-22.8825374474137));
#550=CARTESIAN_POINT('',(8.13082073167495,15.9391268418659,-23.0068853154039));
#551=CARTESIAN_POINT('',(7.84635859261419,16.18171156864,-23.1191169961803));
#552=CARTESIAN_POINT('',(7.53215880509705,16.3911976514073,-23.216415517982));
#553=CARTESIAN_POINT('',(7.20250103794078,16.5586925961295,-23.2945820771704));
#554=CARTESIAN_POINT('',(6.87588771733854,16.679791731086,-23.3514719929172));
#555=CARTESIAN_POINT('',(6.57435952786391,16.7560767141324,-23.3877110126007));
#556=CARTESIAN_POINT('',(6.28563721146161,16.7998647004225,-23.4090301439997));
#557=CARTESIAN_POINT('',(6.0982488601716,16.8096624155123,-23.4143937884519));
#558=CARTESIAN_POINT('',(6.,16.8094127693513,-23.414784865794));
#559=CARTESIAN_POINT('',(9.,14.,-22.119168480353));
#560=CARTESIAN_POINT('',(9.00015544643303,14.2608556124339,-22.2051234852952));
#561=CARTESIAN_POINT('',(8.94072914912061,14.6423699678785,-22.3359892393038));
#562=CARTESIAN_POINT('',(8.75822373511703,15.1166218092936,-22.5065709798048));
#563=CARTESIAN_POINT('',(8.5887909582004,15.433075468702,-22.6235969552518));
#564=CARTESIAN_POINT('',(8.37977248241434,15.730485464334,-22.7366646480352));
#565=CARTESIAN_POINT('',(8.13066039134985,16.0067886606042,-22.8448254148909));
#566=CARTESIAN_POINT('',(7.84619458633377,16.2542785440276,-22.9448720629172));
#567=CARTESIAN_POINT('',(7.53201231941217,16.4669757939611,-23.0340986898787));
#568=CARTESIAN_POINT('',(7.20238855238918,16.6360200263439,-23.1083418009119));
#569=CARTESIAN_POINT('',(6.87581563035198,16.7572691020561,-23.1649192919334));
#570=CARTESIAN_POINT('',(6.5743234620439,16.8327708402865,-23.2033579018849));
#571=CARTESIAN_POINT('',(6.28562845725742,16.8752259373231,-23.228452194154));
#572=CARTESIAN_POINT('',(6.09824916095628,16.8839151466354,-23.2370321399725));
#573=CARTESIAN_POINT('',(6.,16.8830672747027,-23.2391831010227));
#574=CARTESIAN_POINT('',(9.,14.,-22.119168480353));
#575=CARTESIAN_POINT('',(9.00015809682023,14.2714525390945,-22.180108037223));
#576=CARTESIAN_POINT('',(8.94070078928896,14.6660874032712,-22.2772101825342));
#577=CARTESIAN_POINT('',(8.75809354410836,15.1533263863847,-22.4099346041897));
#578=CARTESIAN_POINT('',(8.58857614187374,15.477161025898,-22.5033605328355));
#579=CARTESIAN_POINT('',(8.37947340506059,15.7803306489591,-22.5958699754569));
#580=CARTESIAN_POINT('',(8.13029114907388,16.0608634388912,-22.6866244970536));
#581=CARTESIAN_POINT('',(7.8457824768813,16.3110859902657,-22.7728853170134));
#582=CARTESIAN_POINT('',(7.53159325370582,16.5251535456651,-22.8522317194436));
#583=CARTESIAN_POINT('',(7.20200192624811,16.6944157393042,-22.9207806570398));
#584=CARTESIAN_POINT('',(6.87549694581334,16.815111994037,-22.9755760362134));
#585=CARTESIAN_POINT('',(6.57409647875072,16.8897452054765,-23.0152372757012));
#586=CARTESIAN_POINT('',(6.28551133862688,16.9312851356506,-23.0436087581352));
#587=CARTESIAN_POINT('',(6.09821081534244,16.939435111488,-23.0553941008214));
#588=CARTESIAN_POINT('',(6.,16.9383466261764,-23.0593972773218));
#589=CARTESIAN_POINT('',(9.,14.,-22.119168480353));
#590=CARTESIAN_POINT('',(9.00016030401654,14.2790168227456,-22.1622532396302));
#591=CARTESIAN_POINT('',(8.94066756288113,14.6826707662431,-22.2336022845152));
#592=CARTESIAN_POINT('',(8.75794890406876,15.1782972181375,-22.3351475381344));
#593=CARTESIAN_POINT('',(8.58833738592912,15.5066466867118,-22.4081873481327));
#594=CARTESIAN_POINT('',(8.37913686280593,15.8130813719703,-22.482038493948));
#595=CARTESIAN_POINT('',(8.12986581473062,16.0957344782945,-22.5560926815144));
#596=CARTESIAN_POINT('',(7.84529113862214,16.3470233459001,-22.6282002077165));
#597=CARTESIAN_POINT('',(7.53107012233571,16.5612753923455,-22.6964115224998));
#598=CARTESIAN_POINT('',(7.20149104550393,16.7300926975207,-22.757414468668));
#599=CARTESIAN_POINT('',(6.87504711429247,16.8500771313755,-22.8083866717535));
#600=CARTESIAN_POINT('',(6.57375313475506,16.9240977778899,-22.8474875923705));
#601=CARTESIAN_POINT('',(6.28531763653958,16.9652912006843,-22.8777407663002));
#602=CARTESIAN_POINT('',(6.09814716296741,16.9734850648095,-22.8922195779804));
#603=CARTESIAN_POINT('',(6.,16.972461777928,-22.897862144188));
#604=CARTESIAN_POINT('',(9.,14.,-22.119168480353));
#605=CARTESIAN_POINT('',(9.00016174654913,14.2835591757092,-22.1515319981544));
#606=CARTESIAN_POINT('',(8.94064049318074,14.6924807706139,-22.2054124120107));
#607=CARTESIAN_POINT('',(8.75783285966922,15.1927587745998,-22.2832159853114));
#608=CARTESIAN_POINT('',(8.58814488995469,15.5234870651835,-22.3397453353559));
#609=CARTESIAN_POINT('',(8.37886213173566,15.8315041376677,-22.3975924060702));
#610=CARTESIAN_POINT('',(8.1295115258187,16.1150210123163,-22.4564638962633));
#611=CARTESIAN_POINT('',(7.84487000660728,16.3665364526881,-22.5148582455263));
#612=CARTESIAN_POINT('',(7.53060431588163,16.5805139521624,-22.5714111455035));
#613=CARTESIAN_POINT('',(7.20101328487592,16.7487560996291,-22.6235708512961));
#614=CARTESIAN_POINT('',(6.87460079463665,16.868141601895,-22.6689808590971));
#615=CARTESIAN_POINT('',(6.57338716259563,16.9418028108901,-22.7057504365771));
#616=CARTESIAN_POINT('',(6.28509341257707,16.9830329604372,-22.7363500281575));
#617=CARTESIAN_POINT('',(6.09806107636364,16.9915804976959,-22.7527344146526));
#618=CARTESIAN_POINT('',(6.,16.9908602083532,-22.7598499198545));
#619=CARTESIAN_POINT('',(9.,14.,-22.119168480353));
#620=CARTESIAN_POINT('',(9.00016244191303,14.2856493647316,-22.1465985909434));
#621=CARTESIAN_POINT('',(8.94062490534428,14.6969410972725,-22.1901746014452));
#622=CARTESIAN_POINT('',(8.75776603346671,15.1992152177938,-22.2514005259926));
#623=CARTESIAN_POINT('',(8.58803319923946,15.5309112374225,-22.2955327868194));
#624=CARTESIAN_POINT('',(8.37870052026654,15.8395083047177,-22.3406273116419));
#625=CARTESIAN_POINT('',(8.12929870482417,16.123256206195,-22.3867337430356));
#626=CARTESIAN_POINT('',(7.84460950213539,16.3746982850103,-22.4329739767327));
#627=CARTESIAN_POINT('',(7.530304206155,16.5883682354845,-22.47857480473));
#628=CARTESIAN_POINT('',(7.2006885501313,16.7561796814124,-22.5217798610411));
#629=CARTESIAN_POINT('',(6.87427334451894,16.8751553090066,-22.5608109270147));
#630=CARTESIAN_POINT('',(6.57309508886107,16.9486191442467,-22.5940586442565));
#631=CARTESIAN_POINT('',(6.2848820568282,16.989939541597,-22.623510146134));
#632=CARTESIAN_POINT('',(6.09799588255592,16.9990757737585,-22.641296241564));
#633=CARTESIAN_POINT('',(6.00000000000001,16.9986318728635,-22.6493563618984));
#634=CARTESIAN_POINT('',(9.,14.,-22.119168480353));
#635=CARTESIAN_POINT('',(9.00016257534623,14.2860445821149,-22.145665717577));
#636=CARTESIAN_POINT('',(8.94062136669439,14.6977758726077,-22.1851359040547));
#637=CARTESIAN_POINT('',(8.75775071401345,15.2004032178572,-22.2378639491238));
#638=CARTESIAN_POINT('',(8.58800734048795,15.5322603315031,-22.2751063909118));
#639=CARTESIAN_POINT('',(8.37866249971338,15.8409404898427,-22.31269744879));
#640=CARTESIAN_POINT('',(8.12924744675954,16.1247005134205,-22.3509436892815));
#641=CARTESIAN_POINT('',(7.84454457566191,16.3760917400657,-22.3893946521924));
#642=CARTESIAN_POINT('',(7.53022582920787,16.5896610319976,-22.4276951223409));
#643=CARTESIAN_POINT('',(7.20059717476103,16.7573388217965,-22.4646345726085));
#644=CARTESIAN_POINT('',(6.87417236353771,16.8761841772068,-22.4988888866838));
#645=CARTESIAN_POINT('',(6.57298492211634,16.9495270823709,-22.5289845180556));
#646=CARTESIAN_POINT('',(6.28478316914061,16.9908438046322,-22.5567820909154));
#647=CARTESIAN_POINT('',(6.09790641014116,17.0000005822276,-22.5742995027207));
#648=CARTESIAN_POINT('',(6.,17.,-22.5833696317097));
#649=CARTESIAN_POINT('',(9.,14.,-22.119168480353));
#650=CARTESIAN_POINT('',(9.00016257534623,14.2860445821149,-22.145665717577));
#651=CARTESIAN_POINT('',(8.94062136669439,14.6977758726077,-22.1838163710956));
#652=CARTESIAN_POINT('',(8.75775071401345,15.2004032178572,-22.2332681895589));
#653=CARTESIAN_POINT('',(8.58800734048795,15.5322603315031,-22.267735870655));
#654=CARTESIAN_POINT('',(8.37866249971338,15.8409404898427,-22.3022217175413));
#655=CARTESIAN_POINT('',(8.12924744675954,16.1247005134205,-22.3371514170661));
#656=CARTESIAN_POINT('',(7.84454457566191,16.3760917400657,-22.372266423437));
#657=CARTESIAN_POINT('',(7.53022582920787,16.5896610319976,-22.4074008238359));
#658=CARTESIAN_POINT('',(7.20059717476103,16.7573388217965,-22.4415936391776));
#659=CARTESIAN_POINT('',(6.87417236353771,16.8761841772068,-22.47372114217));
#660=CARTESIAN_POINT('',(6.57298492211634,16.9495270823709,-22.5023999822596));
#661=CARTESIAN_POINT('',(6.28478316914061,16.9908438046322,-22.5293455188126));
#662=CARTESIAN_POINT('',(6.09790641014116,17.0000005822276,-22.5466579610118));
#663=CARTESIAN_POINT('',(6.,17.,-22.5557280900008));
#664=FACE_BOUND('',#665,.T.);
#665=EDGE_LOOP('',(#1806,#1807,#1808,#1809,#1810,#1811));
#666=PLANE('',#667);
#667=AXIS2_PLACEMENT_3D('',#668,#669,#670);
#668=CARTESIAN_POINT('',(9.,17.,-86.));
#669=DIRECTION('',(0.,1.,0.));
#670=DIRECTION('',(-1.,0.,0.));
#671=FACE_BOUND('',#672,.T.);
#672=EDGE_LOOP('',(#1812,#1813,#1814,#1815,#1816,#1817,#1818,#1819));
#673=PLANE('',#674);
#674=AXIS2_PLACEMENT_3D('',#675,#676,#677);
#675=CARTESIAN_POINT('',(7.05,17.,18.25));
#676=DIRECTION('',(0.,0.,1.));
#677=DIRECTION('',(-1.,0.,0.));
#678=FACE_BOUND('',#679,.T.);
#679=EDGE_LOOP('',(#1820,#1821,#1822,#1823,#1824));
#680=CYLINDRICAL_SURFACE('',#681,1.);
#681=AXIS2_PLACEMENT_3D('',#682,#683,#684);
#682=CARTESIAN_POINT('',(9.18485099360515E-16,17.,-86.));
#683=DIRECTION('',(0.,0.,1.));
#684=DIRECTION('',(1.,0.,0.));
#685=FACE_BOUND('',#686,.T.);
#686=EDGE_LOOP('',(#1825,#1826,#1827,#1828,#1829));
#687=FACE_OUTER_BOUND('',#688,.T.);
#688=EDGE_LOOP('',(#1830));
#689=CYLINDRICAL_SURFACE('',#690,3.);
#690=AXIS2_PLACEMENT_3D('',#691,#692,#693);
#691=CARTESIAN_POINT('',(-4.62304166678126E-15,11.,75.5));
#692=DIRECTION('',(0.,1.,0.));
#693=DIRECTION('',(6.12323399573676E-17,0.,-1.));
#694=FACE_OUTER_BOUND('',#695,.T.);
#695=EDGE_LOOP('',(#1831));
#696=FACE_OUTER_BOUND('',#697,.T.);
#697=EDGE_LOOP('',(#1832));
#698=CYLINDRICAL_SURFACE('',#699,1.5);
#699=AXIS2_PLACEMENT_3D('',#700,#701,#702);
#700=CARTESIAN_POINT('',(-3.5,7.,23.25));
#701=DIRECTION('',(0.,1.,0.));
#702=DIRECTION('',(6.12323399573676E-17,0.,-1.));
#703=FACE_BOUND('',#704,.T.);
#704=EDGE_LOOP('',(#1833,#1834,#1835,#1836,#1837,#1838));
#705=PLANE('',#706);
#706=AXIS2_PLACEMENT_3D('',#707,#708,#709);
#707=CARTESIAN_POINT('',(9.,17.,-86.));
#708=DIRECTION('',(0.,1.,0.));
#709=DIRECTION('',(-1.,0.,0.));
#710=FACE_BOUND('',#711,.T.);
#711=EDGE_LOOP('',(#1839,#1840,#1841));
#712=B_SPLINE_SURFACE_WITH_KNOTS('',3,3,(
(#713,#714,#715,#716,#717,#718,#719,#720,#721,#722,#723,#724,#725,#726,#727),
(#728,#729,#730,#731,#732,#733,#734,#735,#736,#737,#738,#739,#740,#741,#742),
(#743,#744,#745,#746,#747,#748,#749,#750,#751,#752,#753,#754,#755,#756,#757),
(#758,#759,#760,#761,#762,#763,#764,#765,#766,#767,#768,#769,#770,#771,#772),
(#773,#774,#775,#776,#777,#778,#779,#780,#781,#782,#783,#784,#785,#786,#787),
(#788,#789,#790,#791,#792,#793,#794,#795,#796,#797,#798,#799,#800,#801,#802),
(#803,#804,#805,#806,#807,#808,#809,#810,#811,#812,#813,#814,#815,#816,#817),
(#818,#819,#820,#821,#822,#823,#824,#825,#826,#827,#828,#829,#830,#831,#832),
(#833,#834,#835,#836,#837,#838,#839,#840,#841,#842,#843,#844,#845,#846,#847),
(#848,#849,#850,#851,#852,#853,#854,#855,#856,#857,#858,#859,#860,#861,#862),
(#863,#864,#865,#866,#867,#868,#869,#870,#871,#872,#873,#874,#875,#876,#877),
(#878,#879,#880,#881,#882,#883,#884,#885,#886,#887,#888,#889,#890,#891,#892),
(#893,#894,#895,#896,#897,#898,#899,#900,#901,#902,#903,#904,#905,#906,#907),
(#908,#909,#910,#911,#912,#913,#914,#915,#916,#917,#918,#919,#920,#921,#922)),
.UNSPECIFIED.,.F.,.F.,.F.,
(4,1,1,1,1,1,1,1,1,1,1,4),
(4,1,1,1,1,1,1,1,1,1,1,1,4),
(0.,0.0953356337790622,0.182009138122496,0.26868264246593,0.361909222595941,0.465565034892753,
0.586321271286438,0.700879074250474,0.801332013356118,0.882244142225671,0.950778053899882,
1.),
(0.,0.182086729774968,0.262168001866361,0.339828633047439,0.418945662674902,0.499151768510337,
0.579862516756073,0.660252959054133,0.740592338977156,0.814832595886684,0.881030389777524,
0.937670855555639,1.),
.UNSPECIFIED.);
#713=CARTESIAN_POINT('',(-9.,14.,-22.119168480353));
#714=CARTESIAN_POINT('',(-9.00016257534623,14.2860445821175,-22.1456657175772));
#715=CARTESIAN_POINT('',(-8.94062136669344,14.6977758726131,-22.1838163710962));
#716=CARTESIAN_POINT('',(-8.75775071401018,15.2004032178647,-22.2332681895596));
#717=CARTESIAN_POINT('',(-8.58800734048381,15.5322603315101,-22.2677358706558));
#718=CARTESIAN_POINT('',(-8.37866249970867,15.8409404898488,-22.3022217175421));
#719=CARTESIAN_POINT('',(-8.12924744675459,16.1247005134254,-22.3371514170668));
#720=CARTESIAN_POINT('',(-7.84454457565655,16.3760917400699,-22.3722664234376));
#721=CARTESIAN_POINT('',(-7.53022582920346,16.5896610320001,-22.4074008238363));
#722=CARTESIAN_POINT('',(-7.20059717475954,16.7573388217969,-22.4415936391777));
#723=CARTESIAN_POINT('',(-6.87417236354197,16.8761841772052,-22.4737211421696));
#724=CARTESIAN_POINT('',(-6.57298492212556,16.949527082369,-22.5023999822588));
#725=CARTESIAN_POINT('',(-6.28478316914855,16.9908438046316,-22.5293455188118));
#726=CARTESIAN_POINT('',(-6.09790641014536,17.0000005822275,-22.5466579610114));
#727=CARTESIAN_POINT('',(-6.,17.,-22.5557280900008));
#728=CARTESIAN_POINT('',(-9.,14.,-22.119168480353));
#729=CARTESIAN_POINT('',(-9.00016257534623,14.2860445821175,-22.1456657175772));
#730=CARTESIAN_POINT('',(-8.94062136669344,14.6977758726131,-22.1863682110641));
#731=CARTESIAN_POINT('',(-8.75775071401018,15.2004032178647,-22.2421559121891));
#732=CARTESIAN_POINT('',(-8.58800734048381,15.5322603315101,-22.2819896928482));
#733=CARTESIAN_POINT('',(-8.37866249970867,15.8409404898488,-22.3224806959251));
#734=CARTESIAN_POINT('',(-8.12924744675459,16.1247005134254,-22.3638242419064));
#735=CARTESIAN_POINT('',(-7.84454457565655,16.3760917400699,-22.4053906424402));
#736=CARTESIAN_POINT('',(-7.53022582920346,16.5896610320001,-22.4466478935585));
#737=CARTESIAN_POINT('',(-7.20059717475954,16.7573388217969,-22.4861524161469));
#738=CARTESIAN_POINT('',(-6.87417236354197,16.8761841772052,-22.5223929513203));
#739=CARTESIAN_POINT('',(-6.57298492212556,16.949527082369,-22.553811718893));
#740=CARTESIAN_POINT('',(-6.28478316914855,16.9908438046316,-22.5824050053464));
#741=CARTESIAN_POINT('',(-6.09790641014536,17.0000005822275,-22.6001138375183));
#742=CARTESIAN_POINT('',(-6.,17.,-22.6091839665077));
#743=CARTESIAN_POINT('',(-9.,14.,-22.119168480353));
#744=CARTESIAN_POINT('',(-9.00016217270383,14.2848624864241,-22.148455862292));
#745=CARTESIAN_POINT('',(-8.94063178348028,14.6952780554239,-22.1968872427414));
#746=CARTESIAN_POINT('',(-8.75779561750021,15.1968447071792,-22.2667872994561));
#747=CARTESIAN_POINT('',(-8.58808294454311,15.5282155050718,-22.3176520221587));
#748=CARTESIAN_POINT('',(-8.37877323898927,15.8366405313263,-22.3698654215181));
#749=CARTESIAN_POINT('',(-8.12939592266129,16.1203545947079,-22.4232629480072));
#750=CARTESIAN_POINT('',(-7.84473101989858,16.3718829229263,-22.4765928009206));
#751=CARTESIAN_POINT('',(-7.53044824259247,16.5857315506098,-22.5287223626886));
#752=CARTESIAN_POINT('',(-7.20085053486062,16.7537689133657,-22.5774108604644));
#753=CARTESIAN_POINT('',(-6.87444543733041,16.8729583270843,-22.6205077163239));
#754=CARTESIAN_POINT('',(-6.57326042500347,16.946536410051,-22.656198666549));
#755=CARTESIAN_POINT('',(-6.28501631736867,16.987820675343,-22.6867078367611));
#756=CARTESIAN_POINT('',(-6.09805209062943,16.9966163787909,-22.7038733462848));
#757=CARTESIAN_POINT('',(-5.99999999999999,16.9959061434481,-22.7112387045525));
#758=CARTESIAN_POINT('',(-9.00000000000001,14.,-22.119168480353));
#759=CARTESIAN_POINT('',(-9.00016073842567,14.280421203938,-22.1589384508821));
#760=CARTESIAN_POINT('',(-8.9406599874791,14.6857193057111,-22.225167759311));
#761=CARTESIAN_POINT('',(-8.75791631624937,15.1828245454739,-22.3200759621413));
#762=CARTESIAN_POINT('',(-8.58828343980256,15.5119447102398,-22.3886090642505));
#763=CARTESIAN_POINT('',(-8.37906021831116,15.8189089463519,-22.4581841996696));
#764=CARTESIAN_POINT('',(-8.12976767723662,16.1018730847527,-22.5282657542314));
#765=CARTESIAN_POINT('',(-7.84517563825967,16.353276883598,-22.5968633338563));
#766=CARTESIAN_POINT('',(-7.53094404268859,16.5674864686735,-22.6621665318109));
#767=CARTESIAN_POINT('',(-7.20136380888146,16.7361601718488,-22.7210396869344));
#768=CARTESIAN_POINT('',(-6.87493053929692,16.8559788948503,-22.7707524097436));
#769=CARTESIAN_POINT('',(-6.5736589154358,16.929883357879,-22.8094089159058));
#770=CARTESIAN_POINT('',(-6.28526041557983,16.9710553269547,-22.839881648589));
#771=CARTESIAN_POINT('',(-6.09812170291781,16.9793007278998,-22.8548799271065));
#772=CARTESIAN_POINT('',(-6.,16.978362989226,-22.860968301081));
#773=CARTESIAN_POINT('',(-9.,14.,-22.119168480353));
#774=CARTESIAN_POINT('',(-9.0001588269942,14.2740129499156,-22.1740643310981));
#775=CARTESIAN_POINT('',(-8.94069039625841,14.6717204341134,-22.2626043821881));
#776=CARTESIAN_POINT('',(-8.75804802462242,15.1618492591167,-22.3851642115985));
#777=CARTESIAN_POINT('',(-8.58850105665965,15.4872556617872,-22.472021005798));
#778=CARTESIAN_POINT('',(-8.37936784964444,15.7915796241342,-22.558587629848));
#779=CARTESIAN_POINT('',(-8.13015835618095,16.0728827011355,-22.6440896552041));
#780=CARTESIAN_POINT('',(-7.84563009130744,16.3235184199394,-22.7259643922072));
#781=CARTESIAN_POINT('',(-7.53143244541557,16.5376958704131,-22.8019263302164));
#782=CARTESIAN_POINT('',(-7.20184666605721,16.7068439285412,-22.8682520328611));
#783=CARTESIAN_POINT('',(-6.87536212797077,16.8273184676694,-22.9220000113232));
#784=CARTESIAN_POINT('',(-6.57399536981267,16.9017430622381,-22.961617001875));
#785=CARTESIAN_POINT('',(-6.28545578557855,16.9431425532966,-22.9906782707636));
#786=CARTESIAN_POINT('',(-6.09819376756249,16.9512762874128,-23.0033469448041));
#787=CARTESIAN_POINT('',(-6.,16.9501842051361,-23.0078603552603));
#788=CARTESIAN_POINT('',(-9.,14.,-22.119168480353));
#789=CARTESIAN_POINT('',(-9.00015658776524,14.2655892601926,-22.1939488601015));
#790=CARTESIAN_POINT('',(-8.94071796860238,14.6530095658445,-22.309860285688));
#791=CARTESIAN_POINT('',(-8.75817146239987,15.1331769131245,-22.4638538036805));
#792=CARTESIAN_POINT('',(-8.58870465233402,15.4530248639526,-22.5706126679725));
#793=CARTESIAN_POINT('',(-8.37965264453599,15.7531164737941,-22.6748065051934));
#794=CARTESIAN_POINT('',(-8.13051327449891,16.0314241315349,-22.7755237908578));
#795=CARTESIAN_POINT('',(-7.84603180583458,16.2802474160939,-22.8697461918596));
#796=CARTESIAN_POINT('',(-7.53184873839612,16.4936574556551,-22.954873558204));
#797=CARTESIAN_POINT('',(-7.20223986526292,16.6628751721106,-23.026838082121));
#798=CARTESIAN_POINT('',(-6.87569516824847,16.78391857961,-23.082809315123));
#799=CARTESIAN_POINT('',(-6.57423920674803,16.8590359489521,-23.1218960673185));
#800=CARTESIAN_POINT('',(-6.28558588734321,16.9010526156374,-23.148480135614));
#801=CARTESIAN_POINT('',(-6.09823527441195,16.9094609670782,-23.1584601551271));
#802=CARTESIAN_POINT('',(-6.,16.9084820273466,-23.1614138817529));
#803=CARTESIAN_POINT('',(-9.,14.0000000000001,-22.119168480353));
#804=CARTESIAN_POINT('',(-9.00015425135854,14.2549773430412,-22.2190012600377));
#805=CARTESIAN_POINT('',(-8.94073668405348,14.6289304865642,-22.3680936053477));
#806=CARTESIAN_POINT('',(-8.75826343483053,15.095261256219,-22.5584026312746));
#807=CARTESIAN_POINT('',(-8.5888569369881,15.4070103357229,-22.6874338688624));
#808=CARTESIAN_POINT('',(-8.37986305536971,15.7005426215603,-22.8106828253613));
#809=CARTESIAN_POINT('',(-8.13076856788324,15.9737771116059,-22.9271886628189));
#810=CARTESIAN_POINT('',(-7.84630908887452,16.2190427465529,-23.0335666868282));
#811=CARTESIAN_POINT('',(-7.5321202753656,16.4303445459022,-23.1270406783552));
#812=CARTESIAN_POINT('',(-7.20247862785361,16.5987810585639,-23.2034103052179));
#813=CARTESIAN_POINT('',(-6.87588115574545,16.7200586511697,-23.2602480924597));
#814=CARTESIAN_POINT('',(-6.5743636312509,16.7959860893042,-23.2976281552648));
#815=CARTESIAN_POINT('',(-6.28564506855782,16.8390834563008,-23.320824929024));
#816=CARTESIAN_POINT('',(-6.09825319334402,16.8482740951517,-23.3277588205299));
#817=CARTESIAN_POINT('',(-6.,16.8476912525896,-23.3290021653468));
#818=CARTESIAN_POINT('',(-9.,14.0000000000001,-22.119168480353));
#819=CARTESIAN_POINT('',(-9.00015251482388,14.2432971445273,-22.2465792576343));
#820=CARTESIAN_POINT('',(-8.9407373574812,14.6015942882635,-22.4315511879692));
#821=CARTESIAN_POINT('',(-8.75828446623827,15.0505844202885,-22.6601855338064));
#822=CARTESIAN_POINT('',(-8.58889359500367,15.3516211255022,-22.8123211424679));
#823=CARTESIAN_POINT('',(-8.37991032237493,15.6359193579177,-22.9549523593943));
#824=CARTESIAN_POINT('',(-8.13081555153091,15.9014332528977,-23.0871311414823));
#825=CARTESIAN_POINT('',(-7.84634194945813,16.1406784543935,-23.2051827953179));
#826=CARTESIAN_POINT('',(-7.53212719163819,16.3477546359138,-23.3062597854584));
#827=CARTESIAN_POINT('',(-7.20245561226688,16.5138401694951,-23.3861780893931));
#828=CARTESIAN_POINT('',(-6.87583559929359,16.6344673375245,-23.4430889926918));
#829=CARTESIAN_POINT('',(-6.57431163967555,16.7110019694169,-23.4781775416607));
#830=CARTESIAN_POINT('',(-6.28560529374168,16.7555260986434,-23.4976298776851));
#831=CARTESIAN_POINT('',(-6.09823635471431,16.7660564936322,-23.5014446386011));
#832=CARTESIAN_POINT('',(-6.,16.7662258963162,-23.5009940693551));
#833=CARTESIAN_POINT('',(-9.,14.0000000000001,-22.119168480353));
#834=CARTESIAN_POINT('',(-9.0001522088913,14.2326577865727,-22.2717040935005));
#835=CARTESIAN_POINT('',(-8.94071752849089,14.575475404123,-22.4895954403821));
#836=CARTESIAN_POINT('',(-8.75821660146722,15.0055690240778,-22.7536747624697));
#837=CARTESIAN_POINT('',(-8.58878414932338,15.2941986388294,-22.9272934674548));
#838=CARTESIAN_POINT('',(-8.3797530860343,15.567104299096,-23.0880576336585));
#839=CARTESIAN_POINT('',(-8.13060673237746,15.8224001956476,-23.2350181549544));
#840=CARTESIAN_POINT('',(-7.84608353852178,16.0529865510702,-23.3642177216035));
#841=CARTESIAN_POINT('',(-7.5318299981762,16.2532813090346,-23.4727294509085));
#842=CARTESIAN_POINT('',(-7.20214301969127,16.4148416793,-23.5563595456051));
#843=CARTESIAN_POINT('',(-6.87554286417205,16.5332964584616,-23.6137589268145));
#844=CARTESIAN_POINT('',(-6.57407689186159,16.6096965220359,-23.6470967937489));
#845=CARTESIAN_POINT('',(-6.28546645012004,16.6555968018178,-23.6633977546358));
#846=CARTESIAN_POINT('',(-6.0981853217671,16.6678640517316,-23.664490917825));
#847=CARTESIAN_POINT('',(-6.,16.6691053254106,-23.6625337587888));
#848=CARTESIAN_POINT('',(-9.,14.0000000000001,-22.119168480353));
#849=CARTESIAN_POINT('',(-9.00015353096799,14.2250230082649,-22.2897376639181));
#850=CARTESIAN_POINT('',(-8.94068721455142,14.5553137291567,-22.5321687213198));
#851=CARTESIAN_POINT('',(-8.75809224954069,14.9682219147416,-22.8239012229697));
#852=CARTESIAN_POINT('',(-8.58857980553632,15.2448416849114,-23.0147971204737));
#853=CARTESIAN_POINT('',(-8.37946345197863,15.5060595976373,-23.1906411814084));
#854=CARTESIAN_POINT('',(-8.13023575711604,15.7502415538846,-23.350407394862));
#855=CARTESIAN_POINT('',(-7.84564658402337,15.9707984028657,-23.4898144509675));
#856=CARTESIAN_POINT('',(-7.53135358823884,16.1626292667619,-23.6057592251011));
#857=CARTESIAN_POINT('',(-7.20166560150018,16.3179123652242,-23.6938755843138));
#858=CARTESIAN_POINT('',(-6.8751115854814,16.4326563727196,-23.753028168938));
#859=CARTESIAN_POINT('',(-6.57373924963147,16.5078577660455,-23.7860061172997));
#860=CARTESIAN_POINT('',(-6.28526972617183,16.5545684575155,-23.8005122781781));
#861=CARTESIAN_POINT('',(-6.09811734367534,16.5686406595288,-23.7996546714165));
#862=CARTESIAN_POINT('',(-6.,16.5710300994051,-23.796557648564));
#863=CARTESIAN_POINT('',(-9.,14.0000000000001,-22.119168480353));
#864=CARTESIAN_POINT('',(-9.00015605009517,14.2204364681769,-22.3005748326728));
#865=CARTESIAN_POINT('',(-8.94065741893854,14.5416629353959,-22.5590685605748));
#866=CARTESIAN_POINT('',(-8.75795527214813,14.9403134439421,-22.870622751163));
#867=CARTESIAN_POINT('',(-8.58835206386406,15.2063443514929,-23.0745936330769));
#868=CARTESIAN_POINT('',(-8.37914195934949,15.4567177907339,-23.2624931601633));
#869=CARTESIAN_POINT('',(-8.12983010723497,15.6900894263718,-23.4331356397924));
#870=CARTESIAN_POINT('',(-7.84517898808151,15.9004155516403,-23.5818656119393));
#871=CARTESIAN_POINT('',(-7.53085534423831,16.0831365586147,-23.7052979105318));
#872=CARTESIAN_POINT('',(-7.20117462919302,16.2311563889952,-23.7987247863223));
#873=CARTESIAN_POINT('',(-6.87466968647147,16.3410490397315,-23.8609326006848));
#874=CARTESIAN_POINT('',(-6.57338755268519,16.4139841215443,-23.8949723676157));
#875=CARTESIAN_POINT('',(-6.28505898117079,16.4607024423343,-23.9090359957912));
#876=CARTESIAN_POINT('',(-6.09803696625967,16.4762540278175,-23.9070060488831));
#877=CARTESIAN_POINT('',(-5.99999999999999,16.4798537631499,-23.903064213813));
#878=CARTESIAN_POINT('',(-9.,14.0000000000001,-22.119168480353));
#879=CARTESIAN_POINT('',(-9.00015911137915,14.2183362631857,-22.3055408240859));
#880=CARTESIAN_POINT('',(-8.94063510521596,14.5337499944083,-22.5729719007748));
#881=CARTESIAN_POINT('',(-8.75783902321687,14.9216345093618,-22.8974455295327));
#882=CARTESIAN_POINT('',(-8.58815685249528,15.1791860265881,-23.1106298128119));
#883=CARTESIAN_POINT('',(-8.378868104548,15.4204827454263,-23.3076321282239));
#884=CARTESIAN_POINT('',(-8.12949078084968,15.6444589185655,-23.4870559421573));
#885=CARTESIAN_POINT('',(-7.84479813522364,15.8455692829175,-23.643858497282));
#886=CARTESIAN_POINT('',(-7.53046135657891,16.0197529336221,-23.774317200849));
#887=CARTESIAN_POINT('',(-7.20079540695346,16.1606010517714,-23.8732885200224));
#888=CARTESIAN_POINT('',(-6.87432757610342,16.2652410846976,-23.9393000805819));
#889=CARTESIAN_POINT('',(-6.57310773809214,16.3352066560777,-23.975379765039));
#890=CARTESIAN_POINT('',(-6.28487076730891,16.3809266729257,-23.99010060309));
#891=CARTESIAN_POINT('',(-6.09797909712539,16.3977844606983,-23.9874391404292));
#892=CARTESIAN_POINT('',(-6.,16.4022071805664,-23.9830035759623));
#893=CARTESIAN_POINT('',(-9.,14.0000000000001,-22.119168480353));
#894=CARTESIAN_POINT('',(-9.00016147968744,14.2179429312833,-22.306474211926));
#895=CARTESIAN_POINT('',(-8.94062479736794,14.5307299455159,-22.5771031244473));
#896=CARTESIAN_POINT('',(-8.75777508311364,14.9126918960996,-22.9076930385812));
#897=CARTESIAN_POINT('',(-8.58804865962646,15.1653149480658,-23.125703584133));
#898=CARTESIAN_POINT('',(-8.3787186502682,15.4011383134852,-23.3278496924993));
#899=CARTESIAN_POINT('',(-8.12931214920765,15.6192865212732,-23.512560680716));
#900=CARTESIAN_POINT('',(-7.84460877259945,15.8145375488697,-23.6745120618304));
#901=CARTESIAN_POINT('',(-7.53028043309629,15.9831556060889,-23.8097162114411));
#902=CARTESIAN_POINT('',(-7.20063615314495,16.1191597730059,-23.9126875326954));
#903=CARTESIAN_POINT('',(-6.87419492153043,16.2200534201379,-23.9816911810052));
#904=CARTESIAN_POINT('',(-6.57299482977847,16.2874899624278,-24.0196842296445));
#905=CARTESIAN_POINT('',(-6.28478506503416,16.3318742223736,-24.0354028480059));
#906=CARTESIAN_POINT('',(-6.09790640771712,16.3484787204495,-24.0328675197707));
#907=CARTESIAN_POINT('',(-6.,16.3539046800931,-24.0280405031033));
#908=CARTESIAN_POINT('',(-9.,14.0000000000001,-22.119168480353));
#909=CARTESIAN_POINT('',(-9.00016257534623,14.2179435637146,-22.3064747963523));
#910=CARTESIAN_POINT('',(-8.94062136669344,14.5297978823644,-22.5780344721127));
#911=CARTESIAN_POINT('',(-8.75775071401018,14.9093936511882,-22.9108833107473));
#912=CARTESIAN_POINT('',(-8.58800734048381,15.1599949413569,-23.1307883914034));
#913=CARTESIAN_POINT('',(-8.37866249970867,15.3935372158404,-23.3350349159263));
#914=CARTESIAN_POINT('',(-8.12924744675459,15.609230455196,-23.5219691608428));
#915=CARTESIAN_POINT('',(-7.84454457565655,15.8019946732378,-23.6861377054298));
#916=CARTESIAN_POINT('',(-7.53022582920347,15.9682367767636,-23.8234286225617));
#917=CARTESIAN_POINT('',(-7.20059717475954,16.1021654707154,-23.9281942983117));
#918=CARTESIAN_POINT('',(-6.87417236354197,16.201438659921,-23.9985723958728));
#919=CARTESIAN_POINT('',(-6.57298492212556,16.2677825595509,-24.0374662849193));
#920=CARTESIAN_POINT('',(-6.28478316914854,16.311494305556,-24.0537093974258));
#921=CARTESIAN_POINT('',(-6.09790641014536,16.3279207367491,-24.0512820320185));
#922=CARTESIAN_POINT('',(-6.,16.3333333333333,-24.0464400750007));
#923=FACE_BOUND('',#924,.T.);
#924=EDGE_LOOP('',(#1842,#1843,#1844,#1845,#1846,#1847,#1848,#1849));
#925=CYLINDRICAL_SURFACE('',#926,10.);
#926=AXIS2_PLACEMENT_3D('',#927,#928,#929);
#927=CARTESIAN_POINT('',(-9.,23.,-31.5));
#928=DIRECTION('',(1.,0.,0.));
#929=DIRECTION('',(0.,-1.22464679914735E-16,-1.));
#930=FACE_BOUND('',#931,.T.);
#931=EDGE_LOOP('',(#1850,#1851,#1852));
#932=B_SPLINE_SURFACE_WITH_KNOTS('',3,3,(
(#933,#934,#935,#936,#937,#938,#939,#940,#941,#942,#943,#944,#945,#946,#947),
(#948,#949,#950,#951,#952,#953,#954,#955,#956,#957,#958,#959,#960,#961,#962),
(#963,#964,#965,#966,#967,#968,#969,#970,#971,#972,#973,#974,#975,#976,#977),
(#978,#979,#980,#981,#982,#983,#984,#985,#986,#987,#988,#989,#990,#991,#992),
(#993,#994,#995,#996,#997,#998,#999,#1000,#1001,#1002,#1003,#1004,#1005,#1006,#1007),
(#1008,#1009,#1010,#1011,#1012,#1013,#1014,#1015,#1016,#1017,#1018,#1019,#1020,#1021,
#1022),
(#1023,#1024,#1025,#1026,#1027,#1028,#1029,#1030,#1031,#1032,#1033,#1034,#1035,#1036,
#1037),
(#1038,#1039,#1040,#1041,#1042,#1043,#1044,#1045,#1046,#1047,#1048,#1049,#1050,#1051,
#1052),
(#1053,#1054,#1055,#1056,#1057,#1058,#1059,#1060,#1061,#1062,#1063,#1064,#1065,#1066,
#1067),
(#1068,#1069,#1070,#1071,#1072,#1073,#1074,#1075,#1076,#1077,#1078,#1079,#1080,#1081,
#1082),
(#1083,#1084,#1085,#1086,#1087,#1088,#1089,#1090,#1091,#1092,#1093,#1094,#1095,#1096,
#1097),
(#1098,#1099,#1100,#1101,#1102,#1103,#1104,#1105,#1106,#1107,#1108,#1109,#1110,#1111,
#1112),
(#1113,#1114,#1115,#1116,#1117,#1118,#1119,#1120,#1121,#1122,#1123,#1124,#1125,#1126,
#1127),
(#1128,#1129,#1130,#1131,#1132,#1133,#1134,#1135,#1136,#1137,#1138,#1139,#1140,#1141,
#1142)),
.UNSPECIFIED.,.F.,.F.,.F.,
(4,1,1,1,1,1,1,1,1,1,1,4),
(4,1,1,1,1,1,1,1,1,1,1,1,4),
(0.,0.095712769950273,0.182730139510475,0.269747509070676,0.363355414073653,0.467471067058051,
0.588132779514417,0.70252779666951,0.802535608649747,0.88231627582852,0.950702821286137,
1.),
(0.,0.182086729774727,0.262168001866127,0.339828633047032,0.418945662674488,0.499151768509853,
0.579862516755746,0.660252959053647,0.740592219082834,0.814832225398215,0.88102978282478,
0.937670132576569,1.),
.UNSPECIFIED.);
#933=CARTESIAN_POINT('',(-9.,14.0000000000001,-40.880831519647));
#934=CARTESIAN_POINT('',(-9.00016257534624,14.2179435637144,-40.6935252036479));
#935=CARTESIAN_POINT('',(-8.94062136669355,14.5297978823638,-40.4219655278878));
#936=CARTESIAN_POINT('',(-8.75775071401073,14.9093936511873,-40.0891166892536));
#937=CARTESIAN_POINT('',(-8.58800734048461,15.1599949413558,-39.8692116085976));
#938=CARTESIAN_POINT('',(-8.37866249971002,15.3935372158393,-39.6649650840746));
#939=CARTESIAN_POINT('',(-8.12924744675558,15.6092304551944,-39.4780308391586));
#940=CARTESIAN_POINT('',(-7.8445445756596,15.8019946732387,-39.3138622945692));
#941=CARTESIAN_POINT('',(-7.53022598528334,15.9682366942037,-39.1765714456215));
#942=CARTESIAN_POINT('',(-7.20059786830841,16.1021651977969,-39.0718059135109));
#943=CARTESIAN_POINT('',(-6.87417400400372,16.2014381992512,-39.0014279190942));
#944=CARTESIAN_POINT('',(-6.57298754347467,16.2677820521915,-38.9625339801749));
#945=CARTESIAN_POINT('',(-6.28478525818268,16.3114940881225,-38.9462906132335));
#946=CARTESIAN_POINT('',(-6.09790754580095,16.3279206740064,-38.9487179117736));
#947=CARTESIAN_POINT('',(-6.,16.3333333333333,-38.9535599249993));
#948=CARTESIAN_POINT('',(-9.,14.0000000000001,-40.880831519647));
#949=CARTESIAN_POINT('',(-9.00016044482222,14.2179423339426,-40.6935263400732));
#950=CARTESIAN_POINT('',(-8.94062803768862,14.5316102923367,-40.4237765465879));
#951=CARTESIAN_POINT('',(-8.75779810007688,14.9158071350386,-40.0953202185754));
#952=CARTESIAN_POINT('',(-8.58808768614155,15.1703397696002,-39.8790990882093));
#953=CARTESIAN_POINT('',(-8.37877168526672,15.4083176576522,-39.6789368525926));
#954=CARTESIAN_POINT('',(-8.12937326159012,15.6287846178253,-39.4963257617552));
#955=CARTESIAN_POINT('',(-7.84466940752252,15.8263844722001,-39.336468522878));
#956=CARTESIAN_POINT('',(-7.53033216333398,15.9972465664121,-39.2032354208572));
#957=CARTESIAN_POINT('',(-7.20067366239627,16.1352108505032,-39.1019590312685));
#958=CARTESIAN_POINT('',(-6.87421786848989,16.2376348488331,-39.0342536675594));
#959=CARTESIAN_POINT('',(-6.57300680923743,16.3061033595528,-38.9971114249344));
#960=CARTESIAN_POINT('',(-6.28478894482241,16.3511231189386,-38.9818879535331));
#961=CARTESIAN_POINT('',(-6.09790754107868,16.3678959635999,-38.9845251914681));
#962=CARTESIAN_POINT('',(-6.,16.3733346078863,-38.9893381526342));
#963=CARTESIAN_POINT('',(-9.,14.0000000000001,-40.880831519647));
#964=CARTESIAN_POINT('',(-9.00015713749839,14.2191313665029,-40.6963407206662));
#965=CARTESIAN_POINT('',(-8.94064697348349,14.5374529551738,-40.4329762042853));
#966=CARTESIAN_POINT('',(-8.75790483587021,14.9312152628595,-40.1150524386256));
#967=CARTESIAN_POINT('',(-8.58826784653541,15.1935205794984,-39.9067486218094));
#968=CARTESIAN_POINT('',(-8.37902333249024,15.4400011804017,-39.7147383946705));
#969=CARTESIAN_POINT('',(-8.12968144990584,15.6694240950157,-39.5402789427265));
#970=CARTESIAN_POINT('',(-7.84500937448699,15.8759507701032,-39.3881733270695));
#971=CARTESIAN_POINT('',(-7.53067683060601,16.0552265507692,-39.2619268859286));
#972=CARTESIAN_POINT('',(-7.20100127267418,16.2004385333774,-39.1663996912601));
#973=CARTESIAN_POINT('',(-6.87451544219789,16.3083813364621,-39.1028704959808));
#974=CARTESIAN_POINT('',(-6.57326878338617,16.3803626622272,-39.0682518999553));
#975=CARTESIAN_POINT('',(-6.28498988569939,16.4269558305957,-39.0541685684402));
#976=CARTESIAN_POINT('',(-6.09802777294961,16.4431908626373,-39.056592895045));
#977=CARTESIAN_POINT('',(-6.,16.4469521453938,-39.0607197607108));
#978=CARTESIAN_POINT('',(-9.,14.0000000000001,-40.880831519647));
#979=CARTESIAN_POINT('',(-9.00015407525054,14.2236012912802,-40.7069035522036));
#980=CARTESIAN_POINT('',(-8.94067939511379,14.5512918313452,-40.4596805159382));
#981=CARTESIAN_POINT('',(-8.75805770721364,14.9603157976502,-40.1622583970751));
#982=CARTESIAN_POINT('',(-8.58852259648753,15.2341123734553,-39.9676914363023));
#983=CARTESIAN_POINT('',(-8.37938257357613,15.4924889678923,-39.788534812389));
#984=CARTESIAN_POINT('',(-8.1301331729328,15.7338826174169,-39.6258478783614));
#985=CARTESIAN_POINT('',(-7.8455274297929,15.9518410320882,-39.4840023997599));
#986=CARTESIAN_POINT('',(-7.53122572853486,16.1413973495765,-39.3661640404813));
#987=CARTESIAN_POINT('',(-7.2015392922062,16.2949065927288,-39.2767709383087));
#988=CARTESIAN_POINT('',(-6.87499866610439,16.4085087187741,-39.2169540183113));
#989=CARTESIAN_POINT('',(-6.57365048079268,16.4832171677444,-39.1838248202623));
#990=CARTESIAN_POINT('',(-6.28521676138525,16.5300002500019,-39.1695444510253));
#991=CARTESIAN_POINT('',(-6.0980945559702,16.5444475830039,-39.1707544051112));
#992=CARTESIAN_POINT('',(-6.,16.5472026948119,-39.1741097325228));
#993=CARTESIAN_POINT('',(-9.,14.0000000000001,-40.880831519647));
#994=CARTESIAN_POINT('',(-9.00015252186892,14.2300498156647,-40.7221361272629));
#995=CARTESIAN_POINT('',(-8.94070835603187,14.5687141188131,-40.4959588324764));
#996=CARTESIAN_POINT('',(-8.75818002296187,14.9932590173855,-40.2226679717096));
#997=CARTESIAN_POINT('',(-8.58872422647623,15.2780620665499,-40.0433445440236));
#998=CARTESIAN_POINT('',(-8.37966805108128,15.5472877323282,-39.8776482546393));
#999=CARTESIAN_POINT('',(-8.13049736125575,15.7991245074698,-39.7265462812028));
#1000=CARTESIAN_POINT('',(-7.84595395145264,16.0266268915127,-39.5940935712631));
#1001=CARTESIAN_POINT('',(-7.53168797075093,16.2243555066404,-39.4832644010626));
#1002=CARTESIAN_POINT('',(-7.20200051131407,16.3840495957093,-39.3982938681819));
#1003=CARTESIAN_POINT('',(-6.87541485994115,16.5014399520044,-39.3404426011761));
#1004=CARTESIAN_POINT('',(-6.57397826358183,16.5775434827831,-39.3073212393774));
#1005=CARTESIAN_POINT('',(-6.28541005504848,16.623749443294,-39.2916803895186));
#1006=CARTESIAN_POINT('',(-6.09816699761347,16.6365937831582,-39.2912535507439));
#1007=CARTESIAN_POINT('',(-6.,16.6381782320425,-39.2935869393836));
#1008=CARTESIAN_POINT('',(-9.,14.0000000000001,-40.880831519647));
#1009=CARTESIAN_POINT('',(-9.0001522460117,14.2385241695104,-40.7421497609602));
#1010=CARTESIAN_POINT('',(-8.94073017395162,14.5900003129435,-40.5424676460509));
#1011=CARTESIAN_POINT('',(-8.75826163480834,15.0308278166618,-40.2980710204136));
#1012=CARTESIAN_POINT('',(-8.58885706489431,15.3265677509521,-40.1364139236008));
#1013=CARTESIAN_POINT('',(-8.37985742000704,15.6060588393623,-39.9857768037708));
#1014=CARTESIAN_POINT('',(-8.13074396993667,15.8673145656853,-39.847103630134));
#1015=CARTESIAN_POINT('',(-7.84625123509543,16.1030019738782,-39.724188665098));
#1016=CARTESIAN_POINT('',(-7.53202044197132,16.3073405386204,-39.6199080703353));
#1017=CARTESIAN_POINT('',(-7.20234139594863,16.4716476951789,-39.5384403271836));
#1018=CARTESIAN_POINT('',(-6.8757277560649,16.591472500215,-39.4814009413591));
#1019=CARTESIAN_POINT('',(-6.57422528725731,16.6680280742492,-39.4471576682924));
#1020=CARTESIAN_POINT('',(-6.28555402259991,16.7131720187811,-39.4291526323818));
#1021=CARTESIAN_POINT('',(-6.09821753382379,16.7244330206665,-39.4265635915819));
#1022=CARTESIAN_POINT('',(-6.,16.7250499416723,-39.4276892961042));
#1023=CARTESIAN_POINT('',(-9.,14.,-40.880831519647));
#1024=CARTESIAN_POINT('',(-9.00015326369432,14.2491727019123,-40.7672939424636));
#1025=CARTESIAN_POINT('',(-8.94073944311151,14.6154668580084,-40.6003535181923));
#1026=CARTESIAN_POINT('',(-8.75828386649141,15.0734883050852,-40.3909494529143));
#1027=CARTESIAN_POINT('',(-8.58889146502405,15.3801766855079,-40.2503931847998));
#1028=CARTESIAN_POINT('',(-8.37990941601463,15.6694151342433,-40.1174625525756));
#1029=CARTESIAN_POINT('',(-8.13082073167099,15.9391268418646,-39.9931146845849));
#1030=CARTESIAN_POINT('',(-7.84635859261186,16.1817115686396,-39.8808830038074));
#1031=CARTESIAN_POINT('',(-7.53215896111356,16.3911975473724,-39.7835845303254));
#1032=CARTESIAN_POINT('',(-7.20250173158267,16.5586922551555,-39.7054180820479));
#1033=CARTESIAN_POINT('',(-6.8758893589519,16.6797911746369,-39.6485282690607));
#1034=CARTESIAN_POINT('',(-6.57436215275429,16.7560761512148,-39.6122892565109));
#1035=CARTESIAN_POINT('',(-6.28563930549912,16.7998645345175,-39.5909699414034));
#1036=CARTESIAN_POINT('',(-6.09824999978526,16.8096624182835,-39.585606216083));
#1037=CARTESIAN_POINT('',(-6.,16.8094127693464,-39.5852151341956));
#1038=CARTESIAN_POINT('',(-9.,14.,-40.880831519647));
#1039=CARTESIAN_POINT('',(-9.00015544643307,14.2608556124354,-40.7948765147027));
#1040=CARTESIAN_POINT('',(-8.94072914911976,14.6423699678816,-40.6640107606916));
#1041=CARTESIAN_POINT('',(-8.75822373511433,15.1166218092975,-40.493429020188));
#1042=CARTESIAN_POINT('',(-8.58879095819707,15.4330754687048,-40.37640304474));
#1043=CARTESIAN_POINT('',(-8.37977248241099,15.7304854643357,-40.2633353519558));
#1044=CARTESIAN_POINT('',(-8.13066039134593,16.0067886606042,-40.1551745850997));
#1045=CARTESIAN_POINT('',(-7.84619458633141,16.2542785440289,-40.0551279370726));
#1046=CARTESIAN_POINT('',(-7.53201247542006,16.4669756883325,-39.9659013544202));
#1047=CARTESIAN_POINT('',(-7.2023892459559,16.6360196825123,-39.8916583510535));
#1048=CARTESIAN_POINT('',(-6.87581727175814,16.757268546383,-39.8350809724779));
#1049=CARTESIAN_POINT('',(-6.57432608663516,16.8327702865004,-39.7966423928179));
#1050=CARTESIAN_POINT('',(-6.28563055115293,16.8752257835391,-39.771547925989));
#1051=CARTESIAN_POINT('',(-6.09825030056751,16.8839151563679,-39.7629678851374));
#1052=CARTESIAN_POINT('',(-6.,16.8830672746996,-39.7608168989683));
#1053=CARTESIAN_POINT('',(-9.,14.,-40.880831519647));
#1054=CARTESIAN_POINT('',(-9.00015809682023,14.2714525390962,-40.8198919627755));
#1055=CARTESIAN_POINT('',(-8.94070078928814,14.6660874032746,-40.722789817462));
#1056=CARTESIAN_POINT('',(-8.75809354410564,15.1533263863892,-40.5900653958043));
#1057=CARTESIAN_POINT('',(-8.58857614187043,15.4771610259015,-40.4966394671573));
#1058=CARTESIAN_POINT('',(-8.37947340505723,15.7803306489614,-40.4041300245352));
#1059=CARTESIAN_POINT('',(-8.13029114906994,16.0608634388919,-40.3133755029378));
#1060=CARTESIAN_POINT('',(-7.84578247687899,16.3110859902683,-40.2271146829774));
#1061=CARTESIAN_POINT('',(-7.5315934097171,16.5251534393554,-40.1477683199492));
#1062=CARTESIAN_POINT('',(-7.20200261973818,16.6944153952872,-40.0792194839679));
#1063=CARTESIAN_POINT('',(-6.87549858683461,16.8151114418988,-40.0244242236724));
#1064=CARTESIAN_POINT('',(-6.57409910246427,16.8897446598793,-39.984763037387));
#1065=CARTESIAN_POINT('',(-6.28551343162314,16.9312849883325,-39.9563913957326));
#1066=CARTESIAN_POINT('',(-6.09821195451174,16.9394351240458,-39.9446059457868));
#1067=CARTESIAN_POINT('',(-6.,16.9383466261741,-39.9406027226695));
#1068=CARTESIAN_POINT('',(-9.,14.,-40.880831519647));
#1069=CARTESIAN_POINT('',(-9.00016030401657,14.2790168227476,-40.8377467603687));
#1070=CARTESIAN_POINT('',(-8.94066756288028,14.682670766247,-40.7663977154822));
#1071=CARTESIAN_POINT('',(-8.75794890406605,15.1782972181427,-40.6648524618611));
#1072=CARTESIAN_POINT('',(-8.58833738592581,15.5066466867161,-40.5918126518619));
#1073=CARTESIAN_POINT('',(-8.37913686280257,15.8130813719736,-40.5179615060459));
#1074=CARTESIAN_POINT('',(-8.1298658147267,16.0957344782961,-40.4439073184787));
#1075=CARTESIAN_POINT('',(-7.84529113861981,16.3470233459039,-40.3717997922764));
#1076=CARTESIAN_POINT('',(-7.53107027836283,16.5612752859447,-40.3035885113638));
#1077=CARTESIAN_POINT('',(-7.20149173895805,16.7300923545824,-40.2425856573733));
#1078=CARTESIAN_POINT('',(-6.87504875494618,16.8500765830027,-40.1916135732079));
#1079=CARTESIAN_POINT('',(-6.57375575737967,16.9240972370794,-40.1525127243647));
#1080=CARTESIAN_POINT('',(-6.28531972818405,16.9652910540406,-40.1222594135669));
#1081=CARTESIAN_POINT('',(-6.09814830132356,16.9734850762445,-40.1077804884809));
#1082=CARTESIAN_POINT('',(-6.,16.9724617779267,-40.1021378558045));
#1083=CARTESIAN_POINT('',(-9.,14.,-40.880831519647));
#1084=CARTESIAN_POINT('',(-9.00016174654915,14.2835591757114,-40.8484680018452));
#1085=CARTESIAN_POINT('',(-8.94064049317992,14.6924807706183,-40.7945875879878));
#1086=CARTESIAN_POINT('',(-8.75783285966651,15.1927587746057,-40.716784014686));
#1087=CARTESIAN_POINT('',(-8.58814488995137,15.5234870651885,-40.6602546646408));
#1088=CARTESIAN_POINT('',(-8.37886213173232,15.8315041376719,-40.6024075939259));
#1089=CARTESIAN_POINT('',(-8.12951152581471,16.1150210123185,-40.5435361037329));
#1090=CARTESIAN_POINT('',(-7.84487000660513,16.3665364526938,-40.4851417544674));
#1091=CARTESIAN_POINT('',(-7.53060447193025,16.5805138458948,-40.4285888825803));
#1092=CARTESIAN_POINT('',(-7.20101397834998,16.748755757979,-40.3764292568568));
#1093=CARTESIAN_POINT('',(-6.87460243506792,16.8681410564243,-40.3310193618523));
#1094=CARTESIAN_POINT('',(-6.57338978435338,16.9418022723456,-40.2942498681627));
#1095=CARTESIAN_POINT('',(-6.28509550276525,16.9830328107797,-40.2636501685749));
#1096=CARTESIAN_POINT('',(-6.09806221379001,16.9915805059693,-40.2472656681672));
#1097=CARTESIAN_POINT('',(-6.00000000000001,16.9908602083528,-40.2401500801402));
#1098=CARTESIAN_POINT('',(-9.,14.,-40.880831519647));
#1099=CARTESIAN_POINT('',(-9.0001624419131,14.2856493647338,-40.8534014090564));
#1100=CARTESIAN_POINT('',(-8.9406249053434,14.6969410972771,-40.8098253985542));
#1101=CARTESIAN_POINT('',(-8.757766033464,15.1992152178,-40.7485994740061));
#1102=CARTESIAN_POINT('',(-8.58803319923611,15.5309112374279,-40.7044672131792));
#1103=CARTESIAN_POINT('',(-8.37870052026318,15.8395083047222,-40.6593726883567));
#1104=CARTESIAN_POINT('',(-8.12929870482028,16.1232562061981,-40.6132662569618));
#1105=CARTESIAN_POINT('',(-7.8446095021328,16.3746982850144,-40.5670260232683));
#1106=CARTESIAN_POINT('',(-7.53030436222481,16.5883681293776,-40.5214252179016));
#1107=CARTESIAN_POINT('',(-7.20068924364794,16.7561793406653,-40.4782202288886));
#1108=CARTESIAN_POINT('',(-6.87427498495335,16.8751547656162,-40.439189264728));
#1109=CARTESIAN_POINT('',(-6.57309771013088,16.9486186064427,-40.4059416375735));
#1110=CARTESIAN_POINT('',(-6.28488414605974,16.9899393890451,-40.3764900554286));
#1111=CARTESIAN_POINT('',(-6.097997018736,16.9990757763509,-40.3587038575123));
#1112=CARTESIAN_POINT('',(-6.,16.9986318728635,-40.3506436380996));
#1113=CARTESIAN_POINT('',(-9.,14.,-40.880831519647));
#1114=CARTESIAN_POINT('',(-9.00016257534625,14.2860445821171,-40.8543342824229));
#1115=CARTESIAN_POINT('',(-8.94062136669355,14.6977758726123,-40.8148640959448));
#1116=CARTESIAN_POINT('',(-8.75775071401073,15.2004032178634,-40.7621360508755));
#1117=CARTESIAN_POINT('',(-8.58800734048462,15.5322603315086,-40.7248936090875));
#1118=CARTESIAN_POINT('',(-8.37866249971001,15.8409404898473,-40.6873025512093));
#1119=CARTESIAN_POINT('',(-8.12924744675558,16.1247005134234,-40.6490563107179));
#1120=CARTESIAN_POINT('',(-7.8445445756596,16.3760917400713,-40.610605347807));
#1121=CARTESIAN_POINT('',(-7.53022598528334,16.5896609259355,-40.5723048966778));
#1122=CARTESIAN_POINT('',(-7.20059786830841,16.7573384813554,-40.535365504405));
#1123=CARTESIAN_POINT('',(-6.87417400400372,16.8761836343966,-40.5011112829523));
#1124=CARTESIAN_POINT('',(-6.57298754347467,16.9495265456412,-40.4710157400573));
#1125=CARTESIAN_POINT('',(-6.28478525818269,16.9908436514798,-40.4432181060399));
#1126=CARTESIAN_POINT('',(-6.09790754580095,17.0000005822938,-40.4257006024873));
#1127=CARTESIAN_POINT('',(-6.,17.,-40.4166303682901));
#1128=CARTESIAN_POINT('',(-9.,14.,-40.880831519647));
#1129=CARTESIAN_POINT('',(-9.00016257534625,14.2860445821171,-40.8543342824229));
#1130=CARTESIAN_POINT('',(-8.94062136669355,14.6977758726123,-40.8161836289039));
#1131=CARTESIAN_POINT('',(-8.75775071401073,15.2004032178634,-40.7667318104405));
#1132=CARTESIAN_POINT('',(-8.58800734048462,15.5322603315086,-40.7322641293444));
#1133=CARTESIAN_POINT('',(-8.37866249971001,15.8409404898473,-40.6977782824581));
#1134=CARTESIAN_POINT('',(-8.12924744675558,16.1247005134234,-40.6628485829334));
#1135=CARTESIAN_POINT('',(-7.8445445756596,16.3760917400713,-40.6277335765626));
#1136=CARTESIAN_POINT('',(-7.53022598528334,16.5896609259355,-40.5925991936108));
#1137=CARTESIAN_POINT('',(-7.20059786830841,16.7573384813554,-40.5584064321828));
#1138=CARTESIAN_POINT('',(-6.87417400400372,16.8761836343966,-40.5262790175145));
#1139=CARTESIAN_POINT('',(-6.57298754347467,16.9495265456412,-40.4976002651862));
#1140=CARTESIAN_POINT('',(-6.28478525818269,16.9908436514798,-40.4706546747197));
#1141=CARTESIAN_POINT('',(-6.09790754580095,17.0000005822938,-40.4533421441964));
#1142=CARTESIAN_POINT('',(-6.,17.,-40.4442719099992));
#1143=FACE_BOUND('',#1144,.T.);
#1144=EDGE_LOOP('',(#1853,#1854,#1855,#1856,#1857,#1858,#1859));
#1145=PLANE('',#1146);
#1146=AXIS2_PLACEMENT_3D('',#1147,#1148,#1149);
#1147=CARTESIAN_POINT('',(9.,17.,-86.));
#1148=DIRECTION('',(0.,1.,0.));
#1149=DIRECTION('',(-1.,0.,0.));
#1150=FACE_BOUND('',#1151,.T.);
#1151=EDGE_LOOP('',(#1860,#1861,#1862,#1863));
#1152=CYLINDRICAL_SURFACE('',#1153,2.);
#1153=AXIS2_PLACEMENT_3D('',#1154,#1155,#1156);
#1154=CARTESIAN_POINT('',(-4.,1.,-82.));
#1155=DIRECTION('',(0.,-1.,0.));
#1156=DIRECTION('',(0.,0.,-1.));
#1157=FACE_BOUND('',#1158,.T.);
#1158=EDGE_LOOP('',(#1864,#1865,#1866,#1867));
#1159=PLANE('',#1160);
#1160=AXIS2_PLACEMENT_3D('',#1161,#1162,#1163);
#1161=CARTESIAN_POINT('',(2.,17.,-76.));
#1162=DIRECTION('',(1.,0.,0.));
#1163=DIRECTION('',(0.,-1.,0.));
#1164=FACE_BOUND('',#1165,.T.);
#1165=EDGE_LOOP('',(#1868,#1869,#1870,#1871));
#1166=CYLINDRICAL_SURFACE('',#1167,2.);
#1167=AXIS2_PLACEMENT_3D('',#1168,#1169,#1170);
#1168=CARTESIAN_POINT('',(4.,1.,-84.));
#1169=DIRECTION('',(0.,-1.,0.));
#1170=DIRECTION('',(-1.,0.,0.));
#1171=FACE_BOUND('',#1172,.T.);
#1172=EDGE_LOOP('',(#1872,#1873,#1874,#1875));
#1173=PLANE('',#1174);
#1174=AXIS2_PLACEMENT_3D('',#1175,#1176,#1177);
#1175=CARTESIAN_POINT('',(-2.,9.,-76.));
#1176=DIRECTION('',(-1.,0.,0.));
#1177=DIRECTION('',(0.,1.,0.));
#1178=FACE_BOUND('',#1179,.T.);
#1179=EDGE_LOOP('',(#1876,#1877,#1878,#1879,#1880,#1881));
#1180=CYLINDRICAL_SURFACE('',#1181,2.);
#1181=AXIS2_PLACEMENT_3D('',#1182,#1183,#1184);
#1182=CARTESIAN_POINT('',(0.,25.,-78.));
#1183=DIRECTION('',(0.,1.,0.));
#1184=DIRECTION('',(0.,0.,1.));
#1185=FACE_BOUND('',#1186,.T.);
#1186=EDGE_LOOP('',(#1882,#1883,#1884,#1885));
#1187=CYLINDRICAL_SURFACE('',#1188,3.);
#1188=AXIS2_PLACEMENT_3D('',#1189,#1190,#1191);
#1189=CARTESIAN_POINT('',(6.,14.,-28.4442719099992));
#1190=DIRECTION('',(0.,0.,-1.));
#1191=DIRECTION('',(0.,1.,0.));
#1192=FACE_BOUND('',#1193,.T.);
#1193=EDGE_LOOP('',(#1886,#1887,#1888,#1889));
#1194=FACE_BOUND('',#1195,.T.);
#1195=EDGE_LOOP('',(#1890));
#1196=PLANE('',#1197);
#1197=AXIS2_PLACEMENT_3D('',#1198,#1199,#1200);
#1198=CARTESIAN_POINT('',(-6.,4.,-86.));
#1199=DIRECTION('',(0.,-1.,0.));
#1200=DIRECTION('',(1.,0.,0.));
#1201=FACE_BOUND('',#1202,.T.);
#1202=EDGE_LOOP('',(#1891,#1892,#1893,#1894,#1895,#1896,#1897));
#1203=PLANE('',#1204);
#1204=AXIS2_PLACEMENT_3D('',#1205,#1206,#1207);
#1205=CARTESIAN_POINT('',(9.,17.,-86.));
#1206=DIRECTION('',(0.,1.,0.));
#1207=DIRECTION('',(-1.,0.,0.));
#1208=FACE_BOUND('',#1209,.T.);
#1209=EDGE_LOOP('',(#1898,#1899,#1900,#1901));
#1210=PLANE('',#1211);
#1211=AXIS2_PLACEMENT_3D('',#1212,#1213,#1214);
#1212=CARTESIAN_POINT('',(-9.,7.7,27.25));
#1213=DIRECTION('',(0.,0.,-1.));
#1214=DIRECTION('',(0.,1.,0.));
#1215=FACE_BOUND('',#1216,.T.);
#1216=EDGE_LOOP('',(#1902,#1903,#1904,#1905));
#1217=CYLINDRICAL_SURFACE('',#1218,1.);
#1218=AXIS2_PLACEMENT_3D('',#1219,#1220,#1221);
#1219=CARTESIAN_POINT('',(9.18485099360515E-16,17.,-86.));
#1220=DIRECTION('',(0.,0.,1.));
#1221=DIRECTION('',(1.,0.,0.));
#1222=FACE_BOUND('',#1223,.T.);
#1223=EDGE_LOOP('',(#1906));
#1224=FACE_BOUND('',#1225,.T.);
#1225=EDGE_LOOP('',(#1907));
#1226=PLANE('',#1227);
#1227=AXIS2_PLACEMENT_3D('',#1228,#1229,#1230);
#1228=CARTESIAN_POINT('',(0.,11.,0.));
#1229=DIRECTION('',(0.,1.,0.));
#1230=DIRECTION('',(6.12323399573677E-17,0.,-1.));
#1231=FACE_BOUND('',#1232,.T.);
#1232=EDGE_LOOP('',(#1908,#1909,#1910,#1911));
#1233=TOROIDAL_SURFACE('',#1234,13.,3.);
#1234=AXIS2_PLACEMENT_3D('',#1235,#1236,#1237);
#1235=CARTESIAN_POINT('',(6.,23.,-31.5));
#1236=DIRECTION('',(1.,0.,0.));
#1237=DIRECTION('',(0.,-0.264985798876197,0.964252314694626));
#1238=FACE_BOUND('',#1239,.T.);
#1239=EDGE_LOOP('',(#1912,#1913,#1914,#1915));
#1240=CYLINDRICAL_SURFACE('',#1241,2.);
#1241=AXIS2_PLACEMENT_3D('',#1242,#1243,#1244);
#1242=CARTESIAN_POINT('',(-7.,15.,-22.5557280900009));
#1243=DIRECTION('',(1.,-5.32907051820075E-16,1.77635683940025E-16));
#1244=DIRECTION('',(4.87673189386572E-16,0.666666666666669,-0.745355992499928));
#1245=FACE_BOUND('',#1246,.T.);
#1246=EDGE_LOOP('',(#1916,#1917,#1918,#1919,#1920,#1921,#1922));
#1247=CYLINDRICAL_SURFACE('',#1248,1.);
#1248=AXIS2_PLACEMENT_3D('',#1249,#1250,#1251);
#1249=CARTESIAN_POINT('',(9.18485099360515E-16,17.,-86.));
#1250=DIRECTION('',(0.,0.,1.));
#1251=DIRECTION('',(1.,0.,0.));
#1252=FACE_BOUND('',#1253,.T.);
#1253=EDGE_LOOP('',(#1923,#1924,#1925,#1926,#1927));
#1254=FACE_OUTER_BOUND('',#1255,.T.);
#1255=EDGE_LOOP('',(#1928));
#1256=CYLINDRICAL_SURFACE('',#1257,3.);
#1257=AXIS2_PLACEMENT_3D('',#1258,#1259,#1260);
#1258=CARTESIAN_POINT('',(-3.06161699786838E-17,11.,0.5));
#1259=DIRECTION('',(0.,1.,0.));
#1260=DIRECTION('',(6.12323399573676E-17,0.,-1.));
#1261=FACE_BOUND('',#1262,.T.);
#1262=EDGE_LOOP('',(#1929,#1930,#1931,#1932));
#1263=CYLINDRICAL_SURFACE('',#1264,2.);
#1264=AXIS2_PLACEMENT_3D('',#1265,#1266,#1267);
#1265=CARTESIAN_POINT('',(-13.,15.,-22.5557280900008));
#1266=DIRECTION('',(1.,1.77635683940025E-16,0.));
#1267=DIRECTION('',(-1.1842378929335E-16,0.666666666666666,-0.745355992499931));
#1268=FACE_BOUND('',#1269,.T.);
#1269=EDGE_LOOP('',(#1933,#1934,#1935,#1936));
#1270=CYLINDRICAL_SURFACE('',#1271,2.);
#1271=AXIS2_PLACEMENT_3D('',#1272,#1273,#1274);
#1272=CARTESIAN_POINT('',(-7.,15.,-40.4442719099992));
#1273=DIRECTION('',(-1.,0.,3.5527136788005E-16));
#1274=DIRECTION('',(2.64803643013043E-16,0.666666666666665,0.745355992499932));
#1275=FACE_BOUND('',#1276,.T.);
#1276=EDGE_LOOP('',(#1937,#1938,#1939,#1940,#1941,#1942));
#1277=CYLINDRICAL_SURFACE('',#1278,1.);
#1278=AXIS2_PLACEMENT_3D('',#1279,#1280,#1281);
#1279=CARTESIAN_POINT('',(9.18485099360515E-16,17.,-86.));
#1280=DIRECTION('',(0.,0.,1.));
#1281=DIRECTION('',(1.,0.,0.));
#1282=FACE_BOUND('',#1283,.T.);
#1283=EDGE_LOOP('',(#1943,#1944,#1945,#1946));
#1284=CYLINDRICAL_SURFACE('',#1285,2.);
#1285=AXIS2_PLACEMENT_3D('',#1286,#1287,#1288);
#1286=CARTESIAN_POINT('',(-13.,15.,-40.4442719099992));
#1287=DIRECTION('',(-1.,0.,-3.5527136788005E-16));
#1288=DIRECTION('',(-2.64803643013043E-16,0.666666666666667,0.74535599249993));
#1289=FACE_BOUND('',#1290,.T.);
#1290=EDGE_LOOP('',(#1947,#1948,#1949));
#1291=B_SPLINE_SURFACE_WITH_KNOTS('',3,3,(
(#1292,#1293,#1294,#1295,#1296,#1297,#1298,#1299,#1300,#1301,#1302,#1303,#1304,#1305,
#1306),
(#1307,#1308,#1309,#1310,#1311,#1312,#1313,#1314,#1315,#1316,#1317,#1318,#1319,#1320,
#1321),
(#1322,#1323,#1324,#1325,#1326,#1327,#1328,#1329,#1330,#1331,#1332,#1333,#1334,#1335,
#1336),
(#1337,#1338,#1339,#1340,#1341,#1342,#1343,#1344,#1345,#1346,#1347,#1348,#1349,#1350,
#1351),
(#1352,#1353,#1354,#1355,#1356,#1357,#1358,#1359,#1360,#1361,#1362,#1363,#1364,#1365,
#1366),
(#1367,#1368,#1369,#1370,#1371,#1372,#1373,#1374,#1375,#1376,#1377,#1378,#1379,#1380,
#1381),
(#1382,#1383,#1384,#1385,#1386,#1387,#1388,#1389,#1390,#1391,#1392,#1393,#1394,#1395,
#1396),
(#1397,#1398,#1399,#1400,#1401,#1402,#1403,#1404,#1405,#1406,#1407,#1408,#1409,#1410,
#1411),
(#1412,#1413,#1414,#1415,#1416,#1417,#1418,#1419,#1420,#1421,#1422,#1423,#1424,#1425,
#1426),
(#1427,#1428,#1429,#1430,#1431,#1432,#1433,#1434,#1435,#1436,#1437,#1438,#1439,#1440,
#1441),
(#1442,#1443,#1444,#1445,#1446,#1447,#1448,#1449,#1450,#1451,#1452,#1453,#1454,#1455,
#1456),
(#1457,#1458,#1459,#1460,#1461,#1462,#1463,#1464,#1465,#1466,#1467,#1468,#1469,#1470,
#1471),
(#1472,#1473,#1474,#1475,#1476,#1477,#1478,#1479,#1480,#1481,#1482,#1483,#1484,#1485,
#1486),
(#1487,#1488,#1489,#1490,#1491,#1492,#1493,#1494,#1495,#1496,#1497,#1498,#1499,#1500,
#1501)),
.UNSPECIFIED.,.F.,.F.,.F.,
(4,1,1,1,1,1,1,1,1,1,1,4),
(4,1,1,1,1,1,1,1,1,1,1,1,4),
(0.,0.0953356337801964,0.182009138124545,0.268682642468894,0.36190922259776,0.465565034897453,
0.586321271290594,0.700879074255587,0.801332013360989,0.882244142224659,0.950778053898994,
1.),
(0.,0.182086729775168,0.262168001866835,0.339828633048094,0.418945662675852,0.499151768511244,
0.579862516757255,0.660252959055113,0.740592225897677,0.814832246449628,0.881029817309568,
0.937670173651492,1.),
.UNSPECIFIED.);
#1292=CARTESIAN_POINT('',(9.,14.,-40.880831519647));
#1293=CARTESIAN_POINT('',(9.00016257534623,14.2860445821178,-40.8543342824228));
#1294=CARTESIAN_POINT('',(8.94062136669326,14.6977758726142,-40.8161836289037));
#1295=CARTESIAN_POINT('',(8.75775071400939,15.2004032178667,-40.7667318104402));
#1296=CARTESIAN_POINT('',(8.58800734048216,15.5322603315128,-40.7322641293439));
#1297=CARTESIAN_POINT('',(8.37866249970635,15.8409404898521,-40.6977782824576));
#1298=CARTESIAN_POINT('',(8.12924744675087,16.1247005134282,-40.6628485829328));
#1299=CARTESIAN_POINT('',(7.84454457565409,16.3760917400753,-40.6277335765619));
#1300=CARTESIAN_POINT('',(7.53022597640764,16.5896609319665,-40.5925991926187));
#1301=CARTESIAN_POINT('',(7.20059782889493,16.7573385007018,-40.5584064281275));
#1302=CARTESIAN_POINT('',(6.87417391079191,16.8761836652388,-40.5262790084412));
#1303=CARTESIAN_POINT('',(6.57298739454,16.9495265761357,-40.4976002511273));
#1304=CARTESIAN_POINT('',(6.28478513949478,16.9908436601811,-40.4706546637242));
#1305=CARTESIAN_POINT('',(6.09790748128046,17.00000058229,-40.4533421382192));
#1306=CARTESIAN_POINT('',(6.,17.,-40.4442719099992));
#1307=CARTESIAN_POINT('',(9.,14.,-40.880831519647));
#1308=CARTESIAN_POINT('',(9.00016257534623,14.2860445821178,-40.8543342824228));
#1309=CARTESIAN_POINT('',(8.94062136669326,14.6977758726142,-40.8136317889358));
#1310=CARTESIAN_POINT('',(8.75775071400939,15.2004032178667,-40.7578440878106));
#1311=CARTESIAN_POINT('',(8.58800734048216,15.5322603315128,-40.7180103071513));
#1312=CARTESIAN_POINT('',(8.37866249970635,15.8409404898521,-40.6775193040743));
#1313=CARTESIAN_POINT('',(8.12924744675087,16.1247005134282,-40.6361757580928));
#1314=CARTESIAN_POINT('',(7.84454457565409,16.3760917400753,-40.5946093575588));
#1315=CARTESIAN_POINT('',(7.53022597640764,16.5896609319665,-40.5533521257636));
#1316=CARTESIAN_POINT('',(7.20059782889493,16.7573385007018,-40.5138476614695));
#1317=CARTESIAN_POINT('',(6.87417391079191,16.8761836652388,-40.477607217442));
#1318=CARTESIAN_POINT('',(6.57298739454,16.9495265761357,-40.4461885339498));
#1319=CARTESIAN_POINT('',(6.28478513949478,16.9908436601811,-40.4175951834331));
#1320=CARTESIAN_POINT('',(6.09790748128046,17.00000058229,-40.3998862617117));
#1321=CARTESIAN_POINT('',(6.,17.,-40.3908160334917));
#1322=CARTESIAN_POINT('',(9.,14.,-40.880831519647));
#1323=CARTESIAN_POINT('',(9.00016217270385,14.2848624864244,-40.8515441377079));
#1324=CARTESIAN_POINT('',(8.94063178348011,14.6952780554249,-40.8031127572583));
#1325=CARTESIAN_POINT('',(8.75779561749941,15.196844707181,-40.7332127005431));
#1326=CARTESIAN_POINT('',(8.58808294454149,15.5282155050745,-40.6823479778402));
#1327=CARTESIAN_POINT('',(8.37877323898694,15.8366405313295,-40.6301345784804));
#1328=CARTESIAN_POINT('',(8.12939592265757,16.1203545947104,-40.5767370519911));
#1329=CARTESIAN_POINT('',(7.84473101989613,16.3718829229318,-40.5234071990772));
#1330=CARTESIAN_POINT('',(7.53044838977973,16.5857314504451,-40.4712776617254));
#1331=CARTESIAN_POINT('',(7.20085118893629,16.7537685915442,-40.4225892349148));
#1332=CARTESIAN_POINT('',(6.87444698450015,16.8729578135261,-40.3794924823439));
#1333=CARTESIAN_POINT('',(6.57326289747797,16.9465359023522,-40.3438016151679));
#1334=CARTESIAN_POINT('',(6.28501828828416,16.9878205327606,-40.3132923535114));
#1335=CARTESIAN_POINT('',(6.09805316308229,16.9966163852214,-40.2961267372699));
#1336=CARTESIAN_POINT('',(6.,16.995906143448,-40.2887612954457));
#1337=CARTESIAN_POINT('',(9.,14.,-40.880831519647));
#1338=CARTESIAN_POINT('',(9.00016073842566,14.2804212039382,-40.8410615491176));
#1339=CARTESIAN_POINT('',(8.94065998747893,14.6857193057119,-40.7748322406882));
#1340=CARTESIAN_POINT('',(8.75791631624858,15.1828245454755,-40.6799240378571));
#1341=CARTESIAN_POINT('',(8.58828343980091,15.5119447102421,-40.6113909357472));
#1342=CARTESIAN_POINT('',(8.37906021830887,15.8189089463547,-40.5418158003276));
#1343=CARTESIAN_POINT('',(8.1297676772329,16.1018730847549,-40.4717342457652));
#1344=CARTESIAN_POINT('',(7.84517563825723,16.3532768836028,-40.4031366661397));
#1345=CARTESIAN_POINT('',(7.53094418985191,16.5674863683399,-40.3378334987715));
#1346=CARTESIAN_POINT('',(7.20136446292983,16.7361598487087,-40.2789604279042));
#1347=CARTESIAN_POINT('',(6.87493208665665,16.8559783784101,-40.2292478163161));
#1348=CARTESIAN_POINT('',(6.57366138882435,16.9298828485784,-40.1905913811522));
#1349=CARTESIAN_POINT('',(6.28526238804196,16.9710551882154,-40.1601185257857));
#1350=CARTESIAN_POINT('',(6.09812277637264,16.9793007380298,-40.1451201398683));
#1351=CARTESIAN_POINT('',(6.00000000000001,16.9783629892255,-40.1390316989156));
#1352=CARTESIAN_POINT('',(9.,14.,-40.880831519647));
#1353=CARTESIAN_POINT('',(9.00015882699424,14.2740129499157,-40.8259356689015));
#1354=CARTESIAN_POINT('',(8.94069039625821,14.671720434114,-40.7373956178106));
#1355=CARTESIAN_POINT('',(8.75804802462165,15.161849259118,-40.6148357883993));
#1356=CARTESIAN_POINT('',(8.588501056658,15.4872556617892,-40.5279789941989));
#1357=CARTESIAN_POINT('',(8.37936784964214,15.7915796241366,-40.4414123701484));
#1358=CARTESIAN_POINT('',(8.13015835617725,16.0728827011375,-40.3559103447918));
#1359=CARTESIAN_POINT('',(7.84563009130497,16.3235184199435,-40.2740356077884));
#1360=CARTESIAN_POINT('',(7.53143259256315,16.5376957700957,-40.1980737053562));
#1361=CARTESIAN_POINT('',(7.20184732012448,16.7068436043492,-40.1317480960017));
#1362=CARTESIAN_POINT('',(6.87536367563023,16.8273179480381,-40.0780002301063));
#1363=CARTESIAN_POINT('',(6.57399784412753,16.9017425492424,-40.0383832955336));
#1364=CARTESIAN_POINT('',(6.28545775927333,16.9431424148408,-40.0093218825697));
#1365=CARTESIAN_POINT('',(6.09819484179359,16.9512762991623,-39.9966531050509));
#1366=CARTESIAN_POINT('',(6.,16.9501842051352,-39.992139644736));
#1367=CARTESIAN_POINT('',(9.,14.,-40.880831519647));
#1368=CARTESIAN_POINT('',(9.00015658776524,14.2655892601926,-40.8060511398978));
#1369=CARTESIAN_POINT('',(8.94071796860222,14.6530095658448,-40.6901397143101));
#1370=CARTESIAN_POINT('',(8.75817146239908,15.1331769131254,-40.5361461963162));
#1371=CARTESIAN_POINT('',(8.58870465233238,15.4530248639541,-40.4293873320232));
#1372=CARTESIAN_POINT('',(8.37965264453368,15.7531164737958,-40.3251934948015));
#1373=CARTESIAN_POINT('',(8.1305132744952,16.0314241315362,-40.2244762091366));
#1374=CARTESIAN_POINT('',(7.84603180583211,16.280247416097,-40.1302538081343));
#1375=CARTESIAN_POINT('',(7.53184888553691,16.4936573556974,-40.0451264816602));
#1376=CARTESIAN_POINT('',(7.20224051938382,16.6628748475954,-39.9731620571087));
#1377=CARTESIAN_POINT('',(6.87569671623637,16.7839180568487,-39.917190933171));
#1378=CARTESIAN_POINT('',(6.57424168188924,16.8590354301539,-39.8781042190107));
#1379=CARTESIAN_POINT('',(6.28558786195451,16.9010524736931,-39.8515199917049));
#1380=CARTESIAN_POINT('',(6.09823634912402,16.9094609777095,-39.8415398773371));
#1381=CARTESIAN_POINT('',(6.,16.908482027345,-39.838586118242));
#1382=CARTESIAN_POINT('',(9.,14.,-40.880831519647));
#1383=CARTESIAN_POINT('',(9.00015425135856,14.2549773430411,-40.7809987399612));
#1384=CARTESIAN_POINT('',(8.94073668405328,14.6289304865643,-40.63190639465));
#1385=CARTESIAN_POINT('',(8.75826343482976,15.0952612562195,-40.4415973687214));
#1386=CARTESIAN_POINT('',(8.58885693698644,15.4070103357239,-40.3125661311325));
#1387=CARTESIAN_POINT('',(8.37986305536742,15.7005426215615,-40.1893171746328));
#1388=CARTESIAN_POINT('',(8.13076856787952,15.9737771116067,-40.0728113371747));
#1389=CARTESIAN_POINT('',(7.84630908887203,16.2190427465551,-39.9664333131644));
#1390=CARTESIAN_POINT('',(7.53212042250906,16.4303444469321,-39.8729593654187));
#1391=CARTESIAN_POINT('',(7.2024792820451,16.5987807353,-39.7965898418513));
#1392=CARTESIAN_POINT('',(6.87588270400455,16.720058126291,-39.7397521562072));
#1393=CARTESIAN_POINT('',(6.57436610692556,16.7959855625802,-39.7023721108095));
#1394=CARTESIAN_POINT('',(6.28564704362997,16.8390833059919,-39.6791751675998));
#1395=CARTESIAN_POINT('',(6.09825426825497,16.8482741014436,-39.6722411931468));
#1396=CARTESIAN_POINT('',(6.,16.8476912525873,-39.6709978346476));
#1397=CARTESIAN_POINT('',(9.,14.0000000000001,-40.880831519647));
#1398=CARTESIAN_POINT('',(9.00015251482388,14.2432971445271,-40.7534207423644));
#1399=CARTESIAN_POINT('',(8.94073735748103,14.6015942882633,-40.5684488120277));
#1400=CARTESIAN_POINT('',(8.7582844662375,15.0505844202884,-40.3398144661887));
#1401=CARTESIAN_POINT('',(8.58889359500203,15.3516211255024,-40.1876788575258));
#1402=CARTESIAN_POINT('',(8.37991032237264,15.6359193579179,-40.0450476405984));
#1403=CARTESIAN_POINT('',(8.1308155515272,15.9014332528974,-39.9128688585099));
#1404=CARTESIAN_POINT('',(7.84634194945564,16.1406784543942,-39.7948172046729));
#1405=CARTESIAN_POINT('',(7.53212733879375,16.3477545389222,-39.6937402618769));
#1406=CARTESIAN_POINT('',(7.2024562665185,16.5138398504631,-39.6138220637974));
#1407=CARTESIAN_POINT('',(6.87583714764724,16.6344668139353,-39.5569112527039));
#1408=CARTESIAN_POINT('',(6.57431411535172,16.7110014346895,-39.5218226998996));
#1409=CARTESIAN_POINT('',(6.28560726862466,16.755525934942,-39.5023701869803));
#1410=CARTESIAN_POINT('',(6.09823742943828,16.7660564915968,-39.4985553564253));
#1411=CARTESIAN_POINT('',(6.00000000000001,16.7662258963125,-39.499005930638));
#1412=CARTESIAN_POINT('',(9.,14.0000000000001,-40.880831519647));
#1413=CARTESIAN_POINT('',(9.00015220889131,14.2326577865726,-40.7282959064983));
#1414=CARTESIAN_POINT('',(8.94071752849072,14.5754754041228,-40.5104045596151));
#1415=CARTESIAN_POINT('',(8.75821660146643,15.0055690240776,-40.2463252375255));
#1416=CARTESIAN_POINT('',(8.58878414932173,15.2941986388295,-40.0727065325392));
#1417=CARTESIAN_POINT('',(8.37975308603198,15.5671042990959,-39.9119423663344));
#1418=CARTESIAN_POINT('',(8.13060673237372,15.8224001956469,-39.7649818450382));
#1419=CARTESIAN_POINT('',(7.84608353851932,16.0529865510706,-39.6357822783873));
#1420=CARTESIAN_POINT('',(7.53183014534978,16.2532812152177,-39.5272705999105));
#1421=CARTESIAN_POINT('',(7.20214367396868,16.4148413687164,-39.443640614104));
#1422=CARTESIAN_POINT('',(6.87554441238577,16.5332959425816,-39.3862413175382));
#1423=CARTESIAN_POINT('',(6.57407936694067,16.6096959834159,-39.3529034280856));
#1424=CARTESIAN_POINT('',(6.28546842413462,16.6555966216011,-39.3366022823222));
#1425=CARTESIAN_POINT('',(6.09818639593545,16.6678640379833,-39.3355090606876));
#1426=CARTESIAN_POINT('',(6.,16.6691053254062,-39.3374662412045));
#1427=CARTESIAN_POINT('',(9.,14.0000000000001,-40.880831519647));
#1428=CARTESIAN_POINT('',(9.00015353096799,14.225023008265,-40.7102623360812));
#1429=CARTESIAN_POINT('',(8.94068721455122,14.555313729157,-40.4678312786785));
#1430=CARTESIAN_POINT('',(8.75809224953992,14.9682219147421,-40.1760987770274));
#1431=CARTESIAN_POINT('',(8.58857980553466,15.2448416849123,-39.9852028795224));
#1432=CARTESIAN_POINT('',(8.37946345197632,15.5060595976382,-39.809358818587));
#1433=CARTESIAN_POINT('',(8.13023575711231,15.750241553885,-39.6495926051335));
#1434=CARTESIAN_POINT('',(7.8456465840209,15.970798402867,-39.5101855490257));
#1435=CARTESIAN_POINT('',(7.53135373543093,16.162629176911,-39.3942408292036));
#1436=CARTESIAN_POINT('',(7.20166625577117,16.3179120665602,-39.3061245836137));
#1437=CARTESIAN_POINT('',(6.87511313341957,16.4326558715645,-39.2469720808466));
#1438=CARTESIAN_POINT('',(6.57374172378285,16.5078572309587,-39.2139940965367));
#1439=CARTESIAN_POINT('',(6.2852716989458,16.5545682619171,-39.1994877399771));
#1440=CARTESIAN_POINT('',(6.09811841704365,16.5686406324079,-39.200345294349));
#1441=CARTESIAN_POINT('',(6.00000000000001,16.5710300994019,-39.2034423514321));
#1442=CARTESIAN_POINT('',(9.00000000000001,14.0000000000001,-40.880831519647));
#1443=CARTESIAN_POINT('',(9.0001560500952,14.2204364681771,-40.699425167327));
#1444=CARTESIAN_POINT('',(8.94065741893836,14.5416629353966,-40.4409314394244));
#1445=CARTESIAN_POINT('',(8.75795527214737,14.9403134439434,-40.1293772488355));
#1446=CARTESIAN_POINT('',(8.5883520638624,15.2063443514947,-39.925406366921));
#1447=CARTESIAN_POINT('',(8.3791419593472,15.4567177907362,-39.7375068398342));
#1448=CARTESIAN_POINT('',(8.12983010723121,15.6900894263731,-39.5668643602052));
#1449=CARTESIAN_POINT('',(7.8451789880792,15.9004155516453,-39.4181343880569));
#1450=CARTESIAN_POINT('',(7.53085549144426,16.0831364730249,-39.2947021472807));
#1451=CARTESIAN_POINT('',(7.20117528344328,16.2311561043008,-39.2012753916279));
#1452=CARTESIAN_POINT('',(6.87467123412167,16.3410485587529,-39.1390676611304));
#1453=CARTESIAN_POINT('',(6.5733900259612,16.4139835986961,-39.1050278502522));
#1454=CARTESIAN_POINT('',(6.28506095264314,16.4607022348503,-39.090964012138));
#1455=CARTESIAN_POINT('',(6.09803803880295,16.4762539882096,-39.092993907871));
#1456=CARTESIAN_POINT('',(6.00000000000001,16.4798537631487,-39.0969357861858));
#1457=CARTESIAN_POINT('',(9.,14.0000000000001,-40.880831519647));
#1458=CARTESIAN_POINT('',(9.00015911137917,14.2183362631859,-40.6944591759138));
#1459=CARTESIAN_POINT('',(8.94063510521578,14.5337499944091,-40.4270280992247));
#1460=CARTESIAN_POINT('',(8.75783902321608,14.9216345093635,-40.1025544704662));
#1461=CARTESIAN_POINT('',(8.58815685249363,15.1791860265905,-39.8893701871866));
#1462=CARTESIAN_POINT('',(8.3788681045457,15.420482745429,-39.6923678717743));
#1463=CARTESIAN_POINT('',(8.129490780846,15.6444589185689,-39.5129440578418));
#1464=CARTESIAN_POINT('',(7.844798135221,15.8455692829192,-39.356141502714));
#1465=CARTESIAN_POINT('',(7.53046150379224,16.0197528520488,-39.2256828602613));
#1466=CARTESIAN_POINT('',(7.20079606116415,16.1606007808836,-39.1267116685359));
#1467=CARTESIAN_POINT('',(6.87432912356806,16.2652406266414,-39.0607001974225));
#1468=CARTESIAN_POINT('',(6.57311021073452,16.3352061515587,-39.0246204653175));
#1469=CARTESIAN_POINT('',(6.28487273790749,16.3809264616032,-39.0098994025281));
#1470=CARTESIAN_POINT('',(6.09798016866343,16.3977844068331,-39.0125608092549));
#1471=CARTESIAN_POINT('',(6.,16.4022071805671,-39.0169964240384));
#1472=CARTESIAN_POINT('',(9.,14.0000000000001,-40.880831519647));
#1473=CARTESIAN_POINT('',(9.00016147968744,14.2179429312835,-40.6935257880738));
#1474=CARTESIAN_POINT('',(8.94062479736775,14.5307299455167,-40.4228968755521));
#1475=CARTESIAN_POINT('',(8.75777508311286,14.9126918961012,-40.0923069614175));
#1476=CARTESIAN_POINT('',(8.58804865962481,15.1653149480681,-39.8742964158653));
#1477=CARTESIAN_POINT('',(8.37871865026589,15.4011383134879,-39.6721503074987));
#1478=CARTESIAN_POINT('',(8.12931214920393,15.6192865212755,-39.4874393192824));
#1479=CARTESIAN_POINT('',(7.84460877259701,15.814537548874,-39.3254879381661));
#1480=CARTESIAN_POINT('',(7.53028058030494,15.983155527111,-39.190283851888));
#1481=CARTESIAN_POINT('',(7.20063680731258,16.1191595115642,-39.0873126636107));
#1482=CARTESIAN_POINT('',(6.87419646885738,16.2200529784737,-39.0183091100208));
#1483=CARTESIAN_POINT('',(6.57299730228586,16.2874894760857,-38.980316014047));
#1484=CARTESIAN_POINT('',(6.28478703541113,16.331874014622,-38.9645971601988));
#1485=CARTESIAN_POINT('',(6.09790747885197,16.3484786611254,-38.9671324273785));
#1486=CARTESIAN_POINT('',(6.00000000000001,16.3539046800935,-38.971959496897));
#1487=CARTESIAN_POINT('',(9.,14.0000000000001,-40.880831519647));
#1488=CARTESIAN_POINT('',(9.00016257534624,14.2179435637149,-40.6935252036475));
#1489=CARTESIAN_POINT('',(8.94062136669326,14.5297978823651,-40.4219655278867));
#1490=CARTESIAN_POINT('',(8.7577507140094,14.9093936511897,-40.0891166892514));
#1491=CARTESIAN_POINT('',(8.58800734048216,15.159994941359,-39.8692116085948));
#1492=CARTESIAN_POINT('',(8.37866249970636,15.3935372158429,-39.6649650840714));
#1493=CARTESIAN_POINT('',(8.12924744675087,15.6092304551981,-39.4780308391554));
#1494=CARTESIAN_POINT('',(7.8445445756541,15.8019946732419,-39.3138622945665));
#1495=CARTESIAN_POINT('',(7.53022597640765,15.9682366988982,-39.1765714417445));
#1496=CARTESIAN_POINT('',(7.20059782889494,16.1021652133062,-39.0718059014736));
#1497=CARTESIAN_POINT('',(6.87417391079192,16.2014382254264,-39.001427901198));
#1498=CARTESIAN_POINT('',(6.57298739454,16.2677820810175,-38.9625339651135));
#1499=CARTESIAN_POINT('',(6.28478513949478,16.311494100476,-38.946290612628));
#1500=CARTESIAN_POINT('',(6.09790748128046,16.327920677571,-38.9487179149669));
#1501=CARTESIAN_POINT('',(6.00000000000001,16.3333333333333,-38.9535599249993));
#1502=FACE_OUTER_BOUND('',#1503,.T.);
#1503=EDGE_LOOP('',(#1950));
#1504=FACE_OUTER_BOUND('',#1505,.T.);
#1505=EDGE_LOOP('',(#1951));
#1506=CYLINDRICAL_SURFACE('',#1507,1.65);
#1507=AXIS2_PLACEMENT_3D('',#1508,#1509,#1510);
#1508=CARTESIAN_POINT('',(-3.06161699786838E-17,-4.,0.5));
#1509=DIRECTION('',(0.,1.,0.));
#1510=DIRECTION('',(6.12323399573677E-17,0.,-1.));
#1511=FACE_BOUND('',#1512,.T.);
#1512=EDGE_LOOP('',(#1952));
#1513=FACE_BOUND('',#1514,.T.);
#1514=EDGE_LOOP('',(#1953));
#1515=PLANE('',#1516);
#1516=AXIS2_PLACEMENT_3D('',#1517,#1518,#1519);
#1517=CARTESIAN_POINT('',(0.,11.,0.));
#1518=DIRECTION('',(0.,1.,0.));
#1519=DIRECTION('',(6.12323399573677E-17,0.,-1.));
#1520=FACE_BOUND('',#1521,.T.);
#1521=EDGE_LOOP('',(#1954,#1955,#1956,#1957,#1958));
#1522=CYLINDRICAL_SURFACE('',#1523,1.);
#1523=AXIS2_PLACEMENT_3D('',#1524,#1525,#1526);
#1524=CARTESIAN_POINT('',(-8.,12.25,96.));
#1525=DIRECTION('',(0.,6.1095678053319E-17,1.));
#1526=DIRECTION('',(1.,-8.68221804542472E-31,0.));
#1527=ORIENTED_EDGE('',*,*,#1959,.T.);
#1528=ORIENTED_EDGE('',*,*,#1960,.T.);
#1529=ORIENTED_EDGE('',*,*,#1961,.T.);
#1530=ORIENTED_EDGE('',*,*,#1962,.T.);
#1531=ORIENTED_EDGE('',*,*,#1963,.T.);
#1532=ORIENTED_EDGE('',*,*,#1964,.T.);
#1533=ORIENTED_EDGE('',*,*,#1965,.T.);
#1534=ORIENTED_EDGE('',*,*,#1966,.F.);
#1535=ORIENTED_EDGE('',*,*,#1967,.T.);
#1536=ORIENTED_EDGE('',*,*,#1968,.T.);
#1537=ORIENTED_EDGE('',*,*,#1969,.T.);
#1538=ORIENTED_EDGE('',*,*,#1970,.F.);
#1539=ORIENTED_EDGE('',*,*,#1971,.T.);
#1540=ORIENTED_EDGE('',*,*,#1972,.F.);
#1541=ORIENTED_EDGE('',*,*,#1973,.T.);
#1542=ORIENTED_EDGE('',*,*,#1974,.T.);
#1543=ORIENTED_EDGE('',*,*,#1975,.T.);
#1544=ORIENTED_EDGE('',*,*,#1959,.F.);
#1545=ORIENTED_EDGE('',*,*,#1976,.F.);
#1546=ORIENTED_EDGE('',*,*,#1971,.F.);
#1547=ORIENTED_EDGE('',*,*,#1977,.F.);
#1548=ORIENTED_EDGE('',*,*,#1978,.T.);
#1549=ORIENTED_EDGE('',*,*,#1979,.T.);
#1550=ORIENTED_EDGE('',*,*,#1980,.F.);
#1551=ORIENTED_EDGE('',*,*,#1981,.F.);
#1552=ORIENTED_EDGE('',*,*,#1982,.T.);
#1553=ORIENTED_EDGE('',*,*,#1983,.F.);
#1554=ORIENTED_EDGE('',*,*,#1984,.F.);
#1555=ORIENTED_EDGE('',*,*,#1985,.T.);
#1556=ORIENTED_EDGE('',*,*,#1986,.F.);
#1557=ORIENTED_EDGE('',*,*,#1987,.T.);
#1558=ORIENTED_EDGE('',*,*,#1984,.T.);
#1559=ORIENTED_EDGE('',*,*,#1983,.T.);
#1560=ORIENTED_EDGE('',*,*,#1988,.T.);
#1561=ORIENTED_EDGE('',*,*,#1978,.F.);
#1562=ORIENTED_EDGE('',*,*,#1989,.F.);
#1563=ORIENTED_EDGE('',*,*,#1990,.T.);
#1564=ORIENTED_EDGE('',*,*,#1991,.F.);
#1565=ORIENTED_EDGE('',*,*,#1992,.T.);
#1566=ORIENTED_EDGE('',*,*,#1993,.T.);
#1567=ORIENTED_EDGE('',*,*,#1994,.T.);
#1568=ORIENTED_EDGE('',*,*,#1995,.T.);
#1569=ORIENTED_EDGE('',*,*,#1974,.F.);
#1570=ORIENTED_EDGE('',*,*,#1996,.T.);
#1571=ORIENTED_EDGE('',*,*,#1997,.T.);
#1572=ORIENTED_EDGE('',*,*,#1998,.T.);
#1573=ORIENTED_EDGE('',*,*,#1999,.T.);
#1574=ORIENTED_EDGE('',*,*,#2000,.F.);
#1575=ORIENTED_EDGE('',*,*,#1979,.F.);
#1576=ORIENTED_EDGE('',*,*,#1988,.F.);
#1577=ORIENTED_EDGE('',*,*,#1982,.F.);
#1578=ORIENTED_EDGE('',*,*,#2001,.F.);
#1579=ORIENTED_EDGE('',*,*,#1985,.F.);
#1580=ORIENTED_EDGE('',*,*,#1987,.F.);
#1581=ORIENTED_EDGE('',*,*,#1973,.F.);
#1582=ORIENTED_EDGE('',*,*,#1975,.F.);
#1583=ORIENTED_EDGE('',*,*,#1995,.F.);
#1584=ORIENTED_EDGE('',*,*,#2002,.T.);
#1585=ORIENTED_EDGE('',*,*,#2003,.T.);
#1586=ORIENTED_EDGE('',*,*,#2004,.T.);
#1587=ORIENTED_EDGE('',*,*,#2005,.T.);
#1588=ORIENTED_EDGE('',*,*,#2006,.T.);
#1589=ORIENTED_EDGE('',*,*,#2007,.T.);
#1590=ORIENTED_EDGE('',*,*,#1960,.F.);
#1591=ORIENTED_EDGE('',*,*,#1980,.T.);
#1592=ORIENTED_EDGE('',*,*,#2008,.T.);
#1593=ORIENTED_EDGE('',*,*,#2009,.T.);
#1594=ORIENTED_EDGE('',*,*,#1961,.F.);
#1595=ORIENTED_EDGE('',*,*,#2007,.F.);
#1596=ORIENTED_EDGE('',*,*,#2010,.T.);
#1597=ORIENTED_EDGE('',*,*,#2011,.F.);
#1598=ORIENTED_EDGE('',*,*,#2012,.F.);
#1599=ORIENTED_EDGE('',*,*,#2013,.F.);
#1600=ORIENTED_EDGE('',*,*,#2014,.T.);
#1601=ORIENTED_EDGE('',*,*,#2015,.T.);
#1602=ORIENTED_EDGE('',*,*,#1981,.T.);
#1603=ORIENTED_EDGE('',*,*,#2016,.T.);
#1604=ORIENTED_EDGE('',*,*,#2017,.T.);
#1605=ORIENTED_EDGE('',*,*,#2018,.T.);
#1606=ORIENTED_EDGE('',*,*,#1962,.F.);
#1607=ORIENTED_EDGE('',*,*,#2009,.F.);
#1608=ORIENTED_EDGE('',*,*,#2019,.T.);
#1609=ORIENTED_EDGE('',*,*,#2020,.T.);
#1610=ORIENTED_EDGE('',*,*,#2021,.T.);
#1611=ORIENTED_EDGE('',*,*,#1963,.F.);
#1612=ORIENTED_EDGE('',*,*,#2018,.F.);
#1613=ORIENTED_EDGE('',*,*,#2022,.F.);
#1614=ORIENTED_EDGE('',*,*,#2023,.T.);
#1615=ORIENTED_EDGE('',*,*,#2024,.F.);
#1616=ORIENTED_EDGE('',*,*,#2025,.F.);
#1617=ORIENTED_EDGE('',*,*,#1964,.F.);
#1618=ORIENTED_EDGE('',*,*,#2021,.F.);
#1619=ORIENTED_EDGE('',*,*,#2026,.T.);
#1620=ORIENTED_EDGE('',*,*,#2027,.T.);
#1621=ORIENTED_EDGE('',*,*,#2028,.T.);
#1622=ORIENTED_EDGE('',*,*,#2029,.F.);
#1623=ORIENTED_EDGE('',*,*,#2030,.T.);
#1624=ORIENTED_EDGE('',*,*,#2031,.T.);
#1625=ORIENTED_EDGE('',*,*,#2032,.F.);
#1626=ORIENTED_EDGE('',*,*,#1965,.F.);
#1627=ORIENTED_EDGE('',*,*,#2025,.T.);
#1628=ORIENTED_EDGE('',*,*,#2033,.T.);
#1629=ORIENTED_EDGE('',*,*,#2034,.T.);
#1630=ORIENTED_EDGE('',*,*,#2035,.T.);
#1631=ORIENTED_EDGE('',*,*,#2036,.F.);
#1632=ORIENTED_EDGE('',*,*,#2037,.T.);
#1633=ORIENTED_EDGE('',*,*,#2038,.T.);
#1634=ORIENTED_EDGE('',*,*,#2039,.F.);
#1635=ORIENTED_EDGE('',*,*,#2040,.F.);
#1636=ORIENTED_EDGE('',*,*,#1966,.T.);
#1637=ORIENTED_EDGE('',*,*,#2032,.T.);
#1638=ORIENTED_EDGE('',*,*,#2040,.T.);
#1639=ORIENTED_EDGE('',*,*,#2041,.T.);
#1640=ORIENTED_EDGE('',*,*,#2042,.T.);
#1641=ORIENTED_EDGE('',*,*,#2043,.T.);
#1642=ORIENTED_EDGE('',*,*,#2044,.T.);
#1643=ORIENTED_EDGE('',*,*,#1967,.F.);
#1644=ORIENTED_EDGE('',*,*,#2044,.F.);
#1645=ORIENTED_EDGE('',*,*,#2045,.F.);
#1646=ORIENTED_EDGE('',*,*,#2046,.F.);
#1647=ORIENTED_EDGE('',*,*,#1968,.F.);
#1648=ORIENTED_EDGE('',*,*,#2047,.T.);
#1649=ORIENTED_EDGE('',*,*,#1969,.F.);
#1650=ORIENTED_EDGE('',*,*,#2046,.T.);
#1651=ORIENTED_EDGE('',*,*,#2048,.T.);
#1652=ORIENTED_EDGE('',*,*,#2049,.T.);
#1653=ORIENTED_EDGE('',*,*,#2050,.T.);
#1654=ORIENTED_EDGE('',*,*,#2051,.T.);
#1655=ORIENTED_EDGE('',*,*,#1989,.T.);
#1656=ORIENTED_EDGE('',*,*,#1977,.T.);
#1657=ORIENTED_EDGE('',*,*,#1970,.T.);
#1658=ORIENTED_EDGE('',*,*,#2047,.F.);
#1659=ORIENTED_EDGE('',*,*,#2052,.T.);
#1660=ORIENTED_EDGE('',*,*,#2053,.T.);
#1661=ORIENTED_EDGE('',*,*,#2054,.F.);
#1662=ORIENTED_EDGE('',*,*,#2055,.F.);
#1663=ORIENTED_EDGE('',*,*,#2056,.F.);
#1664=ORIENTED_EDGE('',*,*,#1990,.F.);
#1665=ORIENTED_EDGE('',*,*,#2057,.T.);
#1666=ORIENTED_EDGE('',*,*,#2058,.T.);
#1667=ORIENTED_EDGE('',*,*,#2059,.F.);
#1668=ORIENTED_EDGE('',*,*,#1991,.T.);
#1669=ORIENTED_EDGE('',*,*,#2060,.T.);
#1670=ORIENTED_EDGE('',*,*,#2061,.F.);
#1671=ORIENTED_EDGE('',*,*,#2062,.T.);
#1672=ORIENTED_EDGE('',*,*,#2062,.F.);
#1673=ORIENTED_EDGE('',*,*,#2063,.F.);
#1674=ORIENTED_EDGE('',*,*,#2064,.F.);
#1675=ORIENTED_EDGE('',*,*,#2065,.T.);
#1676=ORIENTED_EDGE('',*,*,#1992,.F.);
#1677=ORIENTED_EDGE('',*,*,#2066,.T.);
#1678=ORIENTED_EDGE('',*,*,#2067,.F.);
#1679=ORIENTED_EDGE('',*,*,#2068,.F.);
#1680=ORIENTED_EDGE('',*,*,#1993,.F.);
#1681=ORIENTED_EDGE('',*,*,#2065,.F.);
#1682=ORIENTED_EDGE('',*,*,#2069,.F.);
#1683=ORIENTED_EDGE('',*,*,#2070,.F.);
#1684=ORIENTED_EDGE('',*,*,#2071,.F.);
#1685=ORIENTED_EDGE('',*,*,#2072,.F.);
#1686=ORIENTED_EDGE('',*,*,#2073,.F.);
#1687=ORIENTED_EDGE('',*,*,#2030,.F.);
#1688=ORIENTED_EDGE('',*,*,#2074,.F.);
#1689=ORIENTED_EDGE('',*,*,#2075,.F.);
#1690=ORIENTED_EDGE('',*,*,#2076,.F.);
#1691=ORIENTED_EDGE('',*,*,#2002,.F.);
#1692=ORIENTED_EDGE('',*,*,#1994,.F.);
#1693=ORIENTED_EDGE('',*,*,#2068,.T.);
#1694=ORIENTED_EDGE('',*,*,#2077,.T.);
#1695=ORIENTED_EDGE('',*,*,#2078,.F.);
#1696=ORIENTED_EDGE('',*,*,#1996,.F.);
#1697=ORIENTED_EDGE('',*,*,#2079,.F.);
#1698=ORIENTED_EDGE('',*,*,#2080,.T.);
#1699=ORIENTED_EDGE('',*,*,#2081,.T.);
#1700=ORIENTED_EDGE('',*,*,#1997,.F.);
#1701=ORIENTED_EDGE('',*,*,#2081,.F.);
#1702=ORIENTED_EDGE('',*,*,#2082,.T.);
#1703=ORIENTED_EDGE('',*,*,#2083,.T.);
#1704=ORIENTED_EDGE('',*,*,#1998,.F.);
#1705=ORIENTED_EDGE('',*,*,#2083,.F.);
#1706=ORIENTED_EDGE('',*,*,#2084,.T.);
#1707=ORIENTED_EDGE('',*,*,#2085,.T.);
#1708=ORIENTED_EDGE('',*,*,#1999,.F.);
#1709=ORIENTED_EDGE('',*,*,#2085,.F.);
#1710=ORIENTED_EDGE('',*,*,#2086,.T.);
#1711=ORIENTED_EDGE('',*,*,#2079,.T.);
#1712=ORIENTED_EDGE('',*,*,#2087,.T.);
#1713=ORIENTED_EDGE('',*,*,#2003,.F.);
#1714=ORIENTED_EDGE('',*,*,#2076,.T.);
#1715=ORIENTED_EDGE('',*,*,#2088,.T.);
#1716=ORIENTED_EDGE('',*,*,#2054,.T.);
#1717=ORIENTED_EDGE('',*,*,#2089,.T.);
#1718=ORIENTED_EDGE('',*,*,#2004,.F.);
#1719=ORIENTED_EDGE('',*,*,#2087,.F.);
#1720=ORIENTED_EDGE('',*,*,#2090,.F.);
#1721=ORIENTED_EDGE('',*,*,#2091,.F.);
#1722=ORIENTED_EDGE('',*,*,#2028,.F.);
#1723=ORIENTED_EDGE('',*,*,#2092,.F.);
#1724=ORIENTED_EDGE('',*,*,#2037,.F.);
#1725=ORIENTED_EDGE('',*,*,#2093,.F.);
#1726=ORIENTED_EDGE('',*,*,#2094,.F.);
#1727=ORIENTED_EDGE('',*,*,#2095,.F.);
#1728=ORIENTED_EDGE('',*,*,#2096,.T.);
#1729=ORIENTED_EDGE('',*,*,#2097,.T.);
#1730=ORIENTED_EDGE('',*,*,#2005,.F.);
#1731=ORIENTED_EDGE('',*,*,#2089,.F.);
#1732=ORIENTED_EDGE('',*,*,#2053,.F.);
#1733=ORIENTED_EDGE('',*,*,#2098,.T.);
#1734=ORIENTED_EDGE('',*,*,#2099,.F.);
#1735=ORIENTED_EDGE('',*,*,#2010,.F.);
#1736=ORIENTED_EDGE('',*,*,#2006,.F.);
#1737=ORIENTED_EDGE('',*,*,#2097,.F.);
#1738=ORIENTED_EDGE('',*,*,#2100,.T.);
#1739=ORIENTED_EDGE('',*,*,#2019,.F.);
#1740=ORIENTED_EDGE('',*,*,#2008,.F.);
#1741=ORIENTED_EDGE('',*,*,#2015,.F.);
#1742=ORIENTED_EDGE('',*,*,#2101,.F.);
#1743=ORIENTED_EDGE('',*,*,#2102,.F.);
#1744=ORIENTED_EDGE('',*,*,#2084,.F.);
#1745=ORIENTED_EDGE('',*,*,#2103,.T.);
#1746=ORIENTED_EDGE('',*,*,#2011,.T.);
#1747=ORIENTED_EDGE('',*,*,#2100,.F.);
#1748=ORIENTED_EDGE('',*,*,#2104,.F.);
#1749=ORIENTED_EDGE('',*,*,#2012,.T.);
#1750=ORIENTED_EDGE('',*,*,#2103,.F.);
#1751=ORIENTED_EDGE('',*,*,#2082,.F.);
#1752=ORIENTED_EDGE('',*,*,#2105,.T.);
#1753=ORIENTED_EDGE('',*,*,#2106,.F.);
#1754=ORIENTED_EDGE('',*,*,#2107,.F.);
#1755=ORIENTED_EDGE('',*,*,#2108,.F.);
#1756=ORIENTED_EDGE('',*,*,#2013,.T.);
#1757=ORIENTED_EDGE('',*,*,#2109,.T.);
#1758=ORIENTED_EDGE('',*,*,#2101,.T.);
#1759=ORIENTED_EDGE('',*,*,#2014,.F.);
#1760=ORIENTED_EDGE('',*,*,#2108,.T.);
#1761=ORIENTED_EDGE('',*,*,#2110,.F.);
#1762=ORIENTED_EDGE('',*,*,#2016,.F.);
#1763=ORIENTED_EDGE('',*,*,#2102,.T.);
#1764=ORIENTED_EDGE('',*,*,#2109,.F.);
#1765=ORIENTED_EDGE('',*,*,#2107,.T.);
#1766=ORIENTED_EDGE('',*,*,#2110,.T.);
#1767=ORIENTED_EDGE('',*,*,#2111,.T.);
#1768=ORIENTED_EDGE('',*,*,#2022,.T.);
#1769=ORIENTED_EDGE('',*,*,#2017,.F.);
#1770=ORIENTED_EDGE('',*,*,#2112,.T.);
#1771=ORIENTED_EDGE('',*,*,#2020,.F.);
#1772=ORIENTED_EDGE('',*,*,#2106,.T.);
#1773=ORIENTED_EDGE('',*,*,#2105,.F.);
#1774=ORIENTED_EDGE('',*,*,#2080,.F.);
#1775=ORIENTED_EDGE('',*,*,#2113,.T.);
#1776=ORIENTED_EDGE('',*,*,#2099,.T.);
#1777=ORIENTED_EDGE('',*,*,#2114,.F.);
#1778=ORIENTED_EDGE('',*,*,#2115,.T.);
#1779=ORIENTED_EDGE('',*,*,#2116,.T.);
#1780=ORIENTED_EDGE('',*,*,#2023,.F.);
#1781=ORIENTED_EDGE('',*,*,#2111,.F.);
#1782=ORIENTED_EDGE('',*,*,#2117,.T.);
#1783=ORIENTED_EDGE('',*,*,#2024,.T.);
#1784=ORIENTED_EDGE('',*,*,#2116,.F.);
#1785=ORIENTED_EDGE('',*,*,#2118,.T.);
#1786=ORIENTED_EDGE('',*,*,#2026,.F.);
#1787=ORIENTED_EDGE('',*,*,#2038,.F.);
#1788=ORIENTED_EDGE('',*,*,#2092,.T.);
#1789=ORIENTED_EDGE('',*,*,#2027,.F.);
#1790=ORIENTED_EDGE('',*,*,#2118,.F.);
#1791=ORIENTED_EDGE('',*,*,#2115,.F.);
#1792=ORIENTED_EDGE('',*,*,#2119,.F.);
#1793=ORIENTED_EDGE('',*,*,#2091,.T.);
#1794=ORIENTED_EDGE('',*,*,#2120,.F.);
#1795=ORIENTED_EDGE('',*,*,#2074,.T.);
#1796=ORIENTED_EDGE('',*,*,#2029,.T.);
#1797=ORIENTED_EDGE('',*,*,#2034,.F.);
#1798=ORIENTED_EDGE('',*,*,#2033,.F.);
#1799=ORIENTED_EDGE('',*,*,#2031,.F.);
#1800=ORIENTED_EDGE('',*,*,#2073,.T.);
#1801=ORIENTED_EDGE('',*,*,#2121,.F.);
#1802=ORIENTED_EDGE('',*,*,#2122,.T.);
#1803=ORIENTED_EDGE('',*,*,#2123,.T.);
#1804=ORIENTED_EDGE('',*,*,#2124,.F.);
#1805=ORIENTED_EDGE('',*,*,#2035,.F.);
#1806=ORIENTED_EDGE('',*,*,#2036,.T.);
#1807=ORIENTED_EDGE('',*,*,#2125,.T.);
#1808=ORIENTED_EDGE('',*,*,#2126,.T.);
#1809=ORIENTED_EDGE('',*,*,#2127,.T.);
#1810=ORIENTED_EDGE('',*,*,#2128,.T.);
#1811=ORIENTED_EDGE('',*,*,#2093,.T.);
#1812=ORIENTED_EDGE('',*,*,#2052,.F.);
#1813=ORIENTED_EDGE('',*,*,#2050,.F.);
#1814=ORIENTED_EDGE('',*,*,#2129,.F.);
#1815=ORIENTED_EDGE('',*,*,#2041,.F.);
#1816=ORIENTED_EDGE('',*,*,#2039,.T.);
#1817=ORIENTED_EDGE('',*,*,#2119,.T.);
#1818=ORIENTED_EDGE('',*,*,#2114,.T.);
#1819=ORIENTED_EDGE('',*,*,#2098,.F.);
#1820=ORIENTED_EDGE('',*,*,#2129,.T.);
#1821=ORIENTED_EDGE('',*,*,#2049,.F.);
#1822=ORIENTED_EDGE('',*,*,#2130,.F.);
#1823=ORIENTED_EDGE('',*,*,#2131,.F.);
#1824=ORIENTED_EDGE('',*,*,#2042,.F.);
#1825=ORIENTED_EDGE('',*,*,#2043,.F.);
#1826=ORIENTED_EDGE('',*,*,#2131,.T.);
#1827=ORIENTED_EDGE('',*,*,#2130,.T.);
#1828=ORIENTED_EDGE('',*,*,#2048,.F.);
#1829=ORIENTED_EDGE('',*,*,#2045,.T.);
#1830=ORIENTED_EDGE('',*,*,#2132,.F.);
#1831=ORIENTED_EDGE('',*,*,#2051,.F.);
#1832=ORIENTED_EDGE('',*,*,#2117,.F.);
#1833=ORIENTED_EDGE('',*,*,#2055,.T.);
#1834=ORIENTED_EDGE('',*,*,#2095,.T.);
#1835=ORIENTED_EDGE('',*,*,#2133,.T.);
#1836=ORIENTED_EDGE('',*,*,#2134,.T.);
#1837=ORIENTED_EDGE('',*,*,#2135,.T.);
#1838=ORIENTED_EDGE('',*,*,#2136,.T.);
#1839=ORIENTED_EDGE('',*,*,#2137,.F.);
#1840=ORIENTED_EDGE('',*,*,#2057,.F.);
#1841=ORIENTED_EDGE('',*,*,#2056,.T.);
#1842=ORIENTED_EDGE('',*,*,#2058,.F.);
#1843=ORIENTED_EDGE('',*,*,#2138,.F.);
#1844=ORIENTED_EDGE('',*,*,#2139,.F.);
#1845=ORIENTED_EDGE('',*,*,#2140,.F.);
#1846=ORIENTED_EDGE('',*,*,#2141,.F.);
#1847=ORIENTED_EDGE('',*,*,#2142,.F.);
#1848=ORIENTED_EDGE('',*,*,#2143,.F.);
#1849=ORIENTED_EDGE('',*,*,#2144,.F.);
#1850=ORIENTED_EDGE('',*,*,#2060,.F.);
#1851=ORIENTED_EDGE('',*,*,#2059,.T.);
#1852=ORIENTED_EDGE('',*,*,#2145,.F.);
#1853=ORIENTED_EDGE('',*,*,#2061,.T.);
#1854=ORIENTED_EDGE('',*,*,#2146,.T.);
#1855=ORIENTED_EDGE('',*,*,#2147,.T.);
#1856=ORIENTED_EDGE('',*,*,#2148,.F.);
#1857=ORIENTED_EDGE('',*,*,#2149,.T.);
#1858=ORIENTED_EDGE('',*,*,#2150,.F.);
#1859=ORIENTED_EDGE('',*,*,#2063,.T.);
#1860=ORIENTED_EDGE('',*,*,#2151,.F.);
#1861=ORIENTED_EDGE('',*,*,#2069,.T.);
#1862=ORIENTED_EDGE('',*,*,#2064,.T.);
#1863=ORIENTED_EDGE('',*,*,#2150,.T.);
#1864=ORIENTED_EDGE('',*,*,#2152,.F.);
#1865=ORIENTED_EDGE('',*,*,#2153,.F.);
#1866=ORIENTED_EDGE('',*,*,#2154,.F.);
#1867=ORIENTED_EDGE('',*,*,#2066,.F.);
#1868=ORIENTED_EDGE('',*,*,#2077,.F.);
#1869=ORIENTED_EDGE('',*,*,#2067,.T.);
#1870=ORIENTED_EDGE('',*,*,#2154,.T.);
#1871=ORIENTED_EDGE('',*,*,#2155,.T.);
#1872=ORIENTED_EDGE('',*,*,#2156,.F.);
#1873=ORIENTED_EDGE('',*,*,#2070,.T.);
#1874=ORIENTED_EDGE('',*,*,#2151,.T.);
#1875=ORIENTED_EDGE('',*,*,#2149,.F.);
#1876=ORIENTED_EDGE('',*,*,#2152,.T.);
#1877=ORIENTED_EDGE('',*,*,#2071,.T.);
#1878=ORIENTED_EDGE('',*,*,#2156,.T.);
#1879=ORIENTED_EDGE('',*,*,#2148,.T.);
#1880=ORIENTED_EDGE('',*,*,#2157,.T.);
#1881=ORIENTED_EDGE('',*,*,#2158,.T.);
#1882=ORIENTED_EDGE('',*,*,#2121,.T.);
#1883=ORIENTED_EDGE('',*,*,#2072,.T.);
#1884=ORIENTED_EDGE('',*,*,#2159,.F.);
#1885=ORIENTED_EDGE('',*,*,#2160,.F.);
#1886=ORIENTED_EDGE('',*,*,#2090,.T.);
#1887=ORIENTED_EDGE('',*,*,#2088,.F.);
#1888=ORIENTED_EDGE('',*,*,#2075,.T.);
#1889=ORIENTED_EDGE('',*,*,#2120,.T.);
#1890=ORIENTED_EDGE('',*,*,#2161,.T.);
#1891=ORIENTED_EDGE('',*,*,#2159,.T.);
#1892=ORIENTED_EDGE('',*,*,#2078,.T.);
#1893=ORIENTED_EDGE('',*,*,#2155,.F.);
#1894=ORIENTED_EDGE('',*,*,#2153,.T.);
#1895=ORIENTED_EDGE('',*,*,#2158,.F.);
#1896=ORIENTED_EDGE('',*,*,#2162,.T.);
#1897=ORIENTED_EDGE('',*,*,#2163,.T.);
#1898=ORIENTED_EDGE('',*,*,#2086,.F.);
#1899=ORIENTED_EDGE('',*,*,#2104,.T.);
#1900=ORIENTED_EDGE('',*,*,#2096,.F.);
#1901=ORIENTED_EDGE('',*,*,#2113,.F.);
#1902=ORIENTED_EDGE('',*,*,#2094,.T.);
#1903=ORIENTED_EDGE('',*,*,#2128,.F.);
#1904=ORIENTED_EDGE('',*,*,#2164,.F.);
#1905=ORIENTED_EDGE('',*,*,#2133,.F.);
#1906=ORIENTED_EDGE('',*,*,#2132,.T.);
#1907=ORIENTED_EDGE('',*,*,#2112,.F.);
#1908=ORIENTED_EDGE('',*,*,#2122,.F.);
#1909=ORIENTED_EDGE('',*,*,#2165,.T.);
#1910=ORIENTED_EDGE('',*,*,#2141,.T.);
#1911=ORIENTED_EDGE('',*,*,#2123,.F.);
#1912=ORIENTED_EDGE('',*,*,#2124,.T.);
#1913=ORIENTED_EDGE('',*,*,#2140,.T.);
#1914=ORIENTED_EDGE('',*,*,#2166,.T.);
#1915=ORIENTED_EDGE('',*,*,#2125,.F.);
#1916=ORIENTED_EDGE('',*,*,#2167,.F.);
#1917=ORIENTED_EDGE('',*,*,#2135,.F.);
#1918=ORIENTED_EDGE('',*,*,#2168,.F.);
#1919=ORIENTED_EDGE('',*,*,#2169,.F.);
#1920=ORIENTED_EDGE('',*,*,#2126,.F.);
#1921=ORIENTED_EDGE('',*,*,#2166,.F.);
#1922=ORIENTED_EDGE('',*,*,#2139,.T.);
#1923=ORIENTED_EDGE('',*,*,#2127,.F.);
#1924=ORIENTED_EDGE('',*,*,#2169,.T.);
#1925=ORIENTED_EDGE('',*,*,#2168,.T.);
#1926=ORIENTED_EDGE('',*,*,#2134,.F.);
#1927=ORIENTED_EDGE('',*,*,#2164,.T.);
#1928=ORIENTED_EDGE('',*,*,#2170,.F.);
#1929=ORIENTED_EDGE('',*,*,#2137,.T.);
#1930=ORIENTED_EDGE('',*,*,#2136,.F.);
#1931=ORIENTED_EDGE('',*,*,#2167,.T.);
#1932=ORIENTED_EDGE('',*,*,#2138,.T.);
#1933=ORIENTED_EDGE('',*,*,#2171,.T.);
#1934=ORIENTED_EDGE('',*,*,#2163,.F.);
#1935=ORIENTED_EDGE('',*,*,#2172,.T.);
#1936=ORIENTED_EDGE('',*,*,#2142,.T.);
#1937=ORIENTED_EDGE('',*,*,#2173,.F.);
#1938=ORIENTED_EDGE('',*,*,#2143,.T.);
#1939=ORIENTED_EDGE('',*,*,#2172,.F.);
#1940=ORIENTED_EDGE('',*,*,#2162,.F.);
#1941=ORIENTED_EDGE('',*,*,#2157,.F.);
#1942=ORIENTED_EDGE('',*,*,#2147,.F.);
#1943=ORIENTED_EDGE('',*,*,#2145,.T.);
#1944=ORIENTED_EDGE('',*,*,#2144,.T.);
#1945=ORIENTED_EDGE('',*,*,#2173,.T.);
#1946=ORIENTED_EDGE('',*,*,#2146,.F.);
#1947=ORIENTED_EDGE('',*,*,#2160,.T.);
#1948=ORIENTED_EDGE('',*,*,#2171,.F.);
#1949=ORIENTED_EDGE('',*,*,#2165,.F.);
#1950=ORIENTED_EDGE('',*,*,#2174,.T.);
#1951=ORIENTED_EDGE('',*,*,#2161,.F.);
#1952=ORIENTED_EDGE('',*,*,#2170,.T.);
#1953=ORIENTED_EDGE('',*,*,#2174,.F.);
#1954=ORIENTED_EDGE('',*,*,#2000,.T.);
#1955=ORIENTED_EDGE('',*,*,#1986,.T.);
#1956=ORIENTED_EDGE('',*,*,#2001,.T.);
#1957=ORIENTED_EDGE('',*,*,#1972,.T.);
#1958=ORIENTED_EDGE('',*,*,#1976,.T.);
#1959=EDGE_CURVE('',#2175,#2176,#2177,.T.);
#1960=EDGE_CURVE('',#2176,#2178,#2179,.T.);
#1961=EDGE_CURVE('',#2178,#2180,#2181,.T.);
#1962=EDGE_CURVE('',#2180,#2182,#2183,.T.);
#1963=EDGE_CURVE('',#2182,#2184,#2185,.T.);
#1964=EDGE_CURVE('',#2184,#2186,#2187,.T.);
#1965=EDGE_CURVE('',#2186,#2188,#2189,.T.);
#1966=EDGE_CURVE('',#2190,#2188,#2191,.F.);
#1967=EDGE_CURVE('',#2190,#2192,#2193,.T.);
#1968=EDGE_CURVE('',#2192,#2194,#2195,.T.);
#1969=EDGE_CURVE('',#2194,#2196,#2197,.T.);
#1970=EDGE_CURVE('',#2198,#2196,#2199,.F.);
#1971=EDGE_CURVE('',#2198,#2175,#2200,.T.);
#1972=EDGE_CURVE('',#2201,#2175,#2202,.T.);
#1973=EDGE_CURVE('',#2201,#2203,#2204,.F.);
#1974=EDGE_CURVE('',#2203,#2205,#2206,.T.);
#1975=EDGE_CURVE('',#2205,#2176,#2207,.F.);
#1976=EDGE_CURVE('',#2175,#2208,#2209,.F.);
#1977=EDGE_CURVE('',#2210,#2198,#2211,.F.);
#1978=EDGE_CURVE('',#2210,#2212,#2213,.T.);
#1979=EDGE_CURVE('',#2212,#2208,#2214,.F.);
#1980=EDGE_CURVE('',#2215,#2216,#2217,.T.);
#1981=EDGE_CURVE('',#2216,#2215,#2218,.T.);
#1982=EDGE_CURVE('',#2219,#2220,#2221,.T.);
#1983=EDGE_CURVE('',#2222,#2220,#2223,.F.);
#1984=EDGE_CURVE('',#2224,#2222,#2225,.F.);
#1985=EDGE_CURVE('',#2224,#2226,#2227,.F.);
#1986=EDGE_CURVE('',#2219,#2226,#2228,.F.);
#1987=EDGE_CURVE('',#2203,#2224,#2229,.F.);
#1988=EDGE_CURVE('',#2220,#2212,#2230,.F.);
#1989=EDGE_CURVE('',#2231,#2210,#2232,.T.);
#1990=EDGE_CURVE('',#2231,#2233,#2234,.T.);
#1991=EDGE_CURVE('',#2235,#2233,#2236,.T.);
#1992=EDGE_CURVE('',#2235,#2237,#2238,.F.);
#1993=EDGE_CURVE('',#2237,#2239,#2240,.F.);
#1994=EDGE_CURVE('',#2239,#2241,#2242,.T.);
#1995=EDGE_CURVE('',#2241,#2205,#2243,.T.);
#1996=EDGE_CURVE('',#2244,#2245,#2246,.F.);
#1997=EDGE_CURVE('',#2245,#2247,#2248,.F.);
#1998=EDGE_CURVE('',#2247,#2249,#2250,.F.);
#1999=EDGE_CURVE('',#2249,#2244,#2251,.F.);
#2000=EDGE_CURVE('',#2208,#2219,#2252,.T.);
#2001=EDGE_CURVE('',#2226,#2201,#2253,.T.);
#2002=EDGE_CURVE('',#2241,#2254,#2255,.T.);
#2003=EDGE_CURVE('',#2254,#2256,#2257,.T.);
#2004=EDGE_CURVE('',#2256,#2258,#2259,.F.);
#2005=EDGE_CURVE('',#2258,#2260,#2261,.F.);
#2006=EDGE_CURVE('',#2260,#2262,#2263,.F.);
#2007=EDGE_CURVE('',#2262,#2178,#2264,.T.);
#2008=EDGE_CURVE('',#2216,#2265,#2266,.T.);
#2009=EDGE_CURVE('',#2265,#2180,#2267,.T.);
#2010=EDGE_CURVE('',#2262,#2268,#2269,.F.);
#2011=EDGE_CURVE('',#2270,#2268,#2271,.T.);
#2012=EDGE_CURVE('',#2272,#2270,#2273,.T.);
#2013=EDGE_CURVE('',#2274,#2272,#2275,.T.);
#2014=EDGE_CURVE('',#2274,#2276,#2277,.T.);
#2015=EDGE_CURVE('',#2276,#2216,#2278,.T.);
#2016=EDGE_CURVE('',#2279,#2280,#2281,.F.);
#2017=EDGE_CURVE('',#2280,#2282,#2283,.F.);
#2018=EDGE_CURVE('',#2282,#2182,#2284,.T.);
#2019=EDGE_CURVE('',#2265,#2279,#2285,.F.);
#2020=EDGE_CURVE('',#2286,#2286,#2287,.T.);
#2021=EDGE_CURVE('',#2288,#2184,#2289,.T.);
#2022=EDGE_CURVE('',#2290,#2282,#2291,.T.);
#2023=EDGE_CURVE('',#2290,#2292,#2293,.F.);
#2024=EDGE_CURVE('',#2288,#2292,#2294,.T.);
#2025=EDGE_CURVE('',#2186,#2295,#2296,.F.);
#2026=EDGE_CURVE('',#2288,#2297,#2298,.F.);
#2027=EDGE_CURVE('',#2297,#2299,#2300,.F.);
#2028=EDGE_CURVE('',#2299,#2301,#2302,.F.);
#2029=EDGE_CURVE('',#2303,#2301,#2304,.T.);
#2030=EDGE_CURVE('',#2303,#2305,#2306,.T.);
#2031=EDGE_CURVE('',#2305,#2295,#2307,.T.);
#2032=EDGE_CURVE('',#2188,#2308,#2309,.T.);
#2033=EDGE_CURVE('',#2295,#2308,#2310,.T.);
#2034=EDGE_CURVE('',#2308,#2311,#2312,.T.);
#2035=EDGE_CURVE('',#2311,#2313,#2314,.T.);
#2036=EDGE_CURVE('',#2315,#2313,#2316,.T.);
#2037=EDGE_CURVE('',#2315,#2317,#2318,.T.);
#2038=EDGE_CURVE('',#2317,#2319,#2320,.T.);
#2039=EDGE_CURVE('',#2321,#2319,#2322,.T.);
#2040=EDGE_CURVE('',#2190,#2321,#2323,.T.);
#2041=EDGE_CURVE('',#2321,#2324,#2325,.F.);
#2042=EDGE_CURVE('',#2324,#2326,#2327,.T.);
#2043=EDGE_CURVE('',#2326,#2328,#2329,.F.);
#2044=EDGE_CURVE('',#2328,#2192,#2330,.T.);
#2045=EDGE_CURVE('',#2331,#2328,#2332,.T.);
#2046=EDGE_CURVE('',#2194,#2331,#2333,.F.);
#2047=EDGE_CURVE('',#2334,#2196,#2335,.T.);
#2048=EDGE_CURVE('',#2331,#2336,#2337,.F.);
#2049=EDGE_CURVE('',#2336,#2338,#2339,.F.);
#2050=EDGE_CURVE('',#2338,#2334,#2340,.F.);
#2051=EDGE_CURVE('',#2341,#2341,#2342,.F.);
#2052=EDGE_CURVE('',#2334,#2343,#2344,.T.);
#2053=EDGE_CURVE('',#2343,#2345,#2346,.T.);
#2054=EDGE_CURVE('',#2347,#2345,#2348,.T.);
#2055=EDGE_CURVE('',#2349,#2347,#2350,.T.);
#2056=EDGE_CURVE('',#2231,#2349,#2351,.T.);
#2057=EDGE_CURVE('',#2231,#2352,#2353,.T.);
#2058=EDGE_CURVE('',#2352,#2354,#2355,.T.);
#2059=EDGE_CURVE('',#2233,#2354,#2356,.T.);
#2060=EDGE_CURVE('',#2233,#2357,#2358,.T.);
#2061=EDGE_CURVE('',#2359,#2357,#2360,.T.);
#2062=EDGE_CURVE('',#2359,#2235,#2361,.F.);
#2063=EDGE_CURVE('',#2362,#2359,#2363,.F.);
#2064=EDGE_CURVE('',#2364,#2362,#2365,.T.);
#2065=EDGE_CURVE('',#2364,#2237,#2366,.T.);
#2066=EDGE_CURVE('',#2367,#2368,#2369,.T.);
#2067=EDGE_CURVE('',#2370,#2368,#2371,.F.);
#2068=EDGE_CURVE('',#2239,#2370,#2372,.T.);
#2069=EDGE_CURVE('',#2373,#2364,#2374,.F.);
#2070=EDGE_CURVE('',#2375,#2373,#2376,.T.);
#2071=EDGE_CURVE('',#2367,#2375,#2377,.F.);
#2072=EDGE_CURVE('',#2378,#2379,#2380,.F.);
#2073=EDGE_CURVE('',#2305,#2378,#2381,.T.);
#2074=EDGE_CURVE('',#2382,#2303,#2383,.T.);
#2075=EDGE_CURVE('',#2384,#2382,#2385,.T.);
#2076=EDGE_CURVE('',#2254,#2384,#2386,.T.);
#2077=EDGE_CURVE('',#2370,#2387,#2388,.T.);
#2078=EDGE_CURVE('',#2379,#2387,#2389,.T.);
#2079=EDGE_CURVE('',#2390,#2244,#2391,.F.);
#2080=EDGE_CURVE('',#2390,#2392,#2393,.F.);
#2081=EDGE_CURVE('',#2392,#2245,#2394,.F.);
#2082=EDGE_CURVE('',#2392,#2395,#2396,.F.);
#2083=EDGE_CURVE('',#2395,#2247,#2397,.F.);
#2084=EDGE_CURVE('',#2395,#2398,#2399,.F.);
#2085=EDGE_CURVE('',#2398,#2249,#2400,.F.);
#2086=EDGE_CURVE('',#2398,#2390,#2401,.F.);
#2087=EDGE_CURVE('',#2402,#2256,#2403,.F.);
#2088=EDGE_CURVE('',#2384,#2402,#2404,.T.);
#2089=EDGE_CURVE('',#2345,#2258,#2405,.T.);
#2090=EDGE_CURVE('',#2406,#2402,#2407,.F.);
#2091=EDGE_CURVE('',#2301,#2406,#2408,.F.);
#2092=EDGE_CURVE('',#2317,#2299,#2409,.T.);
#2093=EDGE_CURVE('',#2410,#2315,#2411,.F.);
#2094=EDGE_CURVE('',#2412,#2410,#2413,.T.);
#2095=EDGE_CURVE('',#2347,#2412,#2414,.F.);
#2096=EDGE_CURVE('',#2415,#2416,#2417,.T.);
#2097=EDGE_CURVE('',#2416,#2260,#2418,.T.);
#2098=EDGE_CURVE('',#2343,#2419,#2420,.T.);
#2099=EDGE_CURVE('',#2415,#2419,#2421,.T.);
#2100=EDGE_CURVE('',#2416,#2268,#2422,.T.);
#2101=EDGE_CURVE('',#2423,#2276,#2424,.T.);
#2102=EDGE_CURVE('',#2279,#2423,#2425,.T.);
#2103=EDGE_CURVE('',#2395,#2270,#2426,.T.);
#2104=EDGE_CURVE('',#2398,#2416,#2427,.T.);
#2105=EDGE_CURVE('',#2392,#2272,#2428,.T.);
#2106=EDGE_CURVE('',#2429,#2272,#2430,.F.);
#2107=EDGE_CURVE('',#2431,#2429,#2432,.T.);
#2108=EDGE_CURVE('',#2274,#2431,#2433,.T.);
#2109=EDGE_CURVE('',#2431,#2423,#2434,.T.);
#2110=EDGE_CURVE('',#2280,#2429,#2435,.T.);
#2111=EDGE_CURVE('',#2429,#2290,#2436,.T.);
#2112=EDGE_CURVE('',#2437,#2437,#2438,.T.);
#2113=EDGE_CURVE('',#2390,#2415,#2439,.T.);
#2114=EDGE_CURVE('',#2440,#2419,#2441,.F.);
#2115=EDGE_CURVE('',#2440,#2442,#2443,.T.);
#2116=EDGE_CURVE('',#2442,#2292,#2444,.T.);
#2117=EDGE_CURVE('',#2445,#2445,#2446,.T.);
#2118=EDGE_CURVE('',#2442,#2297,#2447,.T.);
#2119=EDGE_CURVE('',#2319,#2440,#2448,.T.);
#2120=EDGE_CURVE('',#2382,#2406,#2449,.T.);
#2121=EDGE_CURVE('',#2450,#2378,#2451,.T.);
#2122=EDGE_CURVE('',#2450,#2311,#2452,.F.);
#2123=EDGE_CURVE('',#2311,#2453,#2454,.T.);
#2124=EDGE_CURVE('',#2313,#2453,#2455,.F.);
#2125=EDGE_CURVE('',#2313,#2456,#2457,.F.);
#2126=EDGE_CURVE('',#2456,#2458,#2459,.T.);
#2127=EDGE_CURVE('',#2458,#2460,#2461,.F.);
#2128=EDGE_CURVE('',#2460,#2410,#2462,.T.);
#2129=EDGE_CURVE('',#2324,#2338,#2463,.F.);
#2130=EDGE_CURVE('',#2464,#2336,#2465,.F.);
#2131=EDGE_CURVE('',#2326,#2464,#2466,.T.);
#2132=EDGE_CURVE('',#2467,#2467,#2468,.T.);
#2133=EDGE_CURVE('',#2412,#2469,#2470,.F.);
#2134=EDGE_CURVE('',#2469,#2471,#2472,.F.);
#2135=EDGE_CURVE('',#2471,#2473,#2474,.F.);
#2136=EDGE_CURVE('',#2473,#2349,#2475,.F.);
#2137=EDGE_CURVE('',#2352,#2349,#2476,.F.);
#2138=EDGE_CURVE('',#2477,#2352,#2478,.F.);
#2139=EDGE_CURVE('',#2479,#2477,#2480,.F.);
#2140=EDGE_CURVE('',#2453,#2479,#2481,.F.);
#2141=EDGE_CURVE('',#2482,#2453,#2483,.F.);
#2142=EDGE_CURVE('',#2484,#2482,#2485,.T.);
#2143=EDGE_CURVE('',#2486,#2484,#2487,.T.);
#2144=EDGE_CURVE('',#2354,#2486,#2488,.T.);
#2145=EDGE_CURVE('',#2357,#2354,#2489,.F.);
#2146=EDGE_CURVE('',#2357,#2490,#2491,.T.);
#2147=EDGE_CURVE('',#2490,#2492,#2493,.F.);
#2148=EDGE_CURVE('',#2494,#2492,#2495,.F.);
#2149=EDGE_CURVE('',#2494,#2496,#2497,.F.);
#2150=EDGE_CURVE('',#2362,#2496,#2498,.F.);
#2151=EDGE_CURVE('',#2373,#2496,#2499,.T.);
#2152=EDGE_CURVE('',#2500,#2367,#2501,.T.);
#2153=EDGE_CURVE('',#2502,#2500,#2503,.F.);
#2154=EDGE_CURVE('',#2368,#2502,#2504,.T.);
#2155=EDGE_CURVE('',#2502,#2387,#2505,.F.);
#2156=EDGE_CURVE('',#2375,#2494,#2506,.T.);
#2157=EDGE_CURVE('',#2492,#2507,#2508,.F.);
#2158=EDGE_CURVE('',#2507,#2500,#2509,.F.);
#2159=EDGE_CURVE('',#2510,#2379,#2511,.T.);
#2160=EDGE_CURVE('',#2450,#2510,#2512,.T.);
#2161=EDGE_CURVE('',#2513,#2513,#2514,.T.);
#2162=EDGE_CURVE('',#2507,#2515,#2516,.T.);
#2163=EDGE_CURVE('',#2515,#2510,#2517,.T.);
#2164=EDGE_CURVE('',#2469,#2460,#2518,.T.);
#2165=EDGE_CURVE('',#2450,#2482,#2519,.T.);
#2166=EDGE_CURVE('',#2479,#2456,#2520,.F.);
#2167=EDGE_CURVE('',#2473,#2477,#2521,.T.);
#2168=EDGE_CURVE('',#2522,#2471,#2523,.F.);
#2169=EDGE_CURVE('',#2458,#2522,#2524,.T.);
#2170=EDGE_CURVE('',#2525,#2525,#2526,.T.);
#2171=EDGE_CURVE('',#2482,#2510,#2527,.F.);
#2172=EDGE_CURVE('',#2515,#2484,#2528,.T.);
#2173=EDGE_CURVE('',#2486,#2490,#2529,.F.);
#2174=EDGE_CURVE('',#2530,#2530,#2531,.T.);
#2175=VERTEX_POINT('',#2532);
#2176=VERTEX_POINT('',#2533);
#2177=LINE('',#2534,#2535);
#2178=VERTEX_POINT('',#2537);
#2179=LINE('',#2538,#2539);
#2180=VERTEX_POINT('',#2541);
#2181=LINE('',#2542,#2543);
#2182=VERTEX_POINT('',#2545);
#2183=LINE('',#2546,#2547);
#2184=VERTEX_POINT('',#2549);
#2185=LINE('',#2550,#2551);
#2186=VERTEX_POINT('',#2553);
#2187=LINE('',#2554,#2555);
#2188=VERTEX_POINT('',#2557);
#2189=LINE('',#2558,#2559);
#2190=VERTEX_POINT('',#2561);
#2191=CIRCLE('',#2562,3.00000000462094);
#2192=VERTEX_POINT('',#2566);
#2193=LINE('',#2567,#2568);
#2194=VERTEX_POINT('',#2570);
#2195=CIRCLE('',#2571,1.);
#2196=VERTEX_POINT('',#2575);
#2197=LINE('',#2576,#2577);
#2198=VERTEX_POINT('',#2579);
#2199=CIRCLE('',#2580,3.);
#2200=LINE('',#2584,#2585);
#2201=VERTEX_POINT('',#2587);
#2202=(BOUNDED_CURVE()B_SPLINE_CURVE(3,
(#2588,#2589,#2590,#2591),
.UNSPECIFIED.,.F.,.F.)B_SPLINE_CURVE_WITH_KNOTS((4,4),
(0.,1.),
.UNSPECIFIED.)CURVE()GEOMETRIC_REPRESENTATION_ITEM()RATIONAL_B_SPLINE_CURVE((1.,
0.804737854124365,0.804737854124365,1.))REPRESENTATION_ITEM(''));
#2203=VERTEX_POINT('',#2592);
#2204=LINE('',#2593,#2594);
#2205=VERTEX_POINT('',#2596);
#2206=LINE('',#2597,#2598);
#2207=LINE('',#2600,#2601);
#2208=VERTEX_POINT('',#2603);
#2209=(BOUNDED_CURVE()B_SPLINE_CURVE(3,
(#2604,#2605,#2606,#2607),
.UNSPECIFIED.,.F.,.F.)B_SPLINE_CURVE_WITH_KNOTS((4,4),
(0.,1.),
.UNSPECIFIED.)CURVE()GEOMETRIC_REPRESENTATION_ITEM()RATIONAL_B_SPLINE_CURVE((1.,
0.804737854124365,0.804737854124365,1.))REPRESENTATION_ITEM(''));
#2210=VERTEX_POINT('',#2608);
#2211=(BOUNDED_CURVE()B_SPLINE_CURVE(3,
(#2609,#2610,#2611,#2612),
.UNSPECIFIED.,.F.,.F.)B_SPLINE_CURVE_WITH_KNOTS((4,4),
(0.,1.),
.UNSPECIFIED.)CURVE()GEOMETRIC_REPRESENTATION_ITEM()RATIONAL_B_SPLINE_CURVE((1.,
0.877664387180357,0.877664387180357,1.))REPRESENTATION_ITEM(''));
#2212=VERTEX_POINT('',#2613);
#2213=LINE('',#2614,#2615);
#2214=LINE('',#2617,#2618);
#2215=VERTEX_POINT('',#2620);
#2216=VERTEX_POINT('',#2621);
#2217=CIRCLE('',#2622,1.25);
#2218=CIRCLE('',#2626,1.25);
#2219=VERTEX_POINT('',#2630);
#2220=VERTEX_POINT('',#2631);
#2221=LINE('',#2632,#2633);
#2222=VERTEX_POINT('',#2635);
#2223=CIRCLE('',#2636,1.25);
#2224=VERTEX_POINT('',#2640);
#2225=CIRCLE('',#2641,1.25);
#2226=VERTEX_POINT('',#2645);
#2227=LINE('',#2646,#2647);
#2228=B_SPLINE_CURVE_WITH_KNOTS('',3,
(#2649,#2650,#2651,#2652,#2653,#2654,#2655,#2656,#2657,#2658,#2659,#2660,#2661,#2662,
#2663,#2664,#2665,#2666,#2667,#2668,#2669,#2670,#2671,#2672,#2673,#2674,#2675,#2676,
#2677,#2678,#2679,#2680,#2681,#2682,#2683,#2684,#2685,#2686,#2687,#2688,#2689,#2690,
#2691,#2692,#2693,#2694,#2695,#2696,#2697,#2698,#2699,#2700,#2701,#2702,#2703,#2704,
#2705,#2706,#2707,#2708,#2709,#2710,#2711,#2712,#2713,#2714,#2715),
.UNSPECIFIED.,.F.,.F.,
(4,1,1,1,1,1,1,1,1,1,1,1,1,1,1,1,1,1,1,1,1,1,1,1,1,1,1,1,1,1,1,1,1,1,1,1,1,1,1,1,
1,1,1,1,1,1,1,1,1,1,1,1,1,1,1,1,1,1,1,1,1,1,1,1,4),
(0.,0.00603387556440073,0.0120981478828108,0.0181924414019291,0.0243485065215528,
0.0305491686782836,0.0368135763969126,0.0431122690773572,0.0494524635371448,0.0557990285370283,
0.0621784148204697,0.0685798835764012,0.0750188116502747,0.0814690658233472,0.0879536357473922,
0.0944596566333676,0.100995951602403,0.107542835609012,0.119113500403031,0.138767679099716,
0.169816818380086,0.206773548457889,0.243987076481396,0.27530292184302,0.2964166318758,
0.309914173359668,0.318618105578946,0.327310548436643,0.340619010438136,0.360048556299919,
0.386982133717012,0.416154974323723,0.445515874260085,0.473733913844883,0.499998573481492,
0.502516282503039,0.534705209678633,0.565228190276672,0.593026882524442,0.624834718277245,
0.665346466144798,0.712280555872478,0.754551805326697,0.790965862228836,0.821776516653495,
0.84714726061801,0.865177097783202,0.87789413718166,0.890014125594859,0.904706706380094,
0.918268438376737,0.927873157264102,0.933729029053072,0.939525439629914,0.945196231327562,
0.950803793910911,0.956343998916909,0.96188401295091,0.967405416513747,0.972910903427809,
0.978381749107468,0.983836288227378,0.989248329939403,0.994635114882507,1.),
.UNSPECIFIED.);
#2229=LINE('',#2716,#2717);
#2230=LINE('',#2719,#2720);
#2231=VERTEX_POINT('',#2722);
#2232=LINE('',#2723,#2724);
#2233=VERTEX_POINT('',#2726);
#2234=CIRCLE('',#2727,13.);
#2235=VERTEX_POINT('',#2731);
#2236=LINE('',#2732,#2733);
#2237=VERTEX_POINT('',#2735);
#2238=LINE('',#2736,#2737);
#2239=VERTEX_POINT('',#2739);
#2240=LINE('',#2740,#2741);
#2241=VERTEX_POINT('',#2743);
#2242=LINE('',#2744,#2745);
#2243=LINE('',#2747,#2748);
#2244=VERTEX_POINT('',#2750);
#2245=VERTEX_POINT('',#2751);
#2246=LINE('',#2752,#2753);
#2247=VERTEX_POINT('',#2755);
#2248=LINE('',#2756,#2757);
#2249=VERTEX_POINT('',#2759);
#2250=LINE('',#2760,#2761);
#2251=LINE('',#2763,#2764);
#2252=LINE('',#2766,#2767);
#2253=LINE('',#2769,#2770);
#2254=VERTEX_POINT('',#2772);
#2255=LINE('',#2773,#2774);
#2256=VERTEX_POINT('',#2776);
#2257=LINE('',#2777,#2778);
#2258=VERTEX_POINT('',#2780);
#2259=LINE('',#2781,#2782);
#2260=VERTEX_POINT('',#2784);
#2261=LINE('',#2785,#2786);
#2262=VERTEX_POINT('',#2788);
#2263=LINE('',#2789,#2790);
#2264=LINE('',#2792,#2793);
#2265=VERTEX_POINT('',#2795);
#2266=LINE('',#2796,#2797);
#2267=LINE('',#2799,#2800);
#2268=VERTEX_POINT('',#2802);
#2269=LINE('',#2803,#2804);
#2270=VERTEX_POINT('',#2806);
#2271=LINE('',#2807,#2808);
#2272=VERTEX_POINT('',#2810);
#2273=LINE('',#2811,#2812);
#2274=VERTEX_POINT('',#2814);
#2275=LINE('',#2815,#2816);
#2276=VERTEX_POINT('',#2818);
#2277=LINE('',#2819,#2820);
#2278=LINE('',#2822,#2823);
#2279=VERTEX_POINT('',#2825);
#2280=VERTEX_POINT('',#2826);
#2281=LINE('',#2827,#2828);
#2282=VERTEX_POINT('',#2830);
#2283=LINE('',#2831,#2832);
#2284=LINE('',#2834,#2835);
#2285=LINE('',#2837,#2838);
#2286=VERTEX_POINT('',#2840);
#2287=CIRCLE('',#2841,1.65);
#2288=VERTEX_POINT('',#2845);
#2289=LINE('',#2846,#2847);
#2290=VERTEX_POINT('',#2849);
#2291=LINE('',#2850,#2851);
#2292=VERTEX_POINT('',#2853);
#2293=LINE('',#2854,#2855);
#2294=LINE('',#2857,#2858);
#2295=VERTEX_POINT('',#2860);
#2296=LINE('',#2861,#2862);
#2297=VERTEX_POINT('',#2864);
#2298=LINE('',#2865,#2866);
#2299=VERTEX_POINT('',#2868);
#2300=LINE('',#2869,#2870);
#2301=VERTEX_POINT('',#2872);
#2302=LINE('',#2873,#2874);
#2303=VERTEX_POINT('',#2876);
#2304=LINE('',#2877,#2878);
#2305=VERTEX_POINT('',#2880);
#2306=LINE('',#2881,#2882);
#2307=LINE('',#2884,#2885);
#2308=VERTEX_POINT('',#2887);
#2309=(BOUNDED_CURVE()B_SPLINE_CURVE(3,
(#2888,#2889,#2890,#2891),
.UNSPECIFIED.,.F.,.F.)B_SPLINE_CURVE_WITH_KNOTS((4,4),
(0.,1.),
.UNSPECIFIED.)CURVE()GEOMETRIC_REPRESENTATION_ITEM()RATIONAL_B_SPLINE_CURVE((1.,
0.877664387180357,0.877664387180357,1.))REPRESENTATION_ITEM(''));
#2310=LINE('',#2892,#2893);
#2311=VERTEX_POINT('',#2895);
#2312=LINE('',#2896,#2897);
#2313=VERTEX_POINT('',#2899);
#2314=B_SPLINE_CURVE_WITH_KNOTS('',3,
(#2900,#2901,#2902,#2903,#2904,#2905,#2906,#2907,#2908,#2909,#2910,#2911,#2912,#2913,
#2914,#2915,#2916),
.UNSPECIFIED.,.F.,.F.,
(4,1,1,1,1,1,1,1,1,1,1,1,1,1,4),
(0.,0.0714285714285714,0.142857142857143,0.214285714285714,0.285714285714286,0.357142857142857,
0.428571428571429,0.5,0.571428571428571,0.642857142857143,0.714285714285714,0.785714285714286,
0.857142857142857,0.928571428571429,1.),
.UNSPECIFIED.);
#2315=VERTEX_POINT('',#2917);
#2316=LINE('',#2918,#2919);
#2317=VERTEX_POINT('',#2921);
#2318=CIRCLE('',#2922,3.);
#2319=VERTEX_POINT('',#2926);
#2320=LINE('',#2927,#2928);
#2321=VERTEX_POINT('',#2930);
#2322=CIRCLE('',#2931,3.);
#2323=LINE('',#2935,#2936);
#2324=VERTEX_POINT('',#2938);
#2325=LINE('',#2939,#2940);
#2326=VERTEX_POINT('',#2942);
#2327=LINE('',#2943,#2944);
#2328=VERTEX_POINT('',#2946);
#2329=CIRCLE('',#2947,3.);
#2330=LINE('',#2951,#2952);
#2331=VERTEX_POINT('',#2954);
#2332=B_SPLINE_CURVE_WITH_KNOTS('',3,
(#2955,#2956,#2957,#2958,#2959,#2960,#2961,#2962,#2963,#2964,#2965,#2966,#2967,#2968,
#2969,#2970,#2971,#2972,#2973,#2974,#2975,#2976,#2977,#2978,#2979,#2980,#2981,#2982,
#2983),
.UNSPECIFIED.,.F.,.F.,
(4,1,1,1,1,1,1,1,1,1,1,1,1,1,1,1,1,1,1,1,1,1,1,1,1,1,4),
(0.,0.0187988973508749,0.0374414129135799,0.0559453472153333,0.0741191341030503,
0.092116364203231,0.119421536932279,0.159573223260434,0.215299461289999,0.275333833652907,
0.3349705089363,0.38822631331503,0.434225259773101,0.474689938091467,0.499997228377325,
0.515473034830889,0.561811928378421,0.613324039631765,0.668789742118961,0.726183141102951,
0.786278964326498,0.843085085030569,0.892202351789848,0.928232365042863,0.955618567100914,
0.978002454732825,1.),
.UNSPECIFIED.);
#2333=LINE('',#2984,#2985);
#2334=VERTEX_POINT('',#2987);
#2335=LINE('',#2988,#2989);
#2336=VERTEX_POINT('',#2991);
#2337=CIRCLE('',#2992,3.);
#2338=VERTEX_POINT('',#2996);
#2339=LINE('',#2997,#2998);
#2340=LINE('',#3000,#3001);
#2341=VERTEX_POINT('',#3003);
#2342=CIRCLE('',#3004,1.5);
#2343=VERTEX_POINT('',#3008);
#2344=CIRCLE('',#3009,3.);
#2345=VERTEX_POINT('',#3013);
#2346=LINE('',#3014,#3015);
#2347=VERTEX_POINT('',#3017);
#2348=CIRCLE('',#3018,3.);
#2349=VERTEX_POINT('',#3022);
#2350=LINE('',#3023,#3024);
#2351=B_SPLINE_CURVE_WITH_KNOTS('',3,
(#3026,#3027,#3028,#3029,#3030,#3031,#3032,#3033,#3034,#3035,#3036,#3037,#3038,#3039,
#3040,#3041,#3042),
.UNSPECIFIED.,.F.,.F.,
(4,1,1,1,1,1,1,1,1,1,1,1,1,1,4),
(0.,0.0714285714285714,0.142857142857143,0.214285714285714,0.285714285714286,0.357142857142857,
0.428571428571429,0.5,0.571428571428571,0.642857142857143,0.714285714285714,0.785714285714286,
0.857142857142857,0.928571428571429,1.),
.UNSPECIFIED.);
#2352=VERTEX_POINT('',#3043);
#2353=B_SPLINE_CURVE_WITH_KNOTS('',3,
(#3044,#3045,#3046,#3047,#3048,#3049,#3050,#3051,#3052,#3053,#3054,#3055,#3056,#3057,
#3058),
.UNSPECIFIED.,.F.,.F.,
(4,1,1,1,1,1,1,1,1,1,1,1,4),
(0.,0.0989136851708347,0.185178503055779,0.262168002239693,0.341170897216903,0.422529591788391,
0.502786319661264,0.583303141321588,0.663700919601617,0.744648093456497,0.823692535718394,
0.909004578315266,1.),
.UNSPECIFIED.);
#2354=VERTEX_POINT('',#3059);
#2355=CIRCLE('',#3060,10.);
#2356=B_SPLINE_CURVE_WITH_KNOTS('',3,
(#3064,#3065,#3066,#3067,#3068,#3069,#3070,#3071,#3072,#3073,#3074,#3075,#3076,#3077,
#3078),
.UNSPECIFIED.,.F.,.F.,
(4,1,1,1,1,1,1,1,1,1,1,1,4),
(0.,0.0989136851688328,0.1851785030524,0.262168002236484,0.341170897213735,0.422529591785711,
0.502786319658475,0.583303141318814,0.663700919598771,0.744648093453462,0.823692535715553,
0.909004578313386,1.),
.UNSPECIFIED.);
#2357=VERTEX_POINT('',#3079);
#2358=B_SPLINE_CURVE_WITH_KNOTS('',3,
(#3080,#3081,#3082,#3083,#3084,#3085,#3086,#3087,#3088,#3089,#3090,#3091,#3092,#3093,
#3094,#3095,#3096),
.UNSPECIFIED.,.F.,.F.,
(4,1,1,1,1,1,1,1,1,1,1,1,1,1,4),
(0.,0.0714285714285714,0.142857142857143,0.214285714285714,0.285714285714286,0.357142857142857,
0.428571428571429,0.5,0.571428571428571,0.642857142857143,0.714285714285714,0.785714285714286,
0.857142857142857,0.928571428571429,1.),
.UNSPECIFIED.);
#2359=VERTEX_POINT('',#3097);
#2360=LINE('',#3098,#3099);
#2361=CIRCLE('',#3101,3.);
#2362=VERTEX_POINT('',#3105);
#2363=LINE('',#3106,#3107);
#2364=VERTEX_POINT('',#3109);
#2365=LINE('',#3110,#3111);
#2366=LINE('',#3113,#3114);
#2367=VERTEX_POINT('',#3116);
#2368=VERTEX_POINT('',#3117);
#2369=LINE('',#3118,#3119);
#2370=VERTEX_POINT('',#3121);
#2371=CIRCLE('',#3122,2.);
#2372=LINE('',#3126,#3127);
#2373=VERTEX_POINT('',#3129);
#2374=CIRCLE('',#3130,2.);
#2375=VERTEX_POINT('',#3134);
#2376=LINE('',#3135,#3136);
#2377=CIRCLE('',#3138,2.);
#2378=VERTEX_POINT('',#3142);
#2379=VERTEX_POINT('',#3143);
#2380=CIRCLE('',#3144,3.);
#2381=LINE('',#3148,#3149);
#2382=VERTEX_POINT('',#3151);
#2383=LINE('',#3152,#3153);
#2384=VERTEX_POINT('',#3155);
#2385=LINE('',#3156,#3157);
#2386=LINE('',#3159,#3160);
#2387=VERTEX_POINT('',#3162);
#2388=LINE('',#3163,#3164);
#2389=LINE('',#3166,#3167);
#2390=VERTEX_POINT('',#3169);
#2391=LINE('',#3170,#3171);
#2392=VERTEX_POINT('',#3173);
#2393=LINE('',#3174,#3175);
#2394=LINE('',#3177,#3178);
#2395=VERTEX_POINT('',#3180);
#2396=LINE('',#3181,#3182);
#2397=LINE('',#3184,#3185);
#2398=VERTEX_POINT('',#3187);
#2399=LINE('',#3188,#3189);
#2400=LINE('',#3191,#3192);
#2401=LINE('',#3194,#3195);
#2402=VERTEX_POINT('',#3197);
#2403=LINE('',#3198,#3199);
#2404=LINE('',#3201,#3202);
#2405=LINE('',#3204,#3205);
#2406=VERTEX_POINT('',#3207);
#2407=LINE('',#3208,#3209);
#2408=LINE('',#3211,#3212);
#2409=LINE('',#3214,#3215);
#2410=VERTEX_POINT('',#3217);
#2411=LINE('',#3218,#3219);
#2412=VERTEX_POINT('',#3221);
#2413=CIRCLE('',#3222,1.);
#2414=LINE('',#3226,#3227);
#2415=VERTEX_POINT('',#3229);
#2416=VERTEX_POINT('',#3230);
#2417=LINE('',#3231,#3232);
#2418=LINE('',#3234,#3235);
#2419=VERTEX_POINT('',#3237);
#2420=LINE('',#3238,#3239);
#2421=LINE('',#3241,#3242);
#2422=LINE('',#3244,#3245);
#2423=VERTEX_POINT('',#3247);
#2424=LINE('',#3248,#3249);
#2425=LINE('',#3251,#3252);
#2426=LINE('',#3254,#3255);
#2427=LINE('',#3257,#3258);
#2428=LINE('',#3260,#3261);
#2429=VERTEX_POINT('',#3263);
#2430=LINE('',#3264,#3265);
#2431=VERTEX_POINT('',#3267);
#2432=LINE('',#3268,#3269);
#2433=LINE('',#3271,#3272);
#2434=LINE('',#3274,#3275);
#2435=LINE('',#3277,#3278);
#2436=LINE('',#3280,#3281);
#2437=VERTEX_POINT('',#3283);
#2438=CIRCLE('',#3284,1.65);
#2439=LINE('',#3288,#3289);
#2440=VERTEX_POINT('',#3291);
#2441=LINE('',#3292,#3293);
#2442=VERTEX_POINT('',#3295);
#2443=LINE('',#3296,#3297);
#2444=LINE('',#3299,#3300);
#2445=VERTEX_POINT('',#3302);
#2446=CIRCLE('',#3303,1.5);
#2447=LINE('',#3307,#3308);
#2448=LINE('',#3310,#3311);
#2449=LINE('',#3313,#3314);
#2450=VERTEX_POINT('',#3316);
#2451=LINE('',#3317,#3318);
#2452=CIRCLE('',#3320,13.);
#2453=VERTEX_POINT('',#3324);
#2454=B_SPLINE_CURVE_WITH_KNOTS('',3,
(#3325,#3326,#3327,#3328,#3329,#3330,#3331,#3332,#3333,#3334,#3335,#3336,#3337,#3338,
#3339),
.UNSPECIFIED.,.F.,.F.,
(4,1,1,1,1,1,1,1,1,1,1,1,4),
(0.,0.098913685168926,0.185178503052675,0.262168002236493,0.341170897213789,0.422529591785441,
0.502786319658275,0.583303141318627,0.663700919598709,0.744648093453409,0.82369253571529,
0.90900457831314,1.),
.UNSPECIFIED.);
#2455=CIRCLE('',#3340,2.);
#2456=VERTEX_POINT('',#3344);
#2457=LINE('',#3345,#3346);
#2458=VERTEX_POINT('',#3348);
#2459=LINE('',#3349,#3350);
#2460=VERTEX_POINT('',#3352);
#2461=CIRCLE('',#3353,3.);
#2462=LINE('',#3357,#3358);
#2463=CIRCLE('',#3360,1.);
#2464=VERTEX_POINT('',#3364);
#2465=B_SPLINE_CURVE_WITH_KNOTS('',3,
(#3365,#3366,#3367,#3368,#3369,#3370,#3371,#3372,#3373,#3374,#3375,#3376,#3377,#3378,
#3379,#3380,#3381,#3382,#3383,#3384,#3385,#3386,#3387),
.UNSPECIFIED.,.F.,.F.,
(4,1,1,1,1,1,1,1,1,1,1,1,1,1,1,1,1,1,1,1,4),
(0.,0.0375893749594541,0.0752216588382835,0.112931580259841,0.150682046250015,0.188426564959075,
0.238790029815864,0.301809811881054,0.364655968396049,0.414693299429841,0.463784182616793,
0.531056803599419,0.615857668897553,0.705648094112947,0.776082676781257,0.827797367250019,
0.861655297762438,0.895760817287564,0.930306805068314,0.965049359676098,1.),
.UNSPECIFIED.);
#2466=B_SPLINE_CURVE_WITH_KNOTS('',3,
(#3388,#3389,#3390,#3391,#3392,#3393,#3394,#3395,#3396,#3397,#3398,#3399,#3400,#3401,
#3402,#3403,#3404,#3405,#3406,#3407,#3408,#3409,#3410),
.UNSPECIFIED.,.F.,.F.,
(4,1,1,1,1,1,1,1,1,1,1,1,1,1,1,1,1,1,1,1,4),
(0.,0.0375893748107121,0.075221658937112,0.112931580477866,0.150682046494453,0.188426565248638,
0.238790030105821,0.301809812124639,0.364655968569737,0.414693299536232,0.463784182671546,
0.531056803616008,0.615857668890659,0.705648094099908,0.776082676765655,0.827797367234428,
0.861655297748966,0.895760817276582,0.930306805060575,0.965049359672039,1.),
.UNSPECIFIED.);
#2467=VERTEX_POINT('',#3411);
#2468=CIRCLE('',#3412,3.);
#2469=VERTEX_POINT('',#3416);
#2470=LINE('',#3417,#3418);
#2471=VERTEX_POINT('',#3420);
#2472=CIRCLE('',#3421,3.);
#2473=VERTEX_POINT('',#3425);
#2474=LINE('',#3426,#3427);
#2475=LINE('',#3429,#3430);
#2476=CIRCLE('',#3432,2.);
#2477=VERTEX_POINT('',#3436);
#2478=LINE('',#3437,#3438);
#2479=VERTEX_POINT('',#3440);
#2480=B_SPLINE_CURVE_WITH_KNOTS('',3,
(#3441,#3442,#3443,#3444,#3445,#3446,#3447,#3448,#3449,#3450,#3451,#3452,#3453,#3454,
#3455,#3456,#3457,#3458,#3459,#3460,#3461,#3462,#3463),
.UNSPECIFIED.,.F.,.F.,
(4,1,1,1,1,1,1,1,1,1,1,1,1,1,1,1,1,1,1,1,4),
(0.,0.0454702167835628,0.0935457808458037,0.144325482118465,0.19879414939896,0.254218950188119,
0.308676211044453,0.361152998537096,0.408720570539963,0.453329247618861,0.495270601876962,
0.499999068630956,0.537522598762065,0.592258288550524,0.658896802655094,0.738428638873038,
0.806175628940797,0.862443101459632,0.907247869079594,0.953075849261262,1.),
.UNSPECIFIED.);
#2481=LINE('',#3464,#3465);
#2482=VERTEX_POINT('',#3467);
#2483=CIRCLE('',#3468,10.);
#2484=VERTEX_POINT('',#3472);
#2485=LINE('',#3473,#3474);
#2486=VERTEX_POINT('',#3476);
#2487=B_SPLINE_CURVE_WITH_KNOTS('',3,
(#3477,#3478,#3479,#3480,#3481,#3482,#3483,#3484,#3485,#3486,#3487,#3488,#3489,#3490,
#3491,#3492,#3493,#3494,#3495,#3496,#3497,#3498,#3499),
.UNSPECIFIED.,.F.,.F.,
(4,1,1,1,1,1,1,1,1,1,1,1,1,1,1,1,1,1,1,1,4),
(0.,0.0454702167835901,0.0935457808458527,0.144325482118521,0.198794149399019,0.254218950188171,
0.308676211044495,0.361152998537124,0.408720570539972,0.453329247618862,0.495270601876964,
0.499999068630953,0.537522598762064,0.592258288550529,0.658896802655101,0.738428638873043,
0.8061756289408,0.862443101459623,0.90724786907959,0.953075849261264,1.),
.UNSPECIFIED.);
#2488=LINE('',#3500,#3501);
#2489=CIRCLE('',#3503,2.);
#2490=VERTEX_POINT('',#3507);
#2491=LINE('',#3508,#3509);
#2492=VERTEX_POINT('',#3511);
#2493=LINE('',#3512,#3513);
#2494=VERTEX_POINT('',#3515);
#2495=CIRCLE('',#3516,2.00000000000006);
#2496=VERTEX_POINT('',#3520);
#2497=LINE('',#3521,#3522);
#2498=CIRCLE('',#3524,2.);
#2499=LINE('',#3528,#3529);
#2500=VERTEX_POINT('',#3531);
#2501=LINE('',#3532,#3533);
#2502=VERTEX_POINT('',#3535);
#2503=LINE('',#3536,#3537);
#2504=LINE('',#3539,#3540);
#2505=CIRCLE('',#3542,2.);
#2506=LINE('',#3546,#3547);
#2507=VERTEX_POINT('',#3549);
#2508=B_SPLINE_CURVE_WITH_KNOTS('',3,
(#3550,#3551,#3552,#3553,#3554,#3555,#3556,#3557,#3558,#3559,#3560,#3561,#3562,#3563,
#3564,#3565,#3566,#3567,#3568,#3569,#3570,#3571,#3572,#3573,#3574,#3575,#3576,#3577,
#3578,#3579,#3580,#3581,#3582,#3583,#3584,#3585,#3586,#3587,#3588,#3589,#3590,#3591,
#3592,#3593,#3594,#3595,#3596,#3597,#3598,#3599,#3600,#3601,#3602,#3603,#3604),
.UNSPECIFIED.,.F.,.F.,
(4,1,1,1,1,1,1,1,1,1,1,1,1,1,1,1,1,1,1,1,1,1,1,1,1,1,1,1,1,1,1,1,1,1,1,1,1,1,1,1,
1,1,1,1,1,1,1,1,1,1,1,1,4),
(0.,0.00856980577598222,0.0171228184124227,0.0257177711808764,0.0343409052280625,
0.0429770207533317,0.0516323441070038,0.0602952144068588,0.0689629410870855,0.077627972416591,
0.0862934111826221,0.0949603269051192,0.103632188703325,0.112305885976021,0.125826265763079,
0.146065800447398,0.174816804050823,0.205153320778243,0.229548507606689,0.246215729287057,
0.260760533342104,0.281691848596993,0.31283225808853,0.352562590010638,0.397737585003673,
0.443161301502314,0.485689559708079,0.500003200440704,0.525619973182456,0.564575028093827,
0.604056497422096,0.644373151524774,0.683148458003606,0.713181109269371,0.734155565908423,
0.752852669985499,0.778383346431445,0.81178621421927,0.847080281511398,0.879128274229586,
0.901846299394044,0.91659122281287,0.925491869250379,0.933576262247178,0.940859000083982,
0.948159248943778,0.955503741313981,0.962874362004056,0.970280387628847,0.977695547938619,
0.985127275048689,0.992558173250097,1.),
.UNSPECIFIED.);
#2509=CIRCLE('',#3605,2.);
#2510=VERTEX_POINT('',#3609);
#2511=LINE('',#3610,#3611);
#2512=B_SPLINE_CURVE_WITH_KNOTS('',3,
(#3613,#3614,#3615,#3616,#3617,#3618,#3619,#3620,#3621,#3622,#3623,#3624,#3625,#3626,
#3627,#3628,#3629),
.UNSPECIFIED.,.F.,.F.,
(4,1,1,1,1,1,1,1,1,1,1,1,1,1,4),
(0.,0.0714285714285714,0.142857142857143,0.214285714285714,0.285714285714286,0.357142857142857,
0.428571428571429,0.5,0.571428571428571,0.642857142857143,0.714285714285714,0.785714285714286,
0.857142857142857,0.928571428571429,1.),
.UNSPECIFIED.);
#2513=VERTEX_POINT('',#3630);
#2514=CIRCLE('',#3631,1.65);
#2515=VERTEX_POINT('',#3635);
#2516=LINE('',#3636,#3637);
#2517=LINE('',#3639,#3640);
#2518=B_SPLINE_CURVE_WITH_KNOTS('',3,
(#3642,#3643,#3644,#3645,#3646,#3647,#3648,#3649,#3650,#3651,#3652,#3653,#3654,#3655,
#3656,#3657,#3658,#3659,#3660,#3661,#3662,#3663,#3664,#3665,#3666,#3667,#3668,#3669,
#3670),
.UNSPECIFIED.,.F.,.F.,
(4,1,1,1,1,1,1,1,1,1,1,1,1,1,1,1,1,1,1,1,1,1,1,1,1,1,4),
(0.,0.0187988973508743,0.0374414129135798,0.0559453472153313,0.0741191341030485,
0.0921163642032306,0.119421536932283,0.159573223260437,0.21529946129,0.275333833652906,
0.334970508936297,0.388226313315029,0.434225259773099,0.474689938091465,0.499997228379968,
0.515473034830887,0.56181192837842,0.613324039631764,0.668789742118961,0.726183141102947,
0.786278964326492,0.843085085030566,0.892202351789843,0.928232365042859,0.955618567100909,
0.978002454732825,1.),
.UNSPECIFIED.);
#2519=B_SPLINE_CURVE_WITH_KNOTS('',3,
(#3671,#3672,#3673,#3674,#3675,#3676,#3677,#3678,#3679,#3680,#3681,#3682,#3683,#3684,
#3685),
.UNSPECIFIED.,.F.,.F.,
(4,1,1,1,1,1,1,1,1,1,1,1,4),
(0.,0.0989136851691364,0.185178503052851,0.262168002236692,0.341170897213943,0.422529591785615,
0.502786319658576,0.583303141318782,0.663700919598912,0.744648093453543,0.823692535715642,
0.90900457831346,1.),
.UNSPECIFIED.);
#2520=B_SPLINE_CURVE_WITH_KNOTS('',3,
(#3686,#3687,#3688,#3689,#3690,#3691,#3692,#3693,#3694,#3695,#3696,#3697,#3698,#3699,
#3700,#3701,#3702,#3703,#3704,#3705,#3706,#3707,#3708,#3709,#3710,#3711,#3712,#3713,
#3714,#3715,#3716,#3717,#3718,#3719,#3720,#3721,#3722),
.UNSPECIFIED.,.F.,.F.,
(4,1,1,1,1,1,1,1,1,1,1,1,1,1,1,1,1,1,1,1,1,1,1,1,1,1,1,1,1,1,1,1,1,1,4),
(0.,0.0380435447092923,0.0650631520390889,0.0894065124205811,0.111988832398904,0.134616388728959,
0.158716390376271,0.184197148057257,0.210329515839065,0.236458771612616,0.276418207959605,
0.329414959194767,0.39458077548954,0.451617299656032,0.493902912044009,0.522284690406345,
0.553950866105661,0.599909778928873,0.659376380574918,0.716503894687275,0.757810444970429,
0.784082317091997,0.800361905026413,0.816573135917054,0.832717226360394,0.848868441412298,
0.865114772537931,0.881455600113562,0.898031796924612,0.914754573475746,0.931673655935569,
0.948625662892331,0.965689806964768,0.982798575814257,1.),
.UNSPECIFIED.);
#2521=B_SPLINE_CURVE_WITH_KNOTS('',3,
(#3723,#3724,#3725,#3726,#3727,#3728,#3729,#3730,#3731,#3732,#3733,#3734,#3735,#3736,
#3737,#3738,#3739,#3740,#3741,#3742,#3743,#3744,#3745,#3746,#3747,#3748,#3749,#3750,
#3751,#3752,#3753,#3754,#3755,#3756,#3757,#3758,#3759),
.UNSPECIFIED.,.F.,.F.,
(4,1,1,1,1,1,1,1,1,1,1,1,1,1,1,1,1,1,1,1,1,1,1,1,1,1,1,1,1,1,1,1,1,1,4),
(0.,0.0380435447092888,0.0650631520392127,0.0894065124207928,0.111988832399147,0.134616388729215,
0.158716390376583,0.184197148057591,0.210329515839434,0.236458771613011,0.276418207960016,
0.329414959195192,0.394580775489956,0.451617299656425,0.493902912044364,0.522284690406674,
0.553950866105941,0.599909778929083,0.659376380575031,0.716503894687307,0.757810444970414,
0.784082317091961,0.800361905026375,0.816573135917013,0.832717226360349,0.848868441412255,
0.865114772537893,0.881455600113527,0.89803179692459,0.914754573475724,0.931673655935551,
0.948625662892315,0.965689806964748,0.982798575814249,1.),
.UNSPECIFIED.);
#2522=VERTEX_POINT('',#3760);
#2523=B_SPLINE_CURVE_WITH_KNOTS('',3,
(#3761,#3762,#3763,#3764,#3765,#3766,#3767,#3768,#3769,#3770,#3771,#3772,#3773,#3774,
#3775,#3776,#3777,#3778,#3779,#3780,#3781,#3782,#3783),
.UNSPECIFIED.,.F.,.F.,
(4,1,1,1,1,1,1,1,1,1,1,1,1,1,1,1,1,1,1,1,4),
(0.,0.037589374959454,0.0752216588382828,0.112931580259837,0.150682046250013,0.188426564959068,
0.238790029815871,0.301809811881064,0.364655968396057,0.414693299429852,0.463784182616802,
0.531056803599423,0.615857668897558,0.705648094112946,0.776082676781257,0.827797367250015,
0.861655297762434,0.895760817287562,0.930306805068314,0.965049359676099,1.),
.UNSPECIFIED.);
#2524=B_SPLINE_CURVE_WITH_KNOTS('',3,
(#3784,#3785,#3786,#3787,#3788,#3789,#3790,#3791,#3792,#3793,#3794,#3795,#3796,#3797,
#3798,#3799,#3800,#3801,#3802,#3803,#3804,#3805,#3806),
.UNSPECIFIED.,.F.,.F.,
(4,1,1,1,1,1,1,1,1,1,1,1,1,1,1,1,1,1,1,1,4),
(0.,0.0375893748107211,0.0752216589371155,0.112931580477872,0.150682046494455,0.188426565248632,
0.238790030105811,0.301809812124635,0.36465596856974,0.41469329953623,0.463784182671545,
0.53105680361601,0.615857668890652,0.705648094099906,0.776082676765656,0.82779736723443,
0.861655297748965,0.895760817276581,0.930306805060577,0.965049359672038,1.),
.UNSPECIFIED.);
#2525=VERTEX_POINT('',#3807);
#2526=CIRCLE('',#3808,3.);
#2527=CIRCLE('',#3812,2.);
#2528=B_SPLINE_CURVE_WITH_KNOTS('',3,
(#3816,#3817,#3818,#3819,#3820,#3821,#3822,#3823,#3824,#3825,#3826,#3827,#3828,#3829,
#3830,#3831,#3832,#3833,#3834,#3835,#3836,#3837,#3838,#3839,#3840,#3841,#3842,#3843,
#3844,#3845,#3846,#3847,#3848,#3849,#3850,#3851,#3852),
.UNSPECIFIED.,.F.,.F.,
(4,1,1,1,1,1,1,1,1,1,1,1,1,1,1,1,1,1,1,1,1,1,1,1,1,1,1,1,1,1,1,1,1,1,4),
(0.,0.038043544709232,0.0650631520391746,0.0894065124208024,0.111988832399209,0.134616388729346,
0.158716390376758,0.184197148057805,0.21032951583967,0.236458771613275,0.276418207960305,
0.329414959195479,0.394580775490242,0.451617299656715,0.493902912044634,0.522284690406933,
0.553950866106181,0.599909778929276,0.659376380575168,0.716503894687407,0.757810444970477,
0.784082317092014,0.80036190502642,0.816573135917065,0.832717226360397,0.848868441412295,
0.865114772537932,0.881455600113568,0.898031796924621,0.914754573475748,0.931673655935568,
0.948625662892335,0.965689806964772,0.982798575814261,1.),
.UNSPECIFIED.);
#2529=B_SPLINE_CURVE_WITH_KNOTS('',3,
(#3853,#3854,#3855,#3856,#3857,#3858,#3859,#3860,#3861,#3862,#3863,#3864,#3865,#3866,
#3867,#3868,#3869,#3870,#3871,#3872,#3873,#3874,#3875,#3876,#3877,#3878,#3879,#3880,
#3881,#3882,#3883,#3884,#3885,#3886,#3887,#3888,#3889),
.UNSPECIFIED.,.F.,.F.,
(4,1,1,1,1,1,1,1,1,1,1,1,1,1,1,1,1,1,1,1,1,1,1,1,1,1,1,1,1,1,1,1,1,1,4),
(0.,0.0380435447092389,0.0650631520391853,0.0894065124207882,0.111988832399174,0.134616388729284,
0.158716390376669,0.184197148057706,0.21032951583956,0.236458771613155,0.27641820796018,
0.329414959195347,0.394580775490099,0.451617299656572,0.493902912044511,0.522284690406808,
0.553950866106065,0.599909778929173,0.659376380575089,0.716503894687338,0.757810444970435,
0.784082317091974,0.800361905026385,0.816573135917017,0.832717226360353,0.848868441412251,
0.865114772537893,0.88145560011353,0.898031796924596,0.914754573475734,0.931673655935555,
0.948625662892314,0.965689806964749,0.982798575814252,1.),
.UNSPECIFIED.);
#2530=VERTEX_POINT('',#3890);
#2531=CIRCLE('',#3891,1.65);
#2532=CARTESIAN_POINT('',(-7.,12.25,92.));
#2533=CARTESIAN_POINT('',(-7.,-4.,92.));
#2534=CARTESIAN_POINT('',(-7.,12.25,92.));
#2535=VECTOR('',#2536,1.);
#2536=DIRECTION('',(-2.73285667600039E-16,-1.,0.));
#2537=CARTESIAN_POINT('',(-6.,-4.,92.));
#2538=CARTESIAN_POINT('',(-7.,-4.,92.));
#2539=VECTOR('',#2540,1.);
#2540=DIRECTION('',(1.,-4.44089209850063E-16,0.));
#2541=CARTESIAN_POINT('',(-6.,4.,92.));
#2542=CARTESIAN_POINT('',(-6.,-4.,92.));
#2543=VECTOR('',#2544,1.);
#2544=DIRECTION('',(0.,1.,0.));
#2545=CARTESIAN_POINT('',(6.,4.,92.));
#2546=CARTESIAN_POINT('',(-6.,4.,92.));
#2547=VECTOR('',#2548,1.);
#2548=DIRECTION('',(1.,7.40148683083438E-17,0.));
#2549=CARTESIAN_POINT('',(6.,-4.,92.));
#2550=CARTESIAN_POINT('',(6.,4.,92.));
#2551=VECTOR('',#2552,1.);
#2552=DIRECTION('',(0.,-1.,0.));
#2553=CARTESIAN_POINT('',(7.,-4.,92.));
#2554=CARTESIAN_POINT('',(6.,-4.,92.));
#2555=VECTOR('',#2556,1.);
#2556=DIRECTION('',(1.,0.,0.));
#2557=CARTESIAN_POINT('',(6.99999999922992,16.8284271274691,92.0000000005134));
#2558=CARTESIAN_POINT('',(7.,-4.,92.));
#2559=VECTOR('',#2560,1.);
#2560=DIRECTION('',(-4.26426063846118E-17,1.,0.));
#2561=CARTESIAN_POINT('',(6.,17.0000000007702,92.));
#2562=AXIS2_PLACEMENT_3D('',#2563,#2564,#2565);
#2563=CARTESIAN_POINT('',(6.,14.,92.));
#2564=DIRECTION('',(0.,0.,1.));
#2565=DIRECTION('',(0.333333332819895,0.942809041763591,0.));
#2566=CARTESIAN_POINT('',(1.,17.,92.));
#2567=CARTESIAN_POINT('',(6.,17.,92.));
#2568=VECTOR('',#2569,1.);
#2569=DIRECTION('',(-1.,0.,0.));
#2570=CARTESIAN_POINT('',(-0.999999999999999,17.,92.));
#2571=AXIS2_PLACEMENT_3D('',#2572,#2573,#2574);
#2572=CARTESIAN_POINT('',(8.88178419700125E-16,17.,92.));
#2573=DIRECTION('',(0.,0.,-1.));
#2574=DIRECTION('',(1.,0.,0.));
#2575=CARTESIAN_POINT('',(-6.,17.,92.));
#2576=CARTESIAN_POINT('',(-1.,17.,92.));
#2577=VECTOR('',#2578,1.);
#2578=DIRECTION('',(-1.,0.,0.));
#2579=CARTESIAN_POINT('',(-6.99999999897321,16.828427126743,92.0000000005134));
#2580=AXIS2_PLACEMENT_3D('',#2581,#2582,#2583);
#2581=CARTESIAN_POINT('',(-6.,14.,92.));
#2582=DIRECTION('',(0.,0.,1.));
#2583=DIRECTION('',(0.,1.,0.));
#2584=CARTESIAN_POINT('',(-7.00000000000001,16.8284271296474,92.));
#2585=VECTOR('',#2586,1.);
#2586=DIRECTION('',(7.75968160723808E-16,-1.,0.));
#2587=CARTESIAN_POINT('',(-8.,11.25,91.));
#2588=CARTESIAN_POINT('',(-8.,11.25,91.));
#2589=CARTESIAN_POINT('',(-7.41421356237309,11.25,91.5857864376269));
#2590=CARTESIAN_POINT('',(-7.,11.6642135623731,92.));
#2591=CARTESIAN_POINT('',(-7.,12.25,92.));
#2592=CARTESIAN_POINT('',(-9.,11.25,90.));
#2593=CARTESIAN_POINT('',(-9.,11.25,90.));
#2594=VECTOR('',#2595,1.);
#2595=DIRECTION('',(0.707106781186542,0.,0.707106781186553));
#2596=CARTESIAN_POINT('',(-9.,-4.,90.));
#2597=CARTESIAN_POINT('',(-9.,11.25,90.));
#2598=VECTOR('',#2599,1.);
#2599=DIRECTION('',(0.,-1.,1.86371865117403E-15));
#2600=CARTESIAN_POINT('',(-7.00000000000001,-4.,92.));
#2601=VECTOR('',#2602,1.);
#2602=DIRECTION('',(-0.707106781186549,-3.14018491736757E-16,-0.707106781186546));
#2603=CARTESIAN_POINT('',(-8.,13.25,91.));
#2604=CARTESIAN_POINT('',(-8.,13.25,91.));
#2605=CARTESIAN_POINT('',(-7.41421356237309,13.25,91.5857864376269));
#2606=CARTESIAN_POINT('',(-7.,12.8357864376269,92.));
#2607=CARTESIAN_POINT('',(-7.,12.25,92.));
#2608=CARTESIAN_POINT('',(-9.,14.,90.));
#2609=CARTESIAN_POINT('',(-6.99999999845985,16.8284271252907,92.0000000015402));
#2610=CARTESIAN_POINT('',(-8.24040820509782,16.389876598874,90.7595917949022));
#2611=CARTESIAN_POINT('',(-9.,15.3156515812764,90.));
#2612=CARTESIAN_POINT('',(-9.,14.,90.));
#2613=CARTESIAN_POINT('',(-9.,13.25,90.));
#2614=CARTESIAN_POINT('',(-9.,14.,90.));
#2615=VECTOR('',#2616,1.);
#2616=DIRECTION('',(0.,-1.,0.));
#2617=CARTESIAN_POINT('',(-8.,13.25,91.));
#2618=VECTOR('',#2619,1.);
#2619=DIRECTION('',(-0.707106781186542,0.,-0.707106781186553));
#2620=CARTESIAN_POINT('',(-6.,12.25,39.85));
#2621=CARTESIAN_POINT('',(-6.,12.25,42.35));
#2622=AXIS2_PLACEMENT_3D('',#2623,#2624,#2625);
#2623=CARTESIAN_POINT('',(-6.,12.25,41.1));
#2624=DIRECTION('',(-1.,0.,0.));
#2625=DIRECTION('',(0.,0.,-1.));
#2626=AXIS2_PLACEMENT_3D('',#2627,#2628,#2629);
#2627=CARTESIAN_POINT('',(-6.,12.25,41.1));
#2628=DIRECTION('',(-1.,0.,0.));
#2629=DIRECTION('',(0.,0.,1.));
#2630=CARTESIAN_POINT('',(-8.,13.25,41.85));
#2631=CARTESIAN_POINT('',(-9.,13.2499999999998,41.8500000000003));
#2632=CARTESIAN_POINT('',(-8.,13.25,41.85));
#2633=VECTOR('',#2634,1.);
#2634=DIRECTION('',(-1.,0.,0.));
#2635=CARTESIAN_POINT('',(-9.,12.25,39.85));
#2636=AXIS2_PLACEMENT_3D('',#2637,#2638,#2639);
#2637=CARTESIAN_POINT('',(-9.,12.25,41.1));
#2638=DIRECTION('',(-1.,0.,0.));
#2639=DIRECTION('',(0.,0.799999999999833,0.600000000000222));
#2640=CARTESIAN_POINT('',(-9.,11.25,41.85));
#2641=AXIS2_PLACEMENT_3D('',#2642,#2643,#2644);
#2642=CARTESIAN_POINT('',(-9.,12.25,41.1));
#2643=DIRECTION('',(-1.,0.,0.));
#2644=DIRECTION('',(0.,0.,-1.));
#2645=CARTESIAN_POINT('',(-8.,11.25,41.85));
#2646=CARTESIAN_POINT('',(-8.,11.25,41.85));
#2647=VECTOR('',#2648,1.);
#2648=DIRECTION('',(-1.,0.,0.));
#2649=CARTESIAN_POINT('',(-8.,11.25,41.85));
#2650=CARTESIAN_POINT('',(-7.99323725903118,11.2499999963663,41.8499998520746));
#2651=CARTESIAN_POINT('',(-7.97970675060084,11.2501375522876,41.8501835215954));
#2652=CARTESIAN_POINT('',(-7.95945492316009,11.250753765647,41.8510043502127));
#2653=CARTESIAN_POINT('',(-7.93916967205955,11.2517828298841,41.852372161028));
#2654=CARTESIAN_POINT('',(-7.91884495352108,11.2532287512973,41.8542874547993));
#2655=CARTESIAN_POINT('',(-7.89845377592094,11.2550986570772,41.8567530888426));
#2656=CARTESIAN_POINT('',(-7.87803623645234,11.2573942542235,41.8597627916893));
#2657=CARTESIAN_POINT('',(-7.85760561365307,11.2601183547013,41.8633099084811));
#2658=CARTESIAN_POINT('',(-7.83723257892429,11.2632637148969,41.867373084532));
#2659=CARTESIAN_POINT('',(-7.8169266019559,11.2668288342478,41.8719370876893));
#2660=CARTESIAN_POINT('',(-7.79672178087672,11.2708068008261,41.876978624038));
#2661=CARTESIAN_POINT('',(-7.77659889285161,11.2752009021249,41.8824862322841));
#2662=CARTESIAN_POINT('',(-7.7565942154765,11.2800027730695,41.8884328567154));
#2663=CARTESIAN_POINT('',(-7.73670857181162,11.2852108251641,41.8947993038497));
#2664=CARTESIAN_POINT('',(-7.7169704532745,11.2908157151495,41.9015564970529));
#2665=CARTESIAN_POINT('',(-7.69737295430667,11.2968176299401,41.9086865563165));
#2666=CARTESIAN_POINT('',(-7.67795222555939,11.3032031854601,41.9161553780494));
#2667=CARTESIAN_POINT('',(-7.65382462804002,11.3116860275852,41.9259168553117));
#2668=CARTESIAN_POINT('',(-7.61751499521976,11.3256126791291,41.9415760672432));
#2669=CARTESIAN_POINT('',(-7.55947068488106,11.3511421102237,41.9690924371131));
#2670=CARTESIAN_POINT('',(-7.48181399713448,11.392707936558,42.010644381874));
#2671=CARTESIAN_POINT('',(-7.39502841200275,11.4512062237314,42.062775289577));
#2672=CARTESIAN_POINT('',(-7.31504155653513,11.5190165876167,42.1152247723304));
#2673=CARTESIAN_POINT('',(-7.25288946437919,11.5837112585555,42.1584078599573));
#2674=CARTESIAN_POINT('',(-7.21067074366227,11.6352629668025,42.1887508669748));
#2675=CARTESIAN_POINT('',(-7.18455383298495,11.6708282393466,42.20787803226));
#2676=CARTESIAN_POINT('',(-7.16670475289612,11.6969555454683,42.2210924369193));
#2677=CARTESIAN_POINT('',(-7.14959039126809,11.7235069970216,42.2338640885733));
#2678=CARTESIAN_POINT('',(-7.1275942515641,11.7603215668832,42.2504342951847));
#2679=CARTESIAN_POINT('',(-7.09836657613229,11.8154273900399,42.2727306612493));
#2680=CARTESIAN_POINT('',(-7.06607726983375,11.8887725999633,42.297736418193));
#2681=CARTESIAN_POINT('',(-7.03667797491181,11.9760623822941,42.3208215103125));
#2682=CARTESIAN_POINT('',(-7.01507509946222,12.0685177616053,42.3379592282581));
#2683=CARTESIAN_POINT('',(-7.00265077324198,12.1603701488382,42.3478780107917));
#2684=CARTESIAN_POINT('',(-6.99987780419052,12.2236408617162,42.3500977509379));
#2685=CARTESIAN_POINT('',(-7.00016140823237,12.2913190592342,42.3498708956454));
#2686=CARTESIAN_POINT('',(-7.00466140523838,12.3636659952926,42.34626790785));
#2687=CARTESIAN_POINT('',(-7.02118346089591,12.4620890958733,42.3330978523496));
#2688=CARTESIAN_POINT('',(-7.04661250928636,12.5568763604796,42.3129888119757));
#2689=CARTESIAN_POINT('',(-7.08430774029807,12.6573818095628,42.2835201929509));
#2690=CARTESIAN_POINT('',(-7.14148101289159,12.7687719501626,42.239682381997));
#2691=CARTESIAN_POINT('',(-7.21759640997793,12.8776521282256,42.1832800527278));
#2692=CARTESIAN_POINT('',(-7.30305774619984,12.970338835201,42.1231939353898));
#2693=CARTESIAN_POINT('',(-7.38569875518919,13.0411890033018,42.0688117912495));
#2694=CARTESIAN_POINT('',(-7.46120376626073,13.0938338298099,42.0228651892716));
#2695=CARTESIAN_POINT('',(-7.52543227549867,13.131037826774,41.9870733485725));
#2696=CARTESIAN_POINT('',(-7.57622998446849,13.156177351834,41.9611706450954));
#2697=CARTESIAN_POINT('',(-7.61624390916754,13.1736967618975,41.9422831495829));
#2698=CARTESIAN_POINT('',(-7.65404071876651,13.1885560358452,41.9256956207116));
#2699=CARTESIAN_POINT('',(-7.6936399761795,13.2022591299064,41.9098440940392));
#2700=CARTESIAN_POINT('',(-7.73179951735717,13.2135994635525,41.8962748411482));
#2701=CARTESIAN_POINT('',(-7.76165935414096,13.2212888000308,41.8868459939733));
#2702=CARTESIAN_POINT('',(-7.78380574135503,13.2264102819317,41.8804722755028));
#2703=CARTESIAN_POINT('',(-7.80201285432461,13.2302629356789,41.8756263200906));
#2704=CARTESIAN_POINT('',(-7.82010369787751,13.2337422558456,41.8712072590917));
#2705=CARTESIAN_POINT('',(-7.83805354772502,13.2368551641599,41.8672186833332));
#2706=CARTESIAN_POINT('',(-7.85598172385222,13.2396301939028,41.8636348191728));
#2707=CARTESIAN_POINT('',(-7.87392377948911,13.2420757637776,41.8604540548277));
#2708=CARTESIAN_POINT('',(-7.8919295644901,13.2441983529941,41.8576761208858));
#2709=CARTESIAN_POINT('',(-7.9099558085326,13.2459926475267,41.8553152039811));
#2710=CARTESIAN_POINT('',(-7.92799840335245,13.2474591669526,41.8533768974223));
#2711=CARTESIAN_POINT('',(-7.94602146718488,13.2485964555503,41.851868326726));
#2712=CARTESIAN_POINT('',(-7.96402791581561,13.2494067832022,41.8507905404555));
#2713=CARTESIAN_POINT('',(-7.98200408385709,13.249891888644,41.850144222379));
#2714=CARTESIAN_POINT('',(-7.99400320853168,13.2500000082485,41.8499998993221));
#2715=CARTESIAN_POINT('',(-8.,13.25,41.85));
#2716=CARTESIAN_POINT('',(-9.,11.25,41.85));
#2717=VECTOR('',#2718,1.);
#2718=DIRECTION('',(0.,7.37842923946106E-17,1.));
#2719=CARTESIAN_POINT('',(-9.,13.25,90.));
#2720=VECTOR('',#2721,1.);
#2721=DIRECTION('',(0.,-7.37842923946106E-17,-1.));
#2722=CARTESIAN_POINT('',(-9.,14.0000000000001,-22.119168480353));
#2723=CARTESIAN_POINT('',(-9.,14.,-22.119168480353));
#2724=VECTOR('',#2725,1.);
#2725=DIRECTION('',(0.,0.,1.));
#2726=CARTESIAN_POINT('',(-9.,14.,-40.880831519647));
#2727=AXIS2_PLACEMENT_3D('',#2728,#2729,#2730);
#2728=CARTESIAN_POINT('',(-9.,23.,-31.5));
#2729=DIRECTION('',(1.,0.,0.));
#2730=DIRECTION('',(0.,-0.692307692307685,0.721602424588227));
#2731=CARTESIAN_POINT('',(-9.,14.,-84.));
#2732=CARTESIAN_POINT('',(-9.,14.,-84.));
#2733=VECTOR('',#2734,1.);
#2734=DIRECTION('',(0.,-4.11964539670944E-17,1.));
#2735=CARTESIAN_POINT('',(-9.,9.,-84.));
#2736=CARTESIAN_POINT('',(-9.,9.,-84.));
#2737=VECTOR('',#2738,1.);
#2738=DIRECTION('',(0.,1.,0.));
#2739=CARTESIAN_POINT('',(-9.,9.,-86.));
#2740=CARTESIAN_POINT('',(-9.,9.,-86.));
#2741=VECTOR('',#2742,1.);
#2742=DIRECTION('',(0.,0.,1.));
#2743=CARTESIAN_POINT('',(-9.,-4.,-86.));
#2744=CARTESIAN_POINT('',(-9.,9.,-86.));
#2745=VECTOR('',#2746,1.);
#2746=DIRECTION('',(0.,-1.,0.));
#2747=CARTESIAN_POINT('',(-9.,-4.,-86.));
#2748=VECTOR('',#2749,1.);
#2749=DIRECTION('',(0.,0.,1.));
#2750=CARTESIAN_POINT('',(-9.,13.7,27.05));
#2751=CARTESIAN_POINT('',(-9.,13.7,37.55));
#2752=CARTESIAN_POINT('',(-9.,13.7,37.55));
#2753=VECTOR('',#2754,1.);
#2754=DIRECTION('',(0.,0.,-1.));
#2755=CARTESIAN_POINT('',(-9.,7.5,37.55));
#2756=CARTESIAN_POINT('',(-9.,7.5,37.55));
#2757=VECTOR('',#2758,1.);
#2758=DIRECTION('',(0.,1.,-1.14603667058081E-15));
#2759=CARTESIAN_POINT('',(-9.,7.5,27.05));
#2760=CARTESIAN_POINT('',(-9.,7.5,27.05));
#2761=VECTOR('',#2762,1.);
#2762=DIRECTION('',(0.,-8.45884209238216E-17,1.));
#2763=CARTESIAN_POINT('',(-9.,13.7,27.05));
#2764=VECTOR('',#2765,1.);
#2765=DIRECTION('',(0.,-1.,-2.29207334116161E-15));
#2766=CARTESIAN_POINT('',(-8.,13.25,91.));
#2767=VECTOR('',#2768,1.);
#2768=DIRECTION('',(0.,-7.22830860386673E-17,-1.));
#2769=CARTESIAN_POINT('',(-8.,11.25,41.85));
#2770=VECTOR('',#2771,1.);
#2771=DIRECTION('',(0.,7.22830860386674E-17,1.));
#2772=CARTESIAN_POINT('',(-6.,-4.,-86.));
#2773=CARTESIAN_POINT('',(-9.,-4.,-86.));
#2774=VECTOR('',#2775,1.);
#2775=DIRECTION('',(1.,0.,0.));
#2776=CARTESIAN_POINT('',(-6.,-4.,11.75));
#2777=CARTESIAN_POINT('',(-6.,-4.,-86.));
#2778=VECTOR('',#2779,1.);
#2779=DIRECTION('',(0.,0.,1.));
#2780=CARTESIAN_POINT('',(-7.05,-4.,11.75));
#2781=CARTESIAN_POINT('',(-7.05,-4.,11.75));
#2782=VECTOR('',#2783,1.);
#2783=DIRECTION('',(1.,0.,0.));
#2784=CARTESIAN_POINT('',(-7.05,-4.,27.25));
#2785=CARTESIAN_POINT('',(-7.05,-4.,27.25));
#2786=VECTOR('',#2787,1.);
#2787=DIRECTION('',(5.73018335290403E-17,0.,-1.));
#2788=CARTESIAN_POINT('',(-6.,-4.,27.25));
#2789=CARTESIAN_POINT('',(-6.,-4.,27.25));
#2790=VECTOR('',#2791,1.);
#2791=DIRECTION('',(-1.,0.,0.));
#2792=CARTESIAN_POINT('',(-6.,-4.,27.25));
#2793=VECTOR('',#2794,1.);
#2794=DIRECTION('',(0.,0.,1.));
#2795=CARTESIAN_POINT('',(-6.,4.,42.35));
#2796=CARTESIAN_POINT('',(-6.,12.25,42.35));
#2797=VECTOR('',#2798,1.);
#2798=DIRECTION('',(0.,-1.,0.));
#2799=CARTESIAN_POINT('',(-6.,4.,42.35));
#2800=VECTOR('',#2801,1.);
#2801=DIRECTION('',(0.,-1.78887899234668E-17,1.));
#2802=CARTESIAN_POINT('',(-6.,7.7,27.25));
#2803=CARTESIAN_POINT('',(-6.,7.7,27.25));
#2804=VECTOR('',#2805,1.);
#2805=DIRECTION('',(-7.59126854444551E-17,-1.,6.07301483555641E-16));
#2806=CARTESIAN_POINT('',(-6.,7.7,37.35));
#2807=CARTESIAN_POINT('',(-6.,7.7,37.35));
#2808=VECTOR('',#2809,1.);
#2809=DIRECTION('',(0.,1.75876914792104E-16,-1.));
#2810=CARTESIAN_POINT('',(-6.,13.5,37.35));
#2811=CARTESIAN_POINT('',(-6.,13.5,37.35));
#2812=VECTOR('',#2813,1.);
#2813=DIRECTION('',(0.,-1.,0.));
#2814=CARTESIAN_POINT('',(-6.,14.,37.35));
#2815=CARTESIAN_POINT('',(-6.,14.,37.35));
#2816=VECTOR('',#2817,1.);
#2817=DIRECTION('',(0.,-1.,0.));
#2818=CARTESIAN_POINT('',(-6.,14.,42.35));
#2819=CARTESIAN_POINT('',(-6.,14.,37.35));
#2820=VECTOR('',#2821,1.);
#2821=DIRECTION('',(0.,0.,1.));
#2822=CARTESIAN_POINT('',(-6.,14.,42.35));
#2823=VECTOR('',#2824,1.);
#2824=DIRECTION('',(0.,-1.,0.));
#2825=CARTESIAN_POINT('',(-3.5,4.,42.35));
#2826=CARTESIAN_POINT('',(-3.5,4.,37.35));
#2827=CARTESIAN_POINT('',(-3.5,4.,37.35));
#2828=VECTOR('',#2829,1.);
#2829=DIRECTION('',(0.,0.,1.));
#2830=CARTESIAN_POINT('',(6.,4.,37.35));
#2831=CARTESIAN_POINT('',(6.,4.,37.35));
#2832=VECTOR('',#2833,1.);
#2833=DIRECTION('',(-1.,0.,0.));
#2834=CARTESIAN_POINT('',(6.,4.,37.35));
#2835=VECTOR('',#2836,1.);
#2836=DIRECTION('',(0.,0.,1.));
#2837=CARTESIAN_POINT('',(-3.5,4.,42.35));
#2838=VECTOR('',#2839,1.);
#2839=DIRECTION('',(-1.,0.,0.));
#2840=CARTESIAN_POINT('',(-4.31994158399229E-15,4.,73.85));
#2841=AXIS2_PLACEMENT_3D('',#2842,#2843,#2844);
#2842=CARTESIAN_POINT('',(-4.44089209850063E-15,4.,75.5));
#2843=DIRECTION('',(0.,1.,0.));
#2844=DIRECTION('',(6.12323399573677E-17,0.,-1.));
#2845=CARTESIAN_POINT('',(6.,-4.,27.25));
#2846=CARTESIAN_POINT('',(6.,-4.,27.25));
#2847=VECTOR('',#2848,1.);
#2848=DIRECTION('',(0.,0.,1.));
#2849=CARTESIAN_POINT('',(6.,13.5,37.35));
#2850=CARTESIAN_POINT('',(6.,13.5,37.35));
#2851=VECTOR('',#2852,1.);
#2852=DIRECTION('',(0.,-1.,0.));
#2853=CARTESIAN_POINT('',(6.,13.5,27.25));
#2854=CARTESIAN_POINT('',(6.,13.5,27.25));
#2855=VECTOR('',#2856,1.);
#2856=DIRECTION('',(0.,0.,1.));
#2857=CARTESIAN_POINT('',(6.,-4.,27.25));
#2858=VECTOR('',#2859,1.);
#2859=DIRECTION('',(0.,1.,0.));
#2860=CARTESIAN_POINT('',(9.,-4.,90.));
#2861=CARTESIAN_POINT('',(9.,-4.,90.));
#2862=VECTOR('',#2863,1.);
#2863=DIRECTION('',(-0.70710678118655,0.,0.707106781186545));
#2864=CARTESIAN_POINT('',(7.05,-4.,27.25));
#2865=CARTESIAN_POINT('',(7.05,-4.,27.25));
#2866=VECTOR('',#2867,1.);
#2867=DIRECTION('',(-1.,0.,0.));
#2868=CARTESIAN_POINT('',(7.05,-4.,11.75));
#2869=CARTESIAN_POINT('',(7.05,-4.,11.75));
#2870=VECTOR('',#2871,1.);
#2871=DIRECTION('',(-1.14603667058081E-16,0.,1.));
#2872=CARTESIAN_POINT('',(6.,-4.,11.75));
#2873=CARTESIAN_POINT('',(6.,-4.,11.75));
#2874=VECTOR('',#2875,1.);
#2875=DIRECTION('',(1.,0.,0.));
#2876=CARTESIAN_POINT('',(6.,-4.,-86.));
#2877=CARTESIAN_POINT('',(6.,-4.,-86.));
#2878=VECTOR('',#2879,1.);
#2879=DIRECTION('',(0.,0.,1.));
#2880=CARTESIAN_POINT('',(9.,-4.,-86.));
#2881=CARTESIAN_POINT('',(6.,-4.,-86.));
#2882=VECTOR('',#2883,1.);
#2883=DIRECTION('',(1.,0.,0.));
#2884=CARTESIAN_POINT('',(9.,-4.,-86.));
#2885=VECTOR('',#2886,1.);
#2886=DIRECTION('',(0.,5.04646829375071E-18,1.));
#2887=CARTESIAN_POINT('',(9.,14.,90.));
#2888=CARTESIAN_POINT('',(6.99999999845985,16.8284271252907,92.0000000015402));
#2889=CARTESIAN_POINT('',(8.24040820509781,16.389876598874,90.7595917949022));
#2890=CARTESIAN_POINT('',(9.,15.3156515812764,90.));
#2891=CARTESIAN_POINT('',(9.,14.,90.));
#2892=CARTESIAN_POINT('',(9.,-4.,90.));
#2893=VECTOR('',#2894,1.);
#2894=DIRECTION('',(0.,1.,0.));
#2895=CARTESIAN_POINT('',(9.,14.,-22.119168480353));
#2896=CARTESIAN_POINT('',(9.,14.,90.));
#2897=VECTOR('',#2898,1.);
#2898=DIRECTION('',(0.,0.,-1.));
#2899=CARTESIAN_POINT('',(6.,17.,-22.5557280900008));
#2900=CARTESIAN_POINT('',(9.,14.,-22.1191684803529));
#2901=CARTESIAN_POINT('',(9.,14.1121997376282,-22.1295627567731));
#2902=CARTESIAN_POINT('',(8.98739800689061,14.3365988701735,-22.1503513096135));
#2903=CARTESIAN_POINT('',(8.93092675396122,14.6689649178099,-22.1815341388741));
#2904=CARTESIAN_POINT('',(8.83759739653732,14.9929182698005,-22.2127169681346));
#2905=CARTESIAN_POINT('',(8.70858360544012,15.3043851181813,-22.2438997973952));
#2906=CARTESIAN_POINT('',(8.54550780394574,15.5994485615904,-22.2750826266558));
#2907=CARTESIAN_POINT('',(8.35042076488602,15.874398012733,-22.3062654559163));
#2908=CARTESIAN_POINT('',(8.1257758209347,16.1257758209347,-22.3374482851769));
#2909=CARTESIAN_POINT('',(7.87439801273302,16.350420764886,-22.3686311144375));
#2910=CARTESIAN_POINT('',(7.59944856159044,16.5455078039457,-22.399813943698));
#2911=CARTESIAN_POINT('',(7.30438511818129,16.7085836054401,-22.4309967729586));
#2912=CARTESIAN_POINT('',(6.99291826980045,16.8375973965373,-22.4621796022192));
#2913=CARTESIAN_POINT('',(6.66896491780992,16.9309267539612,-22.4933624314797));
#2914=CARTESIAN_POINT('',(6.33659887017352,16.9873980068906,-22.5245452607403));
#2915=CARTESIAN_POINT('',(6.11219973762821,17.,-22.5453338135807));
#2916=CARTESIAN_POINT('',(6.,17.,-22.5557280900008));
#2917=CARTESIAN_POINT('',(6.,17.,11.75));
#2918=CARTESIAN_POINT('',(6.,17.,11.75));
#2919=VECTOR('',#2920,1.);
#2920=DIRECTION('',(0.,0.,-1.));
#2921=CARTESIAN_POINT('',(7.0499999984059,16.8102491047374,11.75));
#2922=AXIS2_PLACEMENT_3D('',#2923,#2924,#2925);
#2923=CARTESIAN_POINT('',(6.,14.,11.75));
#2924=DIRECTION('',(0.,0.,-1.));
#2925=DIRECTION('',(-2.96059473233375E-16,1.,0.));
#2926=CARTESIAN_POINT('',(7.04999999840591,16.8102491047374,18.25));
#2927=CARTESIAN_POINT('',(7.04999999840598,16.8102491047374,11.75));
#2928=VECTOR('',#2929,1.);
#2929=DIRECTION('',(0.,0.,1.));
#2930=CARTESIAN_POINT('',(6.,17.,18.25));
#2931=AXIS2_PLACEMENT_3D('',#2932,#2933,#2934);
#2932=CARTESIAN_POINT('',(6.,14.,18.25));
#2933=DIRECTION('',(0.,0.,-1.));
#2934=DIRECTION('',(1.1842378929335E-15,1.,0.));
#2935=CARTESIAN_POINT('',(6.,17.,92.));
#2936=VECTOR('',#2937,1.);
#2937=DIRECTION('',(0.,0.,-1.));
#2938=CARTESIAN_POINT('',(1.,17.,18.25));
#2939=CARTESIAN_POINT('',(0.999999999999976,17.,18.25));
#2940=VECTOR('',#2941,1.);
#2941=DIRECTION('',(1.,0.,0.));
#2942=CARTESIAN_POINT('',(0.999999999999986,17.,72.6715728752538));
#2943=CARTESIAN_POINT('',(1.,17.,18.25));
#2944=VECTOR('',#2945,1.);
#2945=DIRECTION('',(-8.16016859468603E-18,0.,1.));
#2946=CARTESIAN_POINT('',(0.999999999999985,17.,78.3284271247462));
#2947=AXIS2_PLACEMENT_3D('',#2948,#2949,#2950);
#2948=CARTESIAN_POINT('',(-5.32907051820075E-15,17.,75.5));
#2949=DIRECTION('',(0.,1.,0.));
#2950=DIRECTION('',(0.333333333333329,0.,0.942809041582065));
#2951=CARTESIAN_POINT('',(1.,17.,78.3284271247462));
#2952=VECTOR('',#2953,1.);
#2953=DIRECTION('',(-3.24826714454989E-17,0.,1.));
#2954=CARTESIAN_POINT('',(-0.999999999999983,17.,78.3284271247462));
#2955=CARTESIAN_POINT('',(-0.999999999999991,17.,78.3284271247462));
#2956=CARTESIAN_POINT('',(-1.00000075946745,16.9801287938216,78.3284257061733));
#2957=CARTESIAN_POINT('',(-0.99881973666515,16.9405888702203,78.3288453566883));
#2958=CARTESIAN_POINT('',(-0.993569931479348,16.8818123943367,78.3306952113169));
#2959=CARTESIAN_POINT('',(-0.984989914806957,16.824181084757,78.3336960534945));
#2960=CARTESIAN_POINT('',(-0.9732439833117,16.767877918758,78.3377563373112));
#2961=CARTESIAN_POINT('',(-0.955920553176038,16.7034563085415,78.3436540038615));
#2962=CARTESIAN_POINT('',(-0.926507778670252,16.6187112034503,78.3534418508408));
#2963=CARTESIAN_POINT('',(-0.871530356062921,16.5019653952863,78.3709412137965));
#2964=CARTESIAN_POINT('',(-0.780840714883504,16.3665873111739,78.3973885774941));
#2965=CARTESIAN_POINT('',(-0.653345424048429,16.2352689607233,78.4292064237269));
#2966=CARTESIAN_POINT('',(-0.505492353473151,16.1311183335512,78.4584873688703));
#2967=CARTESIAN_POINT('',(-0.354359975450592,16.0605294566711,78.4802291670806));
#2968=CARTESIAN_POINT('',(-0.212903019795555,16.019736825676,78.4934429601225));
#2969=CARTESIAN_POINT('',(-0.0960818819742207,16.0027795498273,78.4990728664512));
#2970=CARTESIAN_POINT('',(-0.0103714679525984,15.9993462890604,78.5002178653538));
#2971=CARTESIAN_POINT('',(0.0815356893129035,16.0015962152885,78.4994683344133));
#2972=CARTESIAN_POINT('',(0.200452030031196,16.0162190224764,78.4945935993633));
#2973=CARTESIAN_POINT('',(0.355964888746968,16.0604376623097,78.4802300686202));
#2974=CARTESIAN_POINT('',(0.511698953078671,16.134772726023,78.4573965864955));
#2975=CARTESIAN_POINT('',(0.658647761735577,16.2401093312028,78.4279676218242));
#2976=CARTESIAN_POINT('',(0.784711225234532,16.3712158364055,78.3963501707069));
#2977=CARTESIAN_POINT('',(0.880352460642819,16.5160533604456,78.3683105373609));
#2978=CARTESIAN_POINT('',(0.940774853509179,16.6521678532669,78.3487980102527));
#2979=CARTESIAN_POINT('',(0.973921755598237,16.7658185110947,78.3375439576952));
#2980=CARTESIAN_POINT('',(0.990438305349501,16.8547274663947,78.3317965476672));
#2981=CARTESIAN_POINT('',(0.998368648040017,16.929992932861,78.3290057918557));
#2982=CARTESIAN_POINT('',(1.00000243829193,16.9767969084628,78.3284239127008));
#2983=CARTESIAN_POINT('',(0.999999999999993,17.,78.3284271247462));
#2984=CARTESIAN_POINT('',(-1.,17.,78.3284271247462));
#2985=VECTOR('',#2986,1.);
#2986=DIRECTION('',(0.,0.,1.));
#2987=CARTESIAN_POINT('',(-6.,17.,18.25));
#2988=CARTESIAN_POINT('',(-6.,17.,18.25));
#2989=VECTOR('',#2990,1.);
#2990=DIRECTION('',(0.,0.,1.));
#2991=CARTESIAN_POINT('',(-0.999999999999985,17.,72.6715728752538));
#2992=AXIS2_PLACEMENT_3D('',#2993,#2994,#2995);
#2993=CARTESIAN_POINT('',(-5.32907051820075E-15,17.,75.5));
#2994=DIRECTION('',(0.,1.,0.));
#2995=DIRECTION('',(-0.333333333333326,0.,-0.942809041582066));
#2996=CARTESIAN_POINT('',(-1.,17.,18.25));
#2997=CARTESIAN_POINT('',(-1.,17.,18.25));
#2998=VECTOR('',#2999,1.);
#2999=DIRECTION('',(0.,0.,1.));
#3000=CARTESIAN_POINT('',(-6.,17.,18.25));
#3001=VECTOR('',#3002,1.);
#3002=DIRECTION('',(1.,0.,0.));
#3003=CARTESIAN_POINT('',(-3.5,17.,21.75));
#3004=AXIS2_PLACEMENT_3D('',#3005,#3006,#3007);
#3005=CARTESIAN_POINT('',(-3.5,17.,23.25));
#3006=DIRECTION('',(0.,1.,0.));
#3007=DIRECTION('',(6.12323399573676E-17,0.,-1.));
#3008=CARTESIAN_POINT('',(-7.0499999984059,16.8102491047374,18.25));
#3009=AXIS2_PLACEMENT_3D('',#3010,#3011,#3012);
#3010=CARTESIAN_POINT('',(-6.,14.,18.25));
#3011=DIRECTION('',(0.,0.,1.));
#3012=DIRECTION('',(2.96059473233375E-16,1.,0.));
#3013=CARTESIAN_POINT('',(-7.04999999840591,16.8102491047374,11.75));
#3014=CARTESIAN_POINT('',(-7.04999999840598,16.8102491047374,18.25));
#3015=VECTOR('',#3016,1.);
#3016=DIRECTION('',(-1.36642833800019E-16,0.,-1.));
#3017=CARTESIAN_POINT('',(-6.,17.,11.75));
#3018=AXIS2_PLACEMENT_3D('',#3019,#3020,#3021);
#3019=CARTESIAN_POINT('',(-6.,14.,11.75));
#3020=DIRECTION('',(0.,0.,1.));
#3021=DIRECTION('',(-1.1842378929335E-15,1.,0.));
#3022=CARTESIAN_POINT('',(-6.,17.,-22.5557280900008));
#3023=CARTESIAN_POINT('',(-6.,17.,-22.5557280900008));
#3024=VECTOR('',#3025,1.);
#3025=DIRECTION('',(0.,0.,1.));
#3026=CARTESIAN_POINT('',(-9.,14.,-22.119168480353));
#3027=CARTESIAN_POINT('',(-9.,14.1121997376282,-22.1295627567731));
#3028=CARTESIAN_POINT('',(-8.98739800689061,14.3365988701735,-22.1503513096135));
#3029=CARTESIAN_POINT('',(-8.93092675396122,14.6689649178099,-22.1815341388741));
#3030=CARTESIAN_POINT('',(-8.83759739653732,14.9929182698005,-22.2127169681346));
#3031=CARTESIAN_POINT('',(-8.70858360544012,15.3043851181813,-22.2438997973952));
#3032=CARTESIAN_POINT('',(-8.54550780394574,15.5994485615904,-22.2750826266558));
#3033=CARTESIAN_POINT('',(-8.35042076488602,15.874398012733,-22.3062654559163));
#3034=CARTESIAN_POINT('',(-8.1257758209347,16.1257758209347,-22.3374482851769));
#3035=CARTESIAN_POINT('',(-7.87439801273302,16.350420764886,-22.3686311144375));
#3036=CARTESIAN_POINT('',(-7.59944856159044,16.5455078039457,-22.399813943698));
#3037=CARTESIAN_POINT('',(-7.30438511818129,16.7085836054401,-22.4309967729586));
#3038=CARTESIAN_POINT('',(-6.99291826980045,16.8375973965373,-22.4621796022192));
#3039=CARTESIAN_POINT('',(-6.66896491780992,16.9309267539612,-22.4933624314797));
#3040=CARTESIAN_POINT('',(-6.33659887017352,16.9873980068906,-22.5245452607403));
#3041=CARTESIAN_POINT('',(-6.11219973762821,17.,-22.5453338135807));
#3042=CARTESIAN_POINT('',(-6.,17.,-22.5557280900008));
#3043=CARTESIAN_POINT('',(-6.,16.3333333333333,-24.0464400750007));
#3044=CARTESIAN_POINT('',(-9.,14.0000000000001,-22.1191684803531));
#3045=CARTESIAN_POINT('',(-9.,14.1183931034986,-22.2209272126623));
#3046=CARTESIAN_POINT('',(-8.97735497080268,14.3392914725844,-22.4121205570231));
#3047=CARTESIAN_POINT('',(-8.8860156843748,14.6438371593755,-22.6780292757771));
#3048=CARTESIAN_POINT('',(-8.75480940799724,14.9141624076311,-22.9150668297527));
#3049=CARTESIAN_POINT('',(-8.5843505622614,15.1651653418686,-23.1353260584398));
#3050=CARTESIAN_POINT('',(-8.37056060552477,15.4017111309286,-23.3421674670057));
#3051=CARTESIAN_POINT('',(-8.11734533032961,15.6182660693934,-23.5297398559568));
#3052=CARTESIAN_POINT('',(-7.83141394659036,15.8098016583082,-23.6926945666856));
#3053=CARTESIAN_POINT('',(-7.5153940319116,15.9751439149618,-23.8290055892959));
#3054=CARTESIAN_POINT('',(-7.17714715090164,16.1107918683287,-23.9347553517483));
#3055=CARTESIAN_POINT('',(-6.81305887878208,16.2185927624501,-24.0102946580148));
#3056=CARTESIAN_POINT('',(-6.41987084897693,16.2969233558608,-24.0524492103863));
#3057=CARTESIAN_POINT('',(-6.14294976269158,16.3254300160469,-24.0535090168808));
#3058=CARTESIAN_POINT('',(-6.,16.3333333333333,-24.0464400750007));
#3059=CARTESIAN_POINT('',(-6.,16.3333333333333,-38.9535599249993));
#3060=AXIS2_PLACEMENT_3D('',#3061,#3062,#3063);
#3061=CARTESIAN_POINT('',(-6.,23.,-31.5));
#3062=DIRECTION('',(1.,0.,0.));
#3063=DIRECTION('',(0.,-0.666666666666667,0.745355992499929));
#3064=CARTESIAN_POINT('',(-9.,14.0000000000001,-40.8808315196469));
#3065=CARTESIAN_POINT('',(-9.,14.1183931034962,-40.7790727873398));
#3066=CARTESIAN_POINT('',(-8.97735497080355,14.339291472578,-40.5878794429824));
#3067=CARTESIAN_POINT('',(-8.8860156843785,14.6438371593656,-40.3219707242314));
#3068=CARTESIAN_POINT('',(-8.75480940800342,14.9141624076205,-40.0849331702567));
#3069=CARTESIAN_POINT('',(-8.58435056226875,15.1651653418594,-39.8646739415683));
#3070=CARTESIAN_POINT('',(-8.37056060553317,15.4017111309205,-39.6578325330014));
#3071=CARTESIAN_POINT('',(-8.11734533033882,15.6182660693864,-39.4702601440492));
#3072=CARTESIAN_POINT('',(-7.83141394660086,15.8098016583019,-39.3073054333196));
#3073=CARTESIAN_POINT('',(-7.51539403192336,15.9751439149564,-39.1709944107084));
#3074=CARTESIAN_POINT('',(-7.17714715091428,16.1107918683243,-39.065244648255));
#3075=CARTESIAN_POINT('',(-6.81305887879388,16.2185927624473,-38.989705341987));
#3076=CARTESIAN_POINT('',(-6.41987084898434,16.2969233558599,-38.9475507896139));
#3077=CARTESIAN_POINT('',(-6.14294976269453,16.3254300160467,-38.946490983119));
#3078=CARTESIAN_POINT('',(-6.,16.3333333333333,-38.9535599249993));
#3079=CARTESIAN_POINT('',(-6.,17.,-40.4442719099992));
#3080=CARTESIAN_POINT('',(-9.,14.,-40.880831519647));
#3081=CARTESIAN_POINT('',(-9.,14.1121997376282,-40.8704372432268));
#3082=CARTESIAN_POINT('',(-8.98739800689061,14.3365988701735,-40.8496486903865));
#3083=CARTESIAN_POINT('',(-8.93092675396122,14.6689649178099,-40.8184658611259));
#3084=CARTESIAN_POINT('',(-8.83759739653732,14.9929182698004,-40.7872830318654));
#3085=CARTESIAN_POINT('',(-8.70858360544012,15.3043851181813,-40.7561002026048));
#3086=CARTESIAN_POINT('',(-8.54550780394574,15.5994485615904,-40.7249173733442));
#3087=CARTESIAN_POINT('',(-8.35042076488603,15.874398012733,-40.6937345440837));
#3088=CARTESIAN_POINT('',(-8.1257758209347,16.1257758209347,-40.6625517148231));
#3089=CARTESIAN_POINT('',(-7.87439801273302,16.350420764886,-40.6313688855626));
#3090=CARTESIAN_POINT('',(-7.59944856159044,16.5455078039457,-40.600186056302));
#3091=CARTESIAN_POINT('',(-7.30438511818129,16.7085836054401,-40.5690032270414));
#3092=CARTESIAN_POINT('',(-6.99291826980045,16.8375973965373,-40.5378203977808));
#3093=CARTESIAN_POINT('',(-6.66896491780992,16.9309267539612,-40.5066375685203));
#3094=CARTESIAN_POINT('',(-6.33659887017352,16.9873980068906,-40.4754547392597));
#3095=CARTESIAN_POINT('',(-6.11219973762821,17.,-40.4546661864193));
#3096=CARTESIAN_POINT('',(-6.,17.,-40.4442719099992));
#3097=CARTESIAN_POINT('',(-6.,17.,-84.));
#3098=CARTESIAN_POINT('',(-6.,17.,-84.));
#3099=VECTOR('',#3100,1.);
#3100=DIRECTION('',(4.07835413916098E-17,0.,1.));
#3101=AXIS2_PLACEMENT_3D('',#3102,#3103,#3104);
#3102=CARTESIAN_POINT('',(-6.,14.,-84.));
#3103=DIRECTION('',(0.,0.,-1.));
#3104=DIRECTION('',(-1.,0.,0.));
#3105=CARTESIAN_POINT('',(-4.,17.,-84.));
#3106=CARTESIAN_POINT('',(-6.,17.,-84.));
#3107=VECTOR('',#3108,1.);
#3108=DIRECTION('',(1.,0.,0.));
#3109=CARTESIAN_POINT('',(-4.,9.,-84.));
#3110=CARTESIAN_POINT('',(-4.,9.,-84.));
#3111=VECTOR('',#3112,1.);
#3112=DIRECTION('',(0.,1.,0.));
#3113=CARTESIAN_POINT('',(-4.,9.,-84.));
#3114=VECTOR('',#3115,1.);
#3115=DIRECTION('',(-1.,0.,0.));
#3116=CARTESIAN_POINT('',(2.,9.,-78.));
#3117=CARTESIAN_POINT('',(2.,9.,-84.));
#3118=CARTESIAN_POINT('',(2.,9.,-78.));
#3119=VECTOR('',#3120,1.);
#3120=DIRECTION('',(0.,0.,-1.));
#3121=CARTESIAN_POINT('',(4.,9.,-86.));
#3122=AXIS2_PLACEMENT_3D('',#3123,#3124,#3125);
#3123=CARTESIAN_POINT('',(4.,9.,-84.));
#3124=DIRECTION('',(0.,-1.,0.));
#3125=DIRECTION('',(-1.,0.,0.));
#3126=CARTESIAN_POINT('',(-9.,9.,-86.));
#3127=VECTOR('',#3128,1.);
#3128=DIRECTION('',(1.,0.,0.));
#3129=CARTESIAN_POINT('',(-2.,9.,-82.));
#3130=AXIS2_PLACEMENT_3D('',#3131,#3132,#3133);
#3131=CARTESIAN_POINT('',(-4.,9.,-82.));
#3132=DIRECTION('',(0.,-1.,0.));
#3133=DIRECTION('',(0.,0.,-1.));
#3134=CARTESIAN_POINT('',(-2.,9.,-78.));
#3135=CARTESIAN_POINT('',(-2.,9.,-78.));
#3136=VECTOR('',#3137,1.);
#3137=DIRECTION('',(0.,0.,-1.));
#3138=AXIS2_PLACEMENT_3D('',#3139,#3140,#3141);
#3139=CARTESIAN_POINT('',(0.,9.,-78.));
#3140=DIRECTION('',(0.,1.,0.));
#3141=DIRECTION('',(-1.,0.,0.));
#3142=CARTESIAN_POINT('',(9.,14.,-86.));
#3143=CARTESIAN_POINT('',(6.,17.,-86.));
#3144=AXIS2_PLACEMENT_3D('',#3145,#3146,#3147);
#3145=CARTESIAN_POINT('',(6.,14.,-86.));
#3146=DIRECTION('',(0.,0.,-1.));
#3147=DIRECTION('',(0.,1.,0.));
#3148=CARTESIAN_POINT('',(9.,-4.,-86.));
#3149=VECTOR('',#3150,1.);
#3150=DIRECTION('',(0.,1.,0.));
#3151=CARTESIAN_POINT('',(6.,4.,-86.));
#3152=CARTESIAN_POINT('',(6.,4.,-86.));
#3153=VECTOR('',#3154,1.);
#3154=DIRECTION('',(0.,-1.,0.));
#3155=CARTESIAN_POINT('',(-6.,4.,-86.));
#3156=CARTESIAN_POINT('',(-6.,4.,-86.));
#3157=VECTOR('',#3158,1.);
#3158=DIRECTION('',(1.,0.,0.));
#3159=CARTESIAN_POINT('',(-6.,-4.,-86.));
#3160=VECTOR('',#3161,1.);
#3161=DIRECTION('',(0.,1.,0.));
#3162=CARTESIAN_POINT('',(4.,17.,-86.));
#3163=CARTESIAN_POINT('',(4.,9.,-86.));
#3164=VECTOR('',#3165,1.);
#3165=DIRECTION('',(0.,1.,0.));
#3166=CARTESIAN_POINT('',(6.,17.,-86.));
#3167=VECTOR('',#3168,1.);
#3168=DIRECTION('',(-1.,0.,0.));
#3169=CARTESIAN_POINT('',(-8.8,13.5,27.25));
#3170=CARTESIAN_POINT('',(-9.,13.7,27.05));
#3171=VECTOR('',#3172,1.);
#3172=DIRECTION('',(0.577350269189643,-0.577350269189633,0.577350269189602));
#3173=CARTESIAN_POINT('',(-8.8,13.5,37.35));
#3174=CARTESIAN_POINT('',(-8.8,13.5,37.35));
#3175=VECTOR('',#3176,1.);
#3176=DIRECTION('',(0.,0.,-1.));
#3177=CARTESIAN_POINT('',(-9.,13.7,37.55));
#3178=VECTOR('',#3179,1.);
#3179=DIRECTION('',(0.577350269189634,-0.577350269189639,-0.577350269189604));
#3180=CARTESIAN_POINT('',(-8.8,7.7,37.35));
#3181=CARTESIAN_POINT('',(-8.8,7.7,37.35));
#3182=VECTOR('',#3183,1.);
#3183=DIRECTION('',(0.,1.,0.));
#3184=CARTESIAN_POINT('',(-9.,7.5,37.55));
#3185=VECTOR('',#3186,1.);
#3186=DIRECTION('',(0.577350269189642,0.577350269189645,-0.577350269189591));
#3187=CARTESIAN_POINT('',(-8.8,7.7,27.25));
#3188=CARTESIAN_POINT('',(-8.8,7.7,27.25));
#3189=VECTOR('',#3190,1.);
#3190=DIRECTION('',(0.,-8.7938457396052E-17,1.));
#3191=CARTESIAN_POINT('',(-9.,7.5,27.05));
#3192=VECTOR('',#3193,1.);
#3193=DIRECTION('',(0.577350269189635,0.577350269189628,0.577350269189615));
#3194=CARTESIAN_POINT('',(-8.8,13.5,27.25));
#3195=VECTOR('',#3196,1.);
#3196=DIRECTION('',(0.,-1.,-1.225073682345E-15));
#3197=CARTESIAN_POINT('',(-6.,4.,11.75));
#3198=CARTESIAN_POINT('',(-6.,-4.,11.75));
#3199=VECTOR('',#3200,1.);
#3200=DIRECTION('',(0.,1.,0.));
#3201=CARTESIAN_POINT('',(-6.,4.,-86.));
#3202=VECTOR('',#3203,1.);
#3203=DIRECTION('',(0.,0.,1.));
#3204=CARTESIAN_POINT('',(-7.05,16.8102491090043,11.75));
#3205=VECTOR('',#3206,1.);
#3206=DIRECTION('',(0.,-1.,0.));
#3207=CARTESIAN_POINT('',(6.,4.,11.75));
#3208=CARTESIAN_POINT('',(-6.,4.,11.75));
#3209=VECTOR('',#3210,1.);
#3210=DIRECTION('',(1.,0.,0.));
#3211=CARTESIAN_POINT('',(6.,4.,11.75));
#3212=VECTOR('',#3213,1.);
#3213=DIRECTION('',(0.,-1.,0.));
#3214=CARTESIAN_POINT('',(7.05,16.8102491090043,11.75));
#3215=VECTOR('',#3216,1.);
#3216=DIRECTION('',(0.,-1.,0.));
#3217=CARTESIAN_POINT('',(1.,17.,11.75));
#3218=CARTESIAN_POINT('',(6.,17.,11.75));
#3219=VECTOR('',#3220,1.);
#3220=DIRECTION('',(-1.,0.,0.));
#3221=CARTESIAN_POINT('',(-1.,17.,11.75));
#3222=AXIS2_PLACEMENT_3D('',#3223,#3224,#3225);
#3223=CARTESIAN_POINT('',(8.88178419700125E-16,17.,11.75));
#3224=DIRECTION('',(0.,0.,1.));
#3225=DIRECTION('',(-1.,0.,0.));
#3226=CARTESIAN_POINT('',(-0.999999999999981,17.,11.75));
#3227=VECTOR('',#3228,1.);
#3228=DIRECTION('',(-1.,0.,0.));
#3229=CARTESIAN_POINT('',(-7.05,13.5,27.25));
#3230=CARTESIAN_POINT('',(-7.05,7.7,27.25));
#3231=CARTESIAN_POINT('',(-7.05,13.5,27.25));
#3232=VECTOR('',#3233,1.);
#3233=DIRECTION('',(0.,-1.,0.));
#3234=CARTESIAN_POINT('',(-7.05,7.7,27.25));
#3235=VECTOR('',#3236,1.);
#3236=DIRECTION('',(7.59126854444551E-17,-1.,0.));
#3237=CARTESIAN_POINT('',(-7.05,13.5,18.25));
#3238=CARTESIAN_POINT('',(-7.05,16.8102491090043,18.25));
#3239=VECTOR('',#3240,1.);
#3240=DIRECTION('',(-2.68311655846128E-16,-1.,0.));
#3241=CARTESIAN_POINT('',(-7.05,13.5,27.25));
#3242=VECTOR('',#3243,1.);
#3243=DIRECTION('',(9.86864910777917E-17,0.,-1.));
#3244=CARTESIAN_POINT('',(-7.05000000000001,7.7,27.25));
#3245=VECTOR('',#3246,1.);
#3246=DIRECTION('',(1.,0.,0.));
#3247=CARTESIAN_POINT('',(-3.5,14.,42.35));
#3248=CARTESIAN_POINT('',(-3.5,14.,42.35));
#3249=VECTOR('',#3250,1.);
#3250=DIRECTION('',(-1.,0.,0.));
#3251=CARTESIAN_POINT('',(-3.5,4.,42.35));
#3252=VECTOR('',#3253,1.);
#3253=DIRECTION('',(0.,1.,0.));
#3254=CARTESIAN_POINT('',(-8.8,7.7,37.35));
#3255=VECTOR('',#3256,1.);
#3256=DIRECTION('',(1.,0.,0.));
#3257=CARTESIAN_POINT('',(-8.8,7.7,27.25));
#3258=VECTOR('',#3259,1.);
#3259=DIRECTION('',(1.,0.,0.));
#3260=CARTESIAN_POINT('',(-8.8,13.5,37.35));
#3261=VECTOR('',#3262,1.);
#3262=DIRECTION('',(1.,0.,0.));
#3263=CARTESIAN_POINT('',(-3.5,13.5,37.35));
#3264=CARTESIAN_POINT('',(-6.,13.5,37.35));
#3265=VECTOR('',#3266,1.);
#3266=DIRECTION('',(1.,0.,0.));
#3267=CARTESIAN_POINT('',(-3.5,14.,37.35));
#3268=CARTESIAN_POINT('',(-3.5,14.,37.35));
#3269=VECTOR('',#3270,1.);
#3270=DIRECTION('',(0.,-1.,0.));
#3271=CARTESIAN_POINT('',(-6.,14.,37.35));
#3272=VECTOR('',#3273,1.);
#3273=DIRECTION('',(1.,0.,0.));
#3274=CARTESIAN_POINT('',(-3.5,14.,37.35));
#3275=VECTOR('',#3276,1.);
#3276=DIRECTION('',(-8.88178419700125E-17,0.,1.));
#3277=CARTESIAN_POINT('',(-3.5,4.,37.35));
#3278=VECTOR('',#3279,1.);
#3279=DIRECTION('',(0.,1.,0.));
#3280=CARTESIAN_POINT('',(-3.5,13.5,37.35));
#3281=VECTOR('',#3282,1.);
#3282=DIRECTION('',(1.,0.,0.));
#3283=CARTESIAN_POINT('',(-4.31994158399229E-15,11.,73.85));
#3284=AXIS2_PLACEMENT_3D('',#3285,#3286,#3287);
#3285=CARTESIAN_POINT('',(-4.62304166678126E-15,11.,75.5));
#3286=DIRECTION('',(0.,1.,0.));
#3287=DIRECTION('',(6.12323399573677E-17,0.,-1.));
#3288=CARTESIAN_POINT('',(-8.8,13.5,27.25));
#3289=VECTOR('',#3290,1.);
#3290=DIRECTION('',(1.,0.,0.));
#3291=CARTESIAN_POINT('',(7.05,13.5,18.25));
#3292=CARTESIAN_POINT('',(-7.05,13.5,18.25));
#3293=VECTOR('',#3294,1.);
#3294=DIRECTION('',(1.,0.,0.));
#3295=CARTESIAN_POINT('',(7.05,13.5,27.25));
#3296=CARTESIAN_POINT('',(7.05,13.5,18.25));
#3297=VECTOR('',#3298,1.);
#3298=DIRECTION('',(-9.86864910777917E-17,0.,1.));
#3299=CARTESIAN_POINT('',(7.05,13.5,27.25));
#3300=VECTOR('',#3301,1.);
#3301=DIRECTION('',(-1.,0.,3.38353683695287E-15));
#3302=CARTESIAN_POINT('',(-3.5,13.5,21.75));
#3303=AXIS2_PLACEMENT_3D('',#3304,#3305,#3306);
#3304=CARTESIAN_POINT('',(-3.5,13.5,23.25));
#3305=DIRECTION('',(0.,1.,0.));
#3306=DIRECTION('',(6.12323399573676E-17,0.,-1.));
#3307=CARTESIAN_POINT('',(7.05,13.5,27.25));
#3308=VECTOR('',#3309,1.);
#3309=DIRECTION('',(0.,-1.,0.));
#3310=CARTESIAN_POINT('',(7.05,16.8102491090043,18.25));
#3311=VECTOR('',#3312,1.);
#3312=DIRECTION('',(0.,-1.,0.));
#3313=CARTESIAN_POINT('',(6.,4.,-86.));
#3314=VECTOR('',#3315,1.);
#3315=DIRECTION('',(0.,0.,1.));
#3316=CARTESIAN_POINT('',(9.,14.,-40.880831519647));
#3317=CARTESIAN_POINT('',(9.,14.,-40.880831519647));
#3318=VECTOR('',#3319,1.);
#3319=DIRECTION('',(0.,0.,-1.));
#3320=AXIS2_PLACEMENT_3D('',#3321,#3322,#3323);
#3321=CARTESIAN_POINT('',(9.,23.,-31.5));
#3322=DIRECTION('',(1.,0.,0.));
#3323=DIRECTION('',(0.,-0.692307692307685,0.721602424588227));
#3324=CARTESIAN_POINT('',(6.00000000000001,16.3333333333333,-24.0464400750007));
#3325=CARTESIAN_POINT('',(9.,14.0000000000001,-22.119168480353));
#3326=CARTESIAN_POINT('',(9.00000000000001,14.1183931034963,-22.2209272126603));
#3327=CARTESIAN_POINT('',(8.9773549708035,14.3392914725784,-22.4121205570179));
#3328=CARTESIAN_POINT('',(8.88601568437833,14.6438371593661,-22.6780292757689));
#3329=CARTESIAN_POINT('',(8.7548094080032,14.9141624076208,-22.9150668297436));
#3330=CARTESIAN_POINT('',(8.5843505622689,15.1651653418592,-23.1353260584315));
#3331=CARTESIAN_POINT('',(8.37056060553356,15.4017111309201,-23.3421674669982));
#3332=CARTESIAN_POINT('',(8.11734533033957,15.6182660693859,-23.5297398559503));
#3333=CARTESIAN_POINT('',(7.83141394660144,15.8098016583016,-23.6926945666801));
#3334=CARTESIAN_POINT('',(7.51539403192379,15.9751439149562,-23.8290055892914));
#3335=CARTESIAN_POINT('',(7.17714715091483,16.1107918683241,-23.9347553517448));
#3336=CARTESIAN_POINT('',(6.81305887879474,16.218592762447,-24.0102946580129));
#3337=CARTESIAN_POINT('',(6.41987084898515,16.2969233558598,-24.0524492103861));
#3338=CARTESIAN_POINT('',(6.14294976269493,16.3254300160467,-24.053509016881));
#3339=CARTESIAN_POINT('',(6.00000000000001,16.3333333333333,-24.0464400750007));
#3340=AXIS2_PLACEMENT_3D('',#3341,#3342,#3343);
#3341=CARTESIAN_POINT('',(6.,15.,-22.5557280900008));
#3342=DIRECTION('',(1.,-5.32907051820075E-16,1.77635683940025E-16));
#3343=DIRECTION('',(4.87673189386572E-16,0.666666666666669,-0.745355992499928));
#3344=CARTESIAN_POINT('',(1.,17.,-22.5557280900009));
#3345=CARTESIAN_POINT('',(1.,17.,-22.5557280900008));
#3346=VECTOR('',#3347,1.);
#3347=DIRECTION('',(1.,0.,0.));
#3348=CARTESIAN_POINT('',(0.999999999999986,17.,-2.3284271247462));
#3349=CARTESIAN_POINT('',(1.,17.,-22.5557280900009));
#3350=VECTOR('',#3351,1.);
#3351=DIRECTION('',(-2.19549415224946E-17,0.,1.));
#3352=CARTESIAN_POINT('',(0.999999999999982,17.,3.3284271247462));
#3353=AXIS2_PLACEMENT_3D('',#3354,#3355,#3356);
#3354=CARTESIAN_POINT('',(0.,17.,0.5));
#3355=DIRECTION('',(0.,1.,0.));
#3356=DIRECTION('',(0.333333333333327,0.,0.942809041582066));
#3357=CARTESIAN_POINT('',(1.,17.,3.32842712474624));
#3358=VECTOR('',#3359,1.);
#3359=DIRECTION('',(0.,0.,1.));
#3360=AXIS2_PLACEMENT_3D('',#3361,#3362,#3363);
#3361=CARTESIAN_POINT('',(8.88178419700125E-16,17.,18.25));
#3362=DIRECTION('',(0.,0.,1.));
#3363=DIRECTION('',(-1.,0.,0.));
#3364=CARTESIAN_POINT('',(-4.07195060716495E-15,15.9999999999999,72.5));
#3365=CARTESIAN_POINT('',(-0.999999999999992,17.,72.6715728752538));
#3366=CARTESIAN_POINT('',(-1.00000072257457,16.9801289274954,72.6715742945219));
#3367=CARTESIAN_POINT('',(-0.998814180719901,16.9404046532058,72.6711526674069));
#3368=CARTESIAN_POINT('',(-0.993499154343477,16.8810817094691,72.6692798433435));
#3369=CARTESIAN_POINT('',(-0.984664775641072,16.8221869733262,72.6661904420641));
#3370=CARTESIAN_POINT('',(-0.972345769234336,16.7639396879998,72.6619343717917));
#3371=CARTESIAN_POINT('',(-0.954840411834937,16.7001732785647,72.6559834034417));
#3372=CARTESIAN_POINT('',(-0.928594347658277,16.6253362162242,72.6472640467915));
#3373=CARTESIAN_POINT('',(-0.890424073099693,16.5413170992899,72.635058635229));
#3374=CARTESIAN_POINT('',(-0.844397754105237,16.4618560753869,72.6211401640564));
#3375=CARTESIAN_POINT('',(-0.795845163548424,16.3928535590768,72.6073503790419));
#3376=CARTESIAN_POINT('',(-0.740693903817625,16.3260991329579,72.5926524878684));
#3377=CARTESIAN_POINT('',(-0.666975465660804,16.2517613812253,72.5746199230748));
#3378=CARTESIAN_POINT('',(-0.568227531717509,16.1733569868588,72.5535637216239));
#3379=CARTESIAN_POINT('',(-0.457975878089923,16.1080585446079,72.5344272603431));
#3380=CARTESIAN_POINT('',(-0.35600696014095,16.0638557321307,72.5207312211606));
#3381=CARTESIAN_POINT('',(-0.278017378342804,16.0386227363968,72.512668330668));
#3382=CARTESIAN_POINT('',(-0.216960638144302,16.0233286898359,72.5077020837968));
#3383=CARTESIAN_POINT('',(-0.163994626352516,16.0130422257358,72.5043260557138));
#3384=CARTESIAN_POINT('',(-0.110036093108374,16.0055692725807,72.5018534760646));
#3385=CARTESIAN_POINT('',(-0.0552466572705002,16.0010197940218,72.5003404628308));
#3386=CARTESIAN_POINT('',(-0.0184601411303076,15.9999993595595,72.4999991357588));
#3387=CARTESIAN_POINT('',(-6.48955154498328E-12,16.,72.5));
#3388=CARTESIAN_POINT('',(0.999999999999993,17.,72.6715728752461));
#3389=CARTESIAN_POINT('',(1.00000072257462,16.9801289275949,72.671574294519));
#3390=CARTESIAN_POINT('',(0.998814180725482,16.9404046532881,72.6711526674102));
#3391=CARTESIAN_POINT('',(0.993499154349072,16.8810817094723,72.669279843345));
#3392=CARTESIAN_POINT('',(0.984664775610938,16.8221869731483,72.6661904420537));
#3393=CARTESIAN_POINT('',(0.972345769171733,16.7639396877376,72.6619343717702));
#3394=CARTESIAN_POINT('',(0.954840411743994,16.7001732782722,72.6559834034111));
#3395=CARTESIAN_POINT('',(0.928594347539839,16.6253362159325,72.6472640467529));
#3396=CARTESIAN_POINT('',(0.890424072973962,16.5413170990513,72.63505863519));
#3397=CARTESIAN_POINT('',(0.844397754004568,16.4618560752345,72.6211401640272));
#3398=CARTESIAN_POINT('',(0.795845163491735,16.3928535590062,72.6073503790266));
#3399=CARTESIAN_POINT('',(0.74069390380587,16.3260991329477,72.5926524878657));
#3400=CARTESIAN_POINT('',(0.666975465685062,16.2517613812488,72.5746199230807));
#3401=CARTESIAN_POINT('',(0.56822753176429,16.1733569868915,72.5535637216331));
#3402=CARTESIAN_POINT('',(0.457975878145515,16.1080585446362,72.5344272603516));
#3403=CARTESIAN_POINT('',(0.356006960194143,16.0638557321507,72.520731221167));
#3404=CARTESIAN_POINT('',(0.278017378390433,16.0386227364104,72.5126683306723));
#3405=CARTESIAN_POINT('',(0.216960638184688,16.0233286898447,72.5077020837998));
#3406=CARTESIAN_POINT('',(0.163994626384362,16.0130422257409,72.5043260557155));
#3407=CARTESIAN_POINT('',(0.110036093130541,16.005569272583,72.5018534760653));
#3408=CARTESIAN_POINT('',(0.0552466572818895,16.0010197940223,72.5003404628309));
#3409=CARTESIAN_POINT('',(0.0184601411341767,15.9999993595595,72.4999991357588));
#3410=CARTESIAN_POINT('',(6.4817734903571E-12,16.,72.5));
#3411=CARTESIAN_POINT('',(-4.07195060716495E-15,11.,72.5));
#3412=AXIS2_PLACEMENT_3D('',#3413,#3414,#3415);
#3413=CARTESIAN_POINT('',(-4.62304166678126E-15,11.,75.5));
#3414=DIRECTION('',(0.,1.,0.));
#3415=DIRECTION('',(6.12323399573677E-17,0.,-1.));
#3416=CARTESIAN_POINT('',(-0.99999999999998,17.,3.3284271247462));
#3417=CARTESIAN_POINT('',(-1.,17.,3.32842712474624));
#3418=VECTOR('',#3419,1.);
#3419=DIRECTION('',(0.,0.,1.));
#3420=CARTESIAN_POINT('',(-0.999999999999984,17.,-2.3284271247462));
#3421=AXIS2_PLACEMENT_3D('',#3422,#3423,#3424);
#3422=CARTESIAN_POINT('',(0.,17.,0.5));
#3423=DIRECTION('',(0.,1.,0.));
#3424=DIRECTION('',(-0.333333333333328,0.,-0.942809041582065));
#3425=CARTESIAN_POINT('',(-0.999999999999998,17.,-22.5557280900008));
#3426=CARTESIAN_POINT('',(-0.999999999999999,17.,-22.5557280900008));
#3427=VECTOR('',#3428,1.);
#3428=DIRECTION('',(-4.39098830449892E-17,0.,1.));
#3429=CARTESIAN_POINT('',(-6.,17.,-22.5557280900008));
#3430=VECTOR('',#3431,1.);
#3431=DIRECTION('',(1.,0.,0.));
#3432=AXIS2_PLACEMENT_3D('',#3433,#3434,#3435);
#3433=CARTESIAN_POINT('',(-6.,15.,-22.5557280900008));
#3434=DIRECTION('',(-1.,-1.77635683940025E-16,2.46519032881566E-32));
#3435=DIRECTION('',(-1.77635683940025E-16,1.,-2.44249065417534E-15));
#3436=CARTESIAN_POINT('',(-0.745355992499948,16.3333333333333,-24.0464400750007));
#3437=CARTESIAN_POINT('',(-6.,16.3333333333333,-24.0464400750007));
#3438=VECTOR('',#3439,1.);
#3439=DIRECTION('',(1.,0.,0.));
#3440=CARTESIAN_POINT('',(0.745355992500072,16.3333333333334,-24.0464400750007));
#3441=CARTESIAN_POINT('',(-0.745355992499949,16.3333333333333,-24.0464400750007));
#3442=CARTESIAN_POINT('',(-0.730085483319564,16.316258081799,-24.0617110835261));
#3443=CARTESIAN_POINT('',(-0.697160606584241,16.2818802278114,-24.0926797154354));
#3444=CARTESIAN_POINT('',(-0.641638619294466,16.2316850985254,-24.1385158645356));
#3445=CARTESIAN_POINT('',(-0.577455889339241,16.1821274249718,-24.1843932924625));
#3446=CARTESIAN_POINT('',(-0.504398501472286,16.1349530599337,-24.2286559670077));
#3447=CARTESIAN_POINT('',(-0.423416763206518,16.0924792791617,-24.2690153756497));
#3448=CARTESIAN_POINT('',(-0.337698968688649,16.0572235632449,-24.3028841204897));
#3449=CARTESIAN_POINT('',(-0.251246146651125,16.0307209612194,-24.3285665795041));
#3450=CARTESIAN_POINT('',(-0.166915718571918,16.0128647448906,-24.3459761128043));
#3451=CARTESIAN_POINT('',(-0.0865897534417404,16.0027201875318,-24.3559045499936));
#3452=CARTESIAN_POINT('',(-0.0312069853978,16.0001219818753,-24.3584520137119));
#3453=CARTESIAN_POINT('',(0.0199118574428194,15.9999018946251,-24.3586677323639));
#3454=CARTESIAN_POINT('',(0.0787975197720096,16.0019168257293,-24.3566922715148));
#3455=CARTESIAN_POINT('',(0.174192329795822,16.0132564671271,-24.3455879833058));
#3456=CARTESIAN_POINT('',(0.290612413787685,16.0402647109644,-24.3192680437845));
#3457=CARTESIAN_POINT('',(0.406321498158925,16.083422581236,-24.2776270824998));
#3458=CARTESIAN_POINT('',(0.50675746453835,16.1359096939647,-24.227724315152));
#3459=CARTESIAN_POINT('',(0.582857360352619,16.1860849303377,-24.1807120538838));
#3460=CARTESIAN_POINT('',(0.643957476901597,16.2338378487021,-24.136553881498));
#3461=CARTESIAN_POINT('',(0.696890612568863,16.2816367695527,-24.092902697602));
#3462=CARTESIAN_POINT('',(0.729587875123878,16.315702794449,-24.0622078201184));
#3463=CARTESIAN_POINT('',(0.745355992500072,16.3333333333334,-24.0464400750006));
#3464=CARTESIAN_POINT('',(0.745355992500071,16.3333333333333,-24.0464400750007));
#3465=VECTOR('',#3466,1.);
#3466=DIRECTION('',(1.,0.,0.));
#3467=CARTESIAN_POINT('',(6.00000000000001,16.3333333333333,-38.9535599249993));
#3468=AXIS2_PLACEMENT_3D('',#3469,#3470,#3471);
#3469=CARTESIAN_POINT('',(6.00000000000001,23.,-31.5));
#3470=DIRECTION('',(1.,0.,0.));
#3471=DIRECTION('',(0.,-0.666666666666667,0.745355992499929));
#3472=CARTESIAN_POINT('',(0.74535599250007,16.3333333333334,-38.9535599249993));
#3473=CARTESIAN_POINT('',(0.74535599250007,16.3333333333333,-38.9535599249993));
#3474=VECTOR('',#3475,1.);
#3475=DIRECTION('',(1.,0.,0.));
#3476=CARTESIAN_POINT('',(-0.745355992499943,16.3333333333333,-38.9535599249993));
#3477=CARTESIAN_POINT('',(-0.745355992499943,16.3333333333333,-38.9535599249993));
#3478=CARTESIAN_POINT('',(-0.730085483319547,16.316258081799,-38.9382889164739));
#3479=CARTESIAN_POINT('',(-0.697160606584205,16.2818802278114,-38.9073202845645));
#3480=CARTESIAN_POINT('',(-0.641638619294404,16.2316850985254,-38.8614841354643));
#3481=CARTESIAN_POINT('',(-0.577455889339153,16.1821274249718,-38.8156067075375));
#3482=CARTESIAN_POINT('',(-0.504398501472189,16.1349530599337,-38.7713440329923));
#3483=CARTESIAN_POINT('',(-0.423416763206429,16.0924792791616,-38.7309846243502));
#3484=CARTESIAN_POINT('',(-0.337698968688569,16.0572235632449,-38.6971158795104));
#3485=CARTESIAN_POINT('',(-0.251246146651081,16.0307209612194,-38.6714334204959));
#3486=CARTESIAN_POINT('',(-0.166915718571896,16.0128647448906,-38.6540238871957));
#3487=CARTESIAN_POINT('',(-0.0865897534417287,16.0027201875318,-38.6440954500064));
#3488=CARTESIAN_POINT('',(-0.0312069853977961,16.0001219818753,-38.6415479862881));
#3489=CARTESIAN_POINT('',(0.0199118574428231,15.9999018946251,-38.6413322676362));
#3490=CARTESIAN_POINT('',(0.0787975197720145,16.0019168257293,-38.6433077284852));
#3491=CARTESIAN_POINT('',(0.174192329795827,16.0132564671271,-38.6544120166942));
#3492=CARTESIAN_POINT('',(0.290612413787695,16.0402647109644,-38.6807319562155));
#3493=CARTESIAN_POINT('',(0.406321498158928,16.083422581236,-38.7223729175002));
#3494=CARTESIAN_POINT('',(0.50675746453835,16.1359096939647,-38.772275684848));
#3495=CARTESIAN_POINT('',(0.582857360352626,16.1860849303377,-38.8192879461162));
#3496=CARTESIAN_POINT('',(0.643957476901599,16.2338378487021,-38.863446118502));
#3497=CARTESIAN_POINT('',(0.696890612568853,16.2816367695527,-38.907097302398));
#3498=CARTESIAN_POINT('',(0.729587875123871,16.315702794449,-38.9377921798816));
#3499=CARTESIAN_POINT('',(0.74535599250007,16.3333333333334,-38.9535599249994));
#3500=CARTESIAN_POINT('',(-6.,16.3333333333333,-38.9535599249993));
#3501=VECTOR('',#3502,1.);
#3502=DIRECTION('',(1.,0.,0.));
#3503=AXIS2_PLACEMENT_3D('',#3504,#3505,#3506);
#3504=CARTESIAN_POINT('',(-6.,15.,-40.4442719099992));
#3505=DIRECTION('',(-1.,0.,-3.5527136788005E-16));
#3506=DIRECTION('',(-2.64803643013043E-16,0.666666666666666,0.745355992499931));
#3507=CARTESIAN_POINT('',(-0.999999999999998,17.,-40.4442719099991));
#3508=CARTESIAN_POINT('',(-6.,17.,-40.4442719099992));
#3509=VECTOR('',#3510,1.);
#3510=DIRECTION('',(1.,0.,0.));
#3511=CARTESIAN_POINT('',(-0.999999999999989,17.,-76.2679491924311));
#3512=CARTESIAN_POINT('',(-1.,17.,-76.2679491924311));
#3513=VECTOR('',#3514,1.);
#3514=DIRECTION('',(0.,0.,1.));
#3515=CARTESIAN_POINT('',(-2.00000000000001,17.,-78.));
#3516=AXIS2_PLACEMENT_3D('',#3517,#3518,#3519);
#3517=CARTESIAN_POINT('',(0.,17.,-78.));
#3518=DIRECTION('',(0.,-1.,0.));
#3519=DIRECTION('',(-0.499999999999987,0.,0.866025403784446));
#3520=CARTESIAN_POINT('',(-2.,17.,-82.));
#3521=CARTESIAN_POINT('',(-2.,17.,-82.));
#3522=VECTOR('',#3523,1.);
#3523=DIRECTION('',(0.,0.,1.));
#3524=AXIS2_PLACEMENT_3D('',#3525,#3526,#3527);
#3525=CARTESIAN_POINT('',(-4.,17.,-82.));
#3526=DIRECTION('',(0.,1.,0.));
#3527=DIRECTION('',(1.,0.,0.));
#3528=CARTESIAN_POINT('',(-2.,9.,-82.));
#3529=VECTOR('',#3530,1.);
#3530=DIRECTION('',(0.,1.,0.));
#3531=CARTESIAN_POINT('',(2.,17.,-78.));
#3532=CARTESIAN_POINT('',(2.,17.,-78.));
#3533=VECTOR('',#3534,1.);
#3534=DIRECTION('',(0.,-1.,0.));
#3535=CARTESIAN_POINT('',(2.,17.,-84.));
#3536=CARTESIAN_POINT('',(2.,17.,-78.));
#3537=VECTOR('',#3538,1.);
#3538=DIRECTION('',(0.,0.,-1.));
#3539=CARTESIAN_POINT('',(2.,9.,-84.));
#3540=VECTOR('',#3541,1.);
#3541=DIRECTION('',(0.,1.,0.));
#3542=AXIS2_PLACEMENT_3D('',#3543,#3544,#3545);
#3543=CARTESIAN_POINT('',(4.,17.,-84.));
#3544=DIRECTION('',(0.,1.,0.));
#3545=DIRECTION('',(0.,0.,-1.));
#3546=CARTESIAN_POINT('',(-2.,9.,-78.));
#3547=VECTOR('',#3548,1.);
#3548=DIRECTION('',(0.,1.,0.));
#3549=CARTESIAN_POINT('',(0.999999999999986,17.,-76.2679491924311));
#3550=CARTESIAN_POINT('',(0.999999999999985,17.,-76.2679491924311));
#3551=CARTESIAN_POINT('',(1.0000000277339,16.9908302719108,-76.2679493116737));
#3552=CARTESIAN_POINT('',(0.999747973337052,16.9725252957443,-76.2678036003543));
#3553=CARTESIAN_POINT('',(0.998617442106489,16.9451001209539,-76.2671514424346));
#3554=CARTESIAN_POINT('',(0.996734442008744,16.9177050221598,-76.266067275852));
#3555=CARTESIAN_POINT('',(0.99409482323182,16.8903282456242,-76.2645520837323));
#3556=CARTESIAN_POINT('',(0.990700423906461,16.8630137118744,-76.2626114683166));
#3557=CARTESIAN_POINT('',(0.986555488619408,16.8358023320511,-76.260253688317));
#3558=CARTESIAN_POINT('',(0.981664324804705,16.8087216563047,-76.2574882284248));
#3559=CARTESIAN_POINT('',(0.976035815983966,16.7818126018808,-76.2543282735518));
#3560=CARTESIAN_POINT('',(0.969677784685267,16.7551002006633,-76.2507874247063));
#3561=CARTESIAN_POINT('',(0.962599672024255,16.7286108063255,-76.2468811149599));
#3562=CARTESIAN_POINT('',(0.954808640202926,16.7023591734783,-76.2426243806624));
#3563=CARTESIAN_POINT('',(0.946313872423529,16.6763659791089,-76.238034159604));
#3564=CARTESIAN_POINT('',(0.935414881146694,16.6458649567689,-76.2322153179765));
#3565=CARTESIAN_POINT('',(0.919014608000915,16.6045774158362,-76.2236016826602));
#3566=CARTESIAN_POINT('',(0.8917686716244,16.5453376072539,-76.2096840970645));
#3567=CARTESIAN_POINT('',(0.851758180655676,16.4733945811782,-76.1901799359322));
#3568=CARTESIAN_POINT('',(0.803101682998378,16.402148334912,-76.1680419673331));
#3569=CARTESIAN_POINT('',(0.756611244995766,16.3450981176383,-76.1484509115417));
#3570=CARTESIAN_POINT('',(0.717693374080317,16.303083725487,-76.1330904977377));
#3571=CARTESIAN_POINT('',(0.679335718114097,16.2654825962473,-76.118747561979));
#3572=CARTESIAN_POINT('',(0.627711010188252,16.220145770671,-76.1006776194276));
#3573=CARTESIAN_POINT('',(0.551527878795881,16.163409659513,-76.0767619751454));
#3574=CARTESIAN_POINT('',(0.447283341124888,16.1023108512959,-76.0493857325067));
#3575=CARTESIAN_POINT('',(0.320971227574312,16.0492976025539,-76.0243204655806));
#3576=CARTESIAN_POINT('',(0.184253551007354,16.013783340458,-76.0068916851181));
#3577=CARTESIAN_POINT('',(0.0758334537874325,16.0013855283105,-76.0006923972899));
#3578=CARTESIAN_POINT('',(-0.0120460883188978,15.9993753319761,-75.9996876823907));
#3579=CARTESIAN_POINT('',(-0.0961193083509993,16.002819748865,-76.0014108130414));
#3580=CARTESIAN_POINT('',(-0.205850088957804,16.0187595625374,-76.0093523544435));
#3581=CARTESIAN_POINT('',(-0.327107249177627,16.0522062766165,-76.0256925609612));
#3582=CARTESIAN_POINT('',(-0.442113947110321,16.1001862900968,-76.0483650912834));
#3583=CARTESIAN_POINT('',(-0.540842111180507,16.1565962811358,-76.0737633651101));
#3584=CARTESIAN_POINT('',(-0.616170611635686,16.2110537329547,-76.0969100537316));
#3585=CARTESIAN_POINT('',(-0.670953805901363,16.2576548261283,-76.1156975939048));
#3586=CARTESIAN_POINT('',(-0.719363169501403,16.3042376483608,-76.1336120838943));
#3587=CARTESIAN_POINT('',(-0.773071197959437,16.3634928893108,-76.1550836212236));
#3588=CARTESIAN_POINT('',(-0.831557935492236,16.4411695199326,-76.1806746268395));
#3589=CARTESIAN_POINT('',(-0.885174897285746,16.530806662993,-76.2062750180542));
#3590=CARTESIAN_POINT('',(-0.9246910201809,16.6160272147863,-76.2264780763118));
#3591=CARTESIAN_POINT('',(-0.949582427480179,16.6846014350972,-76.2397631410188));
#3592=CARTESIAN_POINT('',(-0.963505234832384,16.731422267604,-76.2473735354736));
#3593=CARTESIAN_POINT('',(-0.971845527926315,16.7638686062246,-76.251991502272));
#3594=CARTESIAN_POINT('',(-0.97756251131484,16.7888839322645,-76.2551839636116));
#3595=CARTESIAN_POINT('',(-0.982336742034803,16.8124008167346,-76.2578683146057));
#3596=CARTESIAN_POINT('',(-0.98643105265146,16.835274192236,-76.2601838466515));
#3597=CARTESIAN_POINT('',(-0.990009599315321,16.8583527764499,-76.2622181272088));
#3598=CARTESIAN_POINT('',(-0.993064427061546,16.8816449592703,-76.2639624246222));
#3599=CARTESIAN_POINT('',(-0.995580666611971,16.9051025319196,-76.2654045588166));
#3600=CARTESIAN_POINT('',(-0.997549125185435,16.9287035080904,-76.2665361277998));
#3601=CARTESIAN_POINT('',(-0.998960555116807,16.9523967423523,-76.2673493343405));
#3602=CARTESIAN_POINT('',(-0.999810521322581,16.9761710148613,-76.267839748919));
#3603=CARTESIAN_POINT('',(-1.00000002405269,16.9920501885342,-76.2679492650996));
#3604=CARTESIAN_POINT('',(-0.999999999999984,17.,-76.2679491924311));
#3605=AXIS2_PLACEMENT_3D('',#3606,#3607,#3608);
#3606=CARTESIAN_POINT('',(0.,17.,-78.));
#3607=DIRECTION('',(0.,-1.,0.));
#3608=DIRECTION('',(1.,0.,0.));
#3609=CARTESIAN_POINT('',(6.,17.,-40.4442719099992));
#3610=CARTESIAN_POINT('',(6.,17.,-40.4442719099992));
#3611=VECTOR('',#3612,1.);
#3612=DIRECTION('',(0.,0.,-1.));
#3613=CARTESIAN_POINT('',(9.,14.,-40.880831519647));
#3614=CARTESIAN_POINT('',(9.,14.1121997376282,-40.8704372432269));
#3615=CARTESIAN_POINT('',(8.98739800689061,14.3365988701735,-40.8496486903865));
#3616=CARTESIAN_POINT('',(8.93092675396122,14.6689649178099,-40.8184658611259));
#3617=CARTESIAN_POINT('',(8.83759739653732,14.9929182698005,-40.7872830318654));
#3618=CARTESIAN_POINT('',(8.70858360544012,15.3043851181813,-40.7561002026048));
#3619=CARTESIAN_POINT('',(8.54550780394574,15.5994485615904,-40.7249173733442));
#3620=CARTESIAN_POINT('',(8.35042076488602,15.874398012733,-40.6937345440837));
#3621=CARTESIAN_POINT('',(8.1257758209347,16.1257758209347,-40.6625517148231));
#3622=CARTESIAN_POINT('',(7.87439801273302,16.350420764886,-40.6313688855625));
#3623=CARTESIAN_POINT('',(7.59944856159044,16.5455078039457,-40.600186056302));
#3624=CARTESIAN_POINT('',(7.30438511818129,16.7085836054401,-40.5690032270414));
#3625=CARTESIAN_POINT('',(6.99291826980045,16.8375973965373,-40.5378203977808));
#3626=CARTESIAN_POINT('',(6.66896491780992,16.9309267539612,-40.5066375685203));
#3627=CARTESIAN_POINT('',(6.33659887017352,16.9873980068906,-40.4754547392597));
#3628=CARTESIAN_POINT('',(6.11219973762821,17.,-40.4546661864193));
#3629=CARTESIAN_POINT('',(6.,17.,-40.4442719099992));
#3630=CARTESIAN_POINT('',(2.72483912810286E-16,4.,-1.15));
#3631=AXIS2_PLACEMENT_3D('',#3632,#3633,#3634);
#3632=CARTESIAN_POINT('',(0.,4.,0.5));
#3633=DIRECTION('',(0.,1.,0.));
#3634=DIRECTION('',(6.12323399573677E-17,0.,-1.));
#3635=CARTESIAN_POINT('',(1.,17.,-40.4442719099992));
#3636=CARTESIAN_POINT('',(1.,17.,-76.2679491924311));
#3637=VECTOR('',#3638,1.);
#3638=DIRECTION('',(0.,0.,1.));
#3639=CARTESIAN_POINT('',(1.,17.,-40.4442719099992));
#3640=VECTOR('',#3641,1.);
#3641=DIRECTION('',(1.,0.,-1.4210854715202E-15));
#3642=CARTESIAN_POINT('',(-0.99999999999999,17.,3.32842712474621));
#3643=CARTESIAN_POINT('',(-1.00000075946745,16.9801287938217,3.32842570617323));
#3644=CARTESIAN_POINT('',(-0.998819736665149,16.9405888702203,3.32884535668829));
#3645=CARTESIAN_POINT('',(-0.993569931479347,16.8818123943367,3.33069521131687));
#3646=CARTESIAN_POINT('',(-0.984989914806958,16.824181084757,3.3336960534945));
#3647=CARTESIAN_POINT('',(-0.973243983311699,16.767877918758,3.33775633731116));
#3648=CARTESIAN_POINT('',(-0.955920553176038,16.7034563085415,3.34365400386157));
#3649=CARTESIAN_POINT('',(-0.926507778670258,16.6187112034503,3.35344185084075));
#3650=CARTESIAN_POINT('',(-0.871530356062915,16.5019653952863,3.37094121379653));
#3651=CARTESIAN_POINT('',(-0.780840714883506,16.3665873111739,3.39738857749415));
#3652=CARTESIAN_POINT('',(-0.653345424048429,16.2352689607233,3.42920642372682));
#3653=CARTESIAN_POINT('',(-0.505492353473152,16.1311183335512,3.45848736887036));
#3654=CARTESIAN_POINT('',(-0.354359975450604,16.0605294566711,3.48022916708053));
#3655=CARTESIAN_POINT('',(-0.212903019795555,16.0197368256759,3.49344296012241));
#3656=CARTESIAN_POINT('',(-0.0960818819714608,16.0027795498269,3.49907286645133));
#3657=CARTESIAN_POINT('',(-0.0103714679498061,15.9993462890604,3.50021786535384));
#3658=CARTESIAN_POINT('',(0.0815356893156748,16.0015962152888,3.49946833441317));
#3659=CARTESIAN_POINT('',(0.200452030031192,16.0162190224764,3.49459359936325));
#3660=CARTESIAN_POINT('',(0.355964888746968,16.0604376623097,3.48023006862023));
#3661=CARTESIAN_POINT('',(0.511698953078659,16.134772726023,3.45739658649551));
#3662=CARTESIAN_POINT('',(0.658647761735587,16.2401093312028,3.42796762182424));
#3663=CARTESIAN_POINT('',(0.784711225234526,16.3712158364055,3.39635017070685));
#3664=CARTESIAN_POINT('',(0.880352460642809,16.5160533604456,3.3683105373609));
#3665=CARTESIAN_POINT('',(0.940774853509178,16.6521678532669,3.34879801025264));
#3666=CARTESIAN_POINT('',(0.973921755598233,16.7658185110947,3.33754395769527));
#3667=CARTESIAN_POINT('',(0.990438305349499,16.8547274663947,3.33179654766718));
#3668=CARTESIAN_POINT('',(0.998368648040017,16.929992932861,3.3290057918557));
#3669=CARTESIAN_POINT('',(1.00000243829193,16.9767969084628,3.32842391270077));
#3670=CARTESIAN_POINT('',(0.999999999999991,17.,3.32842712474622));
#3671=CARTESIAN_POINT('',(9.,14.0000000000001,-40.880831519647));
#3672=CARTESIAN_POINT('',(9.,14.1183931034965,-40.7790727873394));
#3673=CARTESIAN_POINT('',(8.97735497080343,14.3392914725789,-40.5878794429816));
#3674=CARTESIAN_POINT('',(8.88601568437807,14.6438371593667,-40.3219707242305));
#3675=CARTESIAN_POINT('',(8.75480940800286,14.9141624076214,-40.0849331702559));
#3676=CARTESIAN_POINT('',(8.58435056226847,15.1651653418597,-39.864673941568));
#3677=CARTESIAN_POINT('',(8.37056060553297,15.4017111309207,-39.6578325330012));
#3678=CARTESIAN_POINT('',(8.11734533033886,15.6182660693864,-39.4702601440493));
#3679=CARTESIAN_POINT('',(7.83141394660061,15.8098016583021,-39.3073054333195));
#3680=CARTESIAN_POINT('',(7.51539403192312,15.9751439149565,-39.1709944107083));
#3681=CARTESIAN_POINT('',(7.17714715091383,16.1107918683244,-39.0652446482549));
#3682=CARTESIAN_POINT('',(6.81305887879352,16.2185927624474,-38.9897053419869));
#3683=CARTESIAN_POINT('',(6.4198708489841,16.2969233558599,-38.9475507896138));
#3684=CARTESIAN_POINT('',(6.14294976269443,16.3254300160467,-38.946490983119));
#3685=CARTESIAN_POINT('',(6.00000000000001,16.3333333333333,-38.9535599249993));
#3686=CARTESIAN_POINT('',(1.,17.,-22.5557280900008));
#3687=CARTESIAN_POINT('',(0.999999242040681,17.0000001671748,-22.5775964566813));
#3688=CARTESIAN_POINT('',(1.00000061313243,16.999386458796,-22.6150043636997));
#3689=CARTESIAN_POINT('',(0.999996771041504,16.9971009713489,-22.6663760908745));
#3690=CARTESIAN_POINT('',(0.99998520571257,16.994269277692,-22.7088191593581));
#3691=CARTESIAN_POINT('',(0.999960000386593,16.9907976559348,-22.748684442231));
#3692=CARTESIAN_POINT('',(0.99991333768407,16.9865634552684,-22.7883393869381));
#3693=CARTESIAN_POINT('',(0.999831160978561,16.9813196550845,-22.8295584852616));
#3694=CARTESIAN_POINT('',(0.99969314171428,16.974897629332,-22.8726523554891));
#3695=CARTESIAN_POINT('',(0.999476898775094,16.9673196091364,-22.9167431010814));
#3696=CARTESIAN_POINT('',(0.999103846845305,16.9571535882777,-22.9688264339862));
#3697=CARTESIAN_POINT('',(0.998382602952386,16.9421140597831,-23.0356784779675));
#3698=CARTESIAN_POINT('',(0.996817482246963,16.9186044196181,-23.1235606578016));
#3699=CARTESIAN_POINT('',(0.993878787392604,16.8876402587327,-23.2194460494666));
#3700=CARTESIAN_POINT('',(0.989453152150698,16.8538892657603,-23.3077610234438));
#3701=CARTESIAN_POINT('',(0.984647760395679,16.8248123106539,-23.3750620550885));
#3702=CARTESIAN_POINT('',(0.979868461367251,16.7999181814739,-23.4281862189746));
#3703=CARTESIAN_POINT('',(0.974007006160699,16.7727557915721,-23.4824604272473));
#3704=CARTESIAN_POINT('',(0.964722357684817,16.7353884493193,-23.5512961414102));
#3705=CARTESIAN_POINT('',(0.950516244233561,16.6876420577177,-23.63050218691));
#3706=CARTESIAN_POINT('',(0.932631875072366,16.6379317794024,-23.7044165732369));
#3707=CARTESIAN_POINT('',(0.915325590607043,16.5966949294877,-23.7605679318437));
#3708=CARTESIAN_POINT('',(0.902071834010572,16.568180388298,-23.7971908804411));
#3709=CARTESIAN_POINT('',(0.892032963004825,16.5478971382775,-23.8223188428979));
#3710=CARTESIAN_POINT('',(0.883235102291976,16.5309378782985,-23.8427641783157));
#3711=CARTESIAN_POINT('',(0.873960737865189,16.5138720267207,-23.8627935110081));
#3712=CARTESIAN_POINT('',(0.864167115367592,16.4966625671254,-23.882463764028));
#3713=CARTESIAN_POINT('',(0.853804539812991,16.4792719968774,-23.9018259518033));
#3714=CARTESIAN_POINT('',(0.842801791439195,16.4616386686193,-23.9209525348805));
#3715=CARTESIAN_POINT('',(0.831116821847712,16.4437613268305,-23.939844849099));
#3716=CARTESIAN_POINT('',(0.818691303287857,16.425621996724,-23.9585208569721));
#3717=CARTESIAN_POINT('',(0.80554190894304,16.4073146007116,-23.9768856942536));
#3718=CARTESIAN_POINT('',(0.791648225630555,16.3888744294321,-23.9949109769086));
#3719=CARTESIAN_POINT('',(0.777026156074524,16.3703812509026,-24.0125296728802));
#3720=CARTESIAN_POINT('',(0.761633582806167,16.3518396102149,-24.0297499954996));
#3721=CARTESIAN_POINT('',(0.750873810826008,16.3395025150896,-24.0409222786033));
#3722=CARTESIAN_POINT('',(0.745355992500072,16.3333333333334,-24.0464400750006));
#3723=CARTESIAN_POINT('',(-0.999999999999999,17.,-22.5557280900008));
#3724=CARTESIAN_POINT('',(-0.999999242040678,17.0000001671748,-22.5775964566813));
#3725=CARTESIAN_POINT('',(-1.00000061313242,16.999386458796,-22.6150043636998));
#3726=CARTESIAN_POINT('',(-0.999996771041504,16.9971009713489,-22.6663760908747));
#3727=CARTESIAN_POINT('',(-0.999985205712568,16.9942692776919,-22.7088191593584));
#3728=CARTESIAN_POINT('',(-0.999960000386592,16.9907976559348,-22.7486844422314));
#3729=CARTESIAN_POINT('',(-0.999913337684068,16.9865634552684,-22.7883393869386));
#3730=CARTESIAN_POINT('',(-0.999831160978558,16.9813196550844,-22.8295584852621));
#3731=CARTESIAN_POINT('',(-0.999693141714275,16.9748976293319,-22.8726523554897));
#3732=CARTESIAN_POINT('',(-0.999476898775089,16.9673196091363,-22.916743101082));
#3733=CARTESIAN_POINT('',(-0.999103846845298,16.9571535882775,-22.9688264339869));
#3734=CARTESIAN_POINT('',(-0.998382602952374,16.9421140597829,-23.0356784779682));
#3735=CARTESIAN_POINT('',(-0.996817482246943,16.9186044196179,-23.1235606578023));
#3736=CARTESIAN_POINT('',(-0.993878787392573,16.8876402587325,-23.2194460494673));
#3737=CARTESIAN_POINT('',(-0.989453152150656,16.8538892657601,-23.3077610234444));
#3738=CARTESIAN_POINT('',(-0.984647760395627,16.8248123106536,-23.3750620550891));
#3739=CARTESIAN_POINT('',(-0.979868461367192,16.7999181814737,-23.4281862189752));
#3740=CARTESIAN_POINT('',(-0.974007006160637,16.7727557915718,-23.4824604272478));
#3741=CARTESIAN_POINT('',(-0.964722357684753,16.7353884493191,-23.5512961414106));
#3742=CARTESIAN_POINT('',(-0.950516244233509,16.6876420577175,-23.6305021869103));
#3743=CARTESIAN_POINT('',(-0.93263187507232,16.6379317794023,-23.704416573237));
#3744=CARTESIAN_POINT('',(-0.915325590607021,16.5966949294877,-23.7605679318438));
#3745=CARTESIAN_POINT('',(-0.902071834010552,16.5681803882979,-23.7971908804411));
#3746=CARTESIAN_POINT('',(-0.892032963004809,16.5478971382775,-23.8223188428979));
#3747=CARTESIAN_POINT('',(-0.883235102291962,16.5309378782984,-23.8427641783157));
#3748=CARTESIAN_POINT('',(-0.873960737865179,16.5138720267207,-23.8627935110082));
#3749=CARTESIAN_POINT('',(-0.864167115367569,16.4966625671254,-23.882463764028));
#3750=CARTESIAN_POINT('',(-0.853804539812971,16.4792719968774,-23.9018259518033));
#3751=CARTESIAN_POINT('',(-0.842801791439166,16.4616386686193,-23.9209525348805));
#3752=CARTESIAN_POINT('',(-0.831116821847682,16.4437613268304,-23.939844849099));
#3753=CARTESIAN_POINT('',(-0.818691303287813,16.4256219967239,-23.9585208569722));
#3754=CARTESIAN_POINT('',(-0.805541908942994,16.4073146007115,-23.9768856942537));
#3755=CARTESIAN_POINT('',(-0.791648225630507,16.388874429432,-23.9949109769087));
#3756=CARTESIAN_POINT('',(-0.777026156074465,16.3703812509026,-24.0125296728803));
#3757=CARTESIAN_POINT('',(-0.761633582806108,16.3518396102148,-24.0297499954996));
#3758=CARTESIAN_POINT('',(-0.750873810825916,16.3395025150895,-24.0409222786033));
#3759=CARTESIAN_POINT('',(-0.745355992499949,16.3333333333333,-24.0464400750007));
#3760=CARTESIAN_POINT('',(5.20474889637625E-16,15.9999999999999,-2.5));
#3761=CARTESIAN_POINT('',(-0.999999999999992,17.,-2.3284271247462));
#3762=CARTESIAN_POINT('',(-1.00000072257457,16.9801289274955,-2.32842570547804));
#3763=CARTESIAN_POINT('',(-0.998814180719901,16.9404046532058,-2.32884733259311));
#3764=CARTESIAN_POINT('',(-0.993499154343477,16.8810817094691,-2.33072015665656));
#3765=CARTESIAN_POINT('',(-0.984664775641071,16.8221869733262,-2.33380955793589));
#3766=CARTESIAN_POINT('',(-0.972345769234338,16.7639396879998,-2.33806562820832));
#3767=CARTESIAN_POINT('',(-0.954840411834936,16.7001732785647,-2.34401659655831));
#3768=CARTESIAN_POINT('',(-0.92859434765828,16.6253362162242,-2.35273595320847));
#3769=CARTESIAN_POINT('',(-0.89042407309969,16.5413170992899,-2.36494136477099));
#3770=CARTESIAN_POINT('',(-0.844397754105229,16.4618560753869,-2.37885983594359));
#3771=CARTESIAN_POINT('',(-0.795845163548419,16.3928535590768,-2.39264962095809));
#3772=CARTESIAN_POINT('',(-0.74069390381762,16.3260991329579,-2.40734751213161));
#3773=CARTESIAN_POINT('',(-0.666975465660792,16.2517613812252,-2.42538007692519));
#3774=CARTESIAN_POINT('',(-0.568227531717506,16.1733569868588,-2.44643627837609));
#3775=CARTESIAN_POINT('',(-0.457975878089912,16.1080585446079,-2.46557273965694));
#3776=CARTESIAN_POINT('',(-0.356006960140949,16.0638557321307,-2.47926877883936));
#3777=CARTESIAN_POINT('',(-0.278017378342801,16.0386227363968,-2.48733166933205));
#3778=CARTESIAN_POINT('',(-0.216960638144302,16.0233286898359,-2.49229791620314));
#3779=CARTESIAN_POINT('',(-0.163994626352516,16.0130422257358,-2.4956739442862));
#3780=CARTESIAN_POINT('',(-0.11003609310837,16.0055692725807,-2.4981465239354));
#3781=CARTESIAN_POINT('',(-0.0552466572704966,16.0010197940218,-2.49965953716921));
#3782=CARTESIAN_POINT('',(-0.0184601411303033,15.9999993595595,-2.50000086424118));
#3783=CARTESIAN_POINT('',(-6.48503488618562E-12,16.,-2.5));
#3784=CARTESIAN_POINT('',(0.999999999999993,17.,-2.32842712475385));
#3785=CARTESIAN_POINT('',(1.00000072257462,16.9801289275949,-2.32842570548097));
#3786=CARTESIAN_POINT('',(0.998814180725483,16.9404046532881,-2.32884733258976));
#3787=CARTESIAN_POINT('',(0.99349915434907,16.8810817094722,-2.33072015665501));
#3788=CARTESIAN_POINT('',(0.984664775610939,16.8221869731483,-2.3338095579463));
#3789=CARTESIAN_POINT('',(0.972345769171733,16.7639396877376,-2.33806562822984));
#3790=CARTESIAN_POINT('',(0.954840411743993,16.7001732782722,-2.34401659658894));
#3791=CARTESIAN_POINT('',(0.92859434753984,16.6253362159325,-2.35273595324711));
#3792=CARTESIAN_POINT('',(0.890424072973964,16.5413170990513,-2.36494136481001));
#3793=CARTESIAN_POINT('',(0.844397754004573,16.4618560752345,-2.37885983597285));
#3794=CARTESIAN_POINT('',(0.795845163491734,16.3928535590062,-2.39264962097341));
#3795=CARTESIAN_POINT('',(0.740693903805872,16.3260991329477,-2.40734751213431));
#3796=CARTESIAN_POINT('',(0.666975465685067,16.2517613812488,-2.42538007691935));
#3797=CARTESIAN_POINT('',(0.56822753176429,16.1733569868915,-2.44643627836689));
#3798=CARTESIAN_POINT('',(0.457975878145521,16.1080585446362,-2.46557273964836));
#3799=CARTESIAN_POINT('',(0.356006960194146,16.0638557321507,-2.47926877883306));
#3800=CARTESIAN_POINT('',(0.278017378390435,16.0386227364104,-2.48733166932766));
#3801=CARTESIAN_POINT('',(0.216960638184691,16.0233286898447,-2.49229791620027));
#3802=CARTESIAN_POINT('',(0.163994626384365,16.0130422257409,-2.4956739442845));
#3803=CARTESIAN_POINT('',(0.110036093130543,16.005569272583,-2.49814652393466));
#3804=CARTESIAN_POINT('',(0.0552466572818936,16.0010197940223,-2.49965953716908));
#3805=CARTESIAN_POINT('',(0.018460141134182,15.9999993595595,-2.50000086424119));
#3806=CARTESIAN_POINT('',(6.48629014915475E-12,16.,-2.5));
#3807=CARTESIAN_POINT('',(5.20474889637625E-16,11.,-2.5));
#3808=AXIS2_PLACEMENT_3D('',#3809,#3810,#3811);
#3809=CARTESIAN_POINT('',(-3.06161699786838E-17,11.,0.5));
#3810=DIRECTION('',(0.,1.,0.));
#3811=DIRECTION('',(6.12323399573677E-17,0.,-1.));
#3812=AXIS2_PLACEMENT_3D('',#3813,#3814,#3815);
#3813=CARTESIAN_POINT('',(6.,15.,-40.4442719099992));
#3814=DIRECTION('',(1.,-7.39557098644699E-32,-3.5527136788005E-16));
#3815=DIRECTION('',(1.35585468084861E-30,1.,3.5527136788005E-15));
#3816=CARTESIAN_POINT('',(1.,17.,-40.4442719099991));
#3817=CARTESIAN_POINT('',(0.99999924204068,17.0000001671748,-40.4224035433187));
#3818=CARTESIAN_POINT('',(1.00000061313243,16.999386458796,-40.3849956363003));
#3819=CARTESIAN_POINT('',(0.999996771041505,16.9971009713489,-40.3336239091253));
#3820=CARTESIAN_POINT('',(0.999985205712569,16.9942692776919,-40.2911808406416));
#3821=CARTESIAN_POINT('',(0.999960000386593,16.9907976559347,-40.2513155577685));
#3822=CARTESIAN_POINT('',(0.999913337684069,16.9865634552683,-40.2116606130612));
#3823=CARTESIAN_POINT('',(0.999831160978558,16.9813196550844,-40.1704415147376));
#3824=CARTESIAN_POINT('',(0.999693141714276,16.9748976293318,-40.12734764451));
#3825=CARTESIAN_POINT('',(0.999476898775089,16.9673196091362,-40.0832568989176));
#3826=CARTESIAN_POINT('',(0.999103846845295,16.9571535882774,-40.0311735660127));
#3827=CARTESIAN_POINT('',(0.998382602952371,16.9421140597828,-39.9643215220314));
#3828=CARTESIAN_POINT('',(0.996817482246935,16.9186044196177,-39.8764393421972));
#3829=CARTESIAN_POINT('',(0.993878787392558,16.8876402587323,-39.7805539505322));
#3830=CARTESIAN_POINT('',(0.989453152150635,16.8538892657599,-39.6922389765552));
#3831=CARTESIAN_POINT('',(0.984647760395595,16.8248123106534,-39.6249379449105));
#3832=CARTESIAN_POINT('',(0.979868461367159,16.7999181814735,-39.5718137810245));
#3833=CARTESIAN_POINT('',(0.974007006160602,16.7727557915717,-39.5175395727519));
#3834=CARTESIAN_POINT('',(0.964722357684717,16.7353884493189,-39.4487038585892));
#3835=CARTESIAN_POINT('',(0.950516244233475,16.6876420577174,-39.3694978130896));
#3836=CARTESIAN_POINT('',(0.932631875072306,16.6379317794022,-39.2955834267629));
#3837=CARTESIAN_POINT('',(0.915325590607009,16.5966949294877,-39.2394320681562));
#3838=CARTESIAN_POINT('',(0.902071834010556,16.5681803882979,-39.2028091195589));
#3839=CARTESIAN_POINT('',(0.892032963004812,16.5478971382775,-39.1776811571021));
#3840=CARTESIAN_POINT('',(0.883235102291971,16.5309378782985,-39.1572358216844));
#3841=CARTESIAN_POINT('',(0.873960737865192,16.5138720267207,-39.1372064889919));
#3842=CARTESIAN_POINT('',(0.864167115367584,16.4966625671254,-39.117536235972));
#3843=CARTESIAN_POINT('',(0.853804539812993,16.4792719968774,-39.0981740481967));
#3844=CARTESIAN_POINT('',(0.842801791439186,16.4616386686193,-39.0790474651195));
#3845=CARTESIAN_POINT('',(0.831116821847713,16.4437613268305,-39.060155150901));
#3846=CARTESIAN_POINT('',(0.818691303287845,16.4256219967239,-39.0414791430279));
#3847=CARTESIAN_POINT('',(0.805541908943031,16.4073146007115,-39.0231143057463));
#3848=CARTESIAN_POINT('',(0.791648225630554,16.3888744294321,-39.0050890230914));
#3849=CARTESIAN_POINT('',(0.777026156074509,16.3703812509026,-38.9874703271198));
#3850=CARTESIAN_POINT('',(0.761633582806163,16.3518396102149,-38.9702500045005));
#3851=CARTESIAN_POINT('',(0.750873810826007,16.3395025150896,-38.9590777213967));
#3852=CARTESIAN_POINT('',(0.74535599250007,16.3333333333334,-38.9535599249994));
#3853=CARTESIAN_POINT('',(-0.999999999999999,17.,-40.4442719099991));
#3854=CARTESIAN_POINT('',(-0.999999242040678,17.0000001671748,-40.4224035433187));
#3855=CARTESIAN_POINT('',(-1.00000061313242,16.999386458796,-40.3849956363002));
#3856=CARTESIAN_POINT('',(-0.999996771041504,16.9971009713489,-40.3336239091253));
#3857=CARTESIAN_POINT('',(-0.999985205712568,16.994269277692,-40.2911808406416));
#3858=CARTESIAN_POINT('',(-0.999960000386592,16.9907976559347,-40.2513155577685));
#3859=CARTESIAN_POINT('',(-0.999913337684067,16.9865634552684,-40.2116606130613));
#3860=CARTESIAN_POINT('',(-0.999831160978558,16.9813196550844,-40.1704415147377));
#3861=CARTESIAN_POINT('',(-0.999693141714275,16.9748976293318,-40.1273476445102));
#3862=CARTESIAN_POINT('',(-0.999476898775088,16.9673196091362,-40.0832568989177));
#3863=CARTESIAN_POINT('',(-0.999103846845294,16.9571535882775,-40.0311735660129));
#3864=CARTESIAN_POINT('',(-0.998382602952373,16.9421140597828,-39.9643215220315));
#3865=CARTESIAN_POINT('',(-0.996817482246937,16.9186044196178,-39.8764393421974));
#3866=CARTESIAN_POINT('',(-0.993878787392561,16.8876402587324,-39.7805539505324));
#3867=CARTESIAN_POINT('',(-0.989453152150642,16.8538892657599,-39.6922389765553));
#3868=CARTESIAN_POINT('',(-0.984647760395607,16.8248123106535,-39.6249379449107));
#3869=CARTESIAN_POINT('',(-0.979868461367169,16.7999181814735,-39.5718137810246));
#3870=CARTESIAN_POINT('',(-0.974007006160615,16.7727557915718,-39.517539572752));
#3871=CARTESIAN_POINT('',(-0.964722357684728,16.735388449319,-39.4487038585893));
#3872=CARTESIAN_POINT('',(-0.950516244233487,16.6876420577174,-39.3694978130896));
#3873=CARTESIAN_POINT('',(-0.932631875072303,16.6379317794022,-39.2955834267629));
#3874=CARTESIAN_POINT('',(-0.915325590607009,16.5966949294877,-39.2394320681562));
#3875=CARTESIAN_POINT('',(-0.90207183401054,16.5681803882979,-39.2028091195588));
#3876=CARTESIAN_POINT('',(-0.892032963004802,16.5478971382775,-39.1776811571021));
#3877=CARTESIAN_POINT('',(-0.883235102291952,16.5309378782984,-39.1572358216843));
#3878=CARTESIAN_POINT('',(-0.873960737865177,16.5138720267207,-39.1372064889919));
#3879=CARTESIAN_POINT('',(-0.864167115367565,16.4966625671254,-39.117536235972));
#3880=CARTESIAN_POINT('',(-0.853804539812965,16.4792719968774,-39.0981740481967));
#3881=CARTESIAN_POINT('',(-0.842801791439161,16.4616386686193,-39.0790474651195));
#3882=CARTESIAN_POINT('',(-0.831116821847673,16.4437613268304,-39.060155150901));
#3883=CARTESIAN_POINT('',(-0.818691303287807,16.4256219967239,-39.0414791430278));
#3884=CARTESIAN_POINT('',(-0.805541908942986,16.4073146007115,-39.0231143057463));
#3885=CARTESIAN_POINT('',(-0.791648225630501,16.388874429432,-39.0050890230913));
#3886=CARTESIAN_POINT('',(-0.777026156074461,16.3703812509026,-38.9874703271197));
#3887=CARTESIAN_POINT('',(-0.761633582806107,16.3518396102148,-38.9702500045004));
#3888=CARTESIAN_POINT('',(-0.750873810825912,16.3395025150895,-38.9590777213967));
#3889=CARTESIAN_POINT('',(-0.745355992499942,16.3333333333333,-38.9535599249993));
#3890=CARTESIAN_POINT('',(2.72483912810286E-16,11.,-1.15));
#3891=AXIS2_PLACEMENT_3D('',#3892,#3893,#3894);
#3892=CARTESIAN_POINT('',(-3.06161699786838E-17,11.,0.5));
#3893=DIRECTION('',(0.,1.,0.));
#3894=DIRECTION('',(6.12323399573677E-17,0.,-1.));
ENDSEC;
END-ISO-10303-21;
