ISO-10303-21;
HEADER;
FILE_DESCRIPTION(('STEP AP242'),
    '1');
FILE_NAME('NeedleBase',
    '',
    ('UNSPECIFIED'),
    ('UNSPECIFIED'),
    'C3D Converter',
    'C3D Toolkit',
    '');
FILE_SCHEMA(('AP242_MANAGED_MODEL_BASED_3D_ENGINEERING_MIM_LF { 1 0 10303 442 1 1 4 }'));
ENDSEC;

DATA;
#1=PRODUCT_DEFINITION('','UNSPECIFIED',#28,#31);
#2=SHAPE_DEFINITION_REPRESENTATION(#26,#3);
#3=SHAPE_REPRESENTATION('NONE',(#4),#8);
#4=AXIS2_PLACEMENT_3D('',#5,#6,#7);
#5=CARTESIAN_POINT('',(0.,0.,0.));
#6=DIRECTION('',(0.,0.,1.));
#7=DIRECTION('',(1.,0.,0.));
#8=(GEOMETRIC_REPRESENTATION_CONTEXT(3)GLOBAL_UNCERTAINTY_ASSIGNED_CONTEXT((#10))
GLOBAL_UNIT_ASSIGNED_CONTEXT((#9,#11,#12))REPRESENTATION_CONTEXT('NONE','NONE'));
#9=(LENGTH_UNIT()NAMED_UNIT(*)SI_UNIT(.MILLI.,.METRE.));
#10=UNCERTAINTY_MEASURE_WITH_UNIT(LENGTH_MEASURE(1.E-5),#9,'NONE','NONE');
#11=(NAMED_UNIT(*)PLANE_ANGLE_UNIT()SI_UNIT($,.RADIAN.));
#12=(NAMED_UNIT(*)SI_UNIT($,.STERADIAN.)SOLID_ANGLE_UNIT());
#13=MANIFOLD_SOLID_BREP('',#14);
#14=CLOSED_SHELL('',(#53,#54,#55,#56,#57,#58,#59,#60,#61,#62,#63,#64,#65,#66,#67,
#68,#69,#70,#71,#72,#73,#74,#75,#76,#77,#78,#79,#80,#81,#82,#83,#84,#85,#86,#87,
#88,#89,#90,#91,#92,#93,#94,#95,#96,#97,#98,#99,#100,#101,#102,#103,#104,#105,#106,
#107,#108,#109,#110,#111,#112,#113,#114));
#15=COLOUR_RGB('',0.564705882352941,0.564705882352941,0.564705882352941);
#16=FILL_AREA_STYLE_COLOUR('',#15);
#17=FILL_AREA_STYLE($,(#16));
#18=SURFACE_STYLE_FILL_AREA(#17);
#19=SURFACE_SIDE_STYLE('',(#18));
#20=SURFACE_STYLE_USAGE(.BOTH.,#19);
#21=PRESENTATION_STYLE_ASSIGNMENT((#20));
#22=MECHANICAL_DESIGN_GEOMETRIC_PRESENTATION_REPRESENTATION('NONE',(#23),#8);
#23=STYLED_ITEM('',(#21),#13);
#24=ADVANCED_BREP_SHAPE_REPRESENTATION('NONE',(#13),#8);
#25=SHAPE_REPRESENTATION_RELATIONSHIP('','',#3,#24);
#26=PRODUCT_DEFINITION_SHAPE('NONE','NONE',#1);
#27=MECHANICAL_CONTEXT('NONE',#32,'mechanical');
#28=PRODUCT_DEFINITION_FORMATION_WITH_SPECIFIED_SOURCE('ANY','UNSPECIFIED',#29,.NOT_KNOWN.);
#29=PRODUCT('','\X2\0414043504420430043B044C\X0\','NONE',(#27));
#30=PRODUCT_RELATED_PRODUCT_CATEGORY('detail','',(#29));
#31=DESIGN_CONTEXT('detailed design',#32,'design');
#32=APPLICATION_CONTEXT('configuration controlled 3d designs of mechanical parts and assemblies');
#33=APPLICATION_PROTOCOL_DEFINITION('international standard','config_control_design',
1994,#32);
#34=CC_DESIGN_DATE_AND_TIME_ASSIGNMENT(#35,#39,(#1));
#35=DATE_AND_TIME(#36,#37);
#36=CALENDAR_DATE(0,1,1);
#37=LOCAL_TIME(0,0,0.,#38);
#38=COORDINATED_UNIVERSAL_TIME_OFFSET(0,0,.AHEAD.);
#39=DATE_TIME_ROLE('creation_date');
#40=CC_DESIGN_APPROVAL(#41,(#1));
#41=APPROVAL(#42,'UNSPECIFIED');
#42=APPROVAL_STATUS('not_yet_approved');
#43=APPROVAL_DATE_TIME(#44,#41);
#44=DATE_AND_TIME(#45,#46);
#45=CALENDAR_DATE(0,1,1);
#46=LOCAL_TIME(0,0,0.,#47);
#47=COORDINATED_UNIVERSAL_TIME_OFFSET(0,0,.AHEAD.);
#48=PERSON('UNSPECIFIED','ledibonibell','UNSPECIFIED',('UNSPECIFIED'),('UNSPECIFIED'),
('UNSPECIFIED'));
#49=ORGANIZATION('UNSPECIFIED','UNSPECIFIED','UNSPECIFIED');
#50=PERSON_AND_ORGANIZATION(#48,#49);
#51=PERSON_AND_ORGANIZATION_ROLE('creator');
#52=CC_DESIGN_PERSON_AND_ORGANIZATION_ASSIGNMENT(#50,#51,(#28,#1));
#53=ADVANCED_FACE('',(#115),#117,.F.);
#54=ADVANCED_FACE('',(#122),#124,.F.);
#55=ADVANCED_FACE('',(#129,#131),#133,.T.);
#56=ADVANCED_FACE('',(#138),#140,.T.);
#57=ADVANCED_FACE('',(#145),#147,.T.);
#58=ADVANCED_FACE('',(#152),#154,.T.);
#59=ADVANCED_FACE('',(#159),#161,.T.);
#60=ADVANCED_FACE('',(#166),#168,.T.);
#61=ADVANCED_FACE('',(#173),#175,.T.);
#62=ADVANCED_FACE('',(#180,#182),#184,.F.);
#63=ADVANCED_FACE('',(#189,#191),#193,.F.);
#64=ADVANCED_FACE('',(#198),#200,.F.);
#65=ADVANCED_FACE('',(#205),#207,.F.);
#66=ADVANCED_FACE('',(#212,#214),#216,.F.);
#67=ADVANCED_FACE('',(#221),#223,.F.);
#68=ADVANCED_FACE('',(#228),#230,.F.);
#69=ADVANCED_FACE('',(#235),#237,.F.);
#70=ADVANCED_FACE('',(#242),#244,.T.);
#71=ADVANCED_FACE('',(#249),#251,.F.);
#72=ADVANCED_FACE('',(#256),#258,.T.);
#73=ADVANCED_FACE('',(#263),#265,.F.);
#74=ADVANCED_FACE('',(#270),#272,.F.);
#75=ADVANCED_FACE('',(#277),#279,.F.);
#76=ADVANCED_FACE('',(#284),#286,.T.);
#77=ADVANCED_FACE('',(#291),#293,.T.);
#78=ADVANCED_FACE('',(#298),#300,.T.);
#79=ADVANCED_FACE('',(#305),#307,.T.);
#80=ADVANCED_FACE('',(#312),#314,.T.);
#81=ADVANCED_FACE('',(#319,#321),#323,.T.);
#82=ADVANCED_FACE('',(#328),#330,.T.);
#83=ADVANCED_FACE('',(#335),#337,.T.);
#84=ADVANCED_FACE('',(#342),#344,.F.);
#85=ADVANCED_FACE('',(#349,#351),#353,.T.);
#86=ADVANCED_FACE('',(#358,#360),#362,.T.);
#87=ADVANCED_FACE('',(#367,#369),#371,.T.);
#88=ADVANCED_FACE('',(#376),#378,.F.);
#89=ADVANCED_FACE('',(#383),#385,.T.);
#90=ADVANCED_FACE('',(#390),#392,.F.);
#91=ADVANCED_FACE('',(#397),#399,.T.);
#92=ADVANCED_FACE('',(#404),#406,.T.);
#93=ADVANCED_FACE('',(#411,#413,#415),#417,.T.);
#94=ADVANCED_FACE('',(#422),#424,.T.);
#95=ADVANCED_FACE('',(#429),#431,.T.);
#96=ADVANCED_FACE('',(#436),#438,.F.);
#97=ADVANCED_FACE('',(#443),#445,.F.);
#98=ADVANCED_FACE('',(#450),#452,.F.);
#99=ADVANCED_FACE('',(#457),#459,.T.);
#100=ADVANCED_FACE('',(#464,#466),#468,.T.);
#101=ADVANCED_FACE('',(#473),#475,.T.);
#102=ADVANCED_FACE('',(#480,#482),#484,.F.);
#103=ADVANCED_FACE('',(#489),#491,.F.);
#104=ADVANCED_FACE('',(#496),#498,.T.);
#105=ADVANCED_FACE('',(#503),#505,.F.);
#106=ADVANCED_FACE('',(#510),#512,.F.);
#107=ADVANCED_FACE('',(#517,#519),#521,.F.);
#108=ADVANCED_FACE('',(#526,#528),#530,.F.);
#109=ADVANCED_FACE('',(#535,#537),#539,.F.);
#110=ADVANCED_FACE('',(#544,#546),#548,.T.);
#111=ADVANCED_FACE('',(#553),#555,.F.);
#112=ADVANCED_FACE('',(#560),#562,.F.);
#113=ADVANCED_FACE('',(#567),#569,.F.);
#114=ADVANCED_FACE('',(#574),#576,.F.);
#115=FACE_BOUND('',#116,.T.);
#116=EDGE_LOOP('',(#581,#582,#583,#584,#585,#586));
#117=CYLINDRICAL_SURFACE('',#118,1.);
#118=AXIS2_PLACEMENT_3D('',#119,#120,#121);
#119=CARTESIAN_POINT('',(9.18485099360515E-16,17.,-86.));
#120=DIRECTION('',(0.,0.,1.));
#121=DIRECTION('',(1.,0.,0.));
#122=FACE_BOUND('',#123,.T.);
#123=EDGE_LOOP('',(#587,#588,#589,#590,#591));
#124=CYLINDRICAL_SURFACE('',#125,1.);
#125=AXIS2_PLACEMENT_3D('',#126,#127,#128);
#126=CARTESIAN_POINT('',(9.18485099360515E-16,17.,-86.));
#127=DIRECTION('',(0.,0.,1.));
#128=DIRECTION('',(1.,0.,0.));
#129=FACE_BOUND('',#130,.T.);
#130=EDGE_LOOP('',(#592,#593,#594,#595,#596,#597));
#131=FACE_BOUND('',#132,.T.);
#132=EDGE_LOOP('',(#598));
#133=PLANE('',#134);
#134=AXIS2_PLACEMENT_3D('',#135,#136,#137);
#135=CARTESIAN_POINT('',(9.,17.,-86.));
#136=DIRECTION('',(0.,1.,0.));
#137=DIRECTION('',(-1.,0.,0.));
#138=FACE_BOUND('',#139,.T.);
#139=EDGE_LOOP('',(#599,#600,#601,#602,#603,#604,#605,#606));
#140=PLANE('',#141);
#141=AXIS2_PLACEMENT_3D('',#142,#143,#144);
#142=CARTESIAN_POINT('',(9.,17.,-86.));
#143=DIRECTION('',(0.,1.,0.));
#144=DIRECTION('',(-1.,0.,0.));
#145=FACE_BOUND('',#146,.T.);
#146=EDGE_LOOP('',(#607,#608,#609,#610,#611,#612));
#147=PLANE('',#148);
#148=AXIS2_PLACEMENT_3D('',#149,#150,#151);
#149=CARTESIAN_POINT('',(9.,17.,-86.));
#150=DIRECTION('',(0.,1.,0.));
#151=DIRECTION('',(-1.,0.,0.));
#152=FACE_BOUND('',#153,.T.);
#153=EDGE_LOOP('',(#613,#614,#615,#616,#617,#618,#619,#620,#621));
#154=PLANE('',#155);
#155=AXIS2_PLACEMENT_3D('',#156,#157,#158);
#156=CARTESIAN_POINT('',(9.,17.,-86.));
#157=DIRECTION('',(0.,1.,0.));
#158=DIRECTION('',(-1.,0.,0.));
#159=FACE_BOUND('',#160,.T.);
#160=EDGE_LOOP('',(#622,#623,#624,#625,#626,#627,#628,#629,#630,#631,#632,#633,#634));
#161=CYLINDRICAL_SURFACE('',#162,3.);
#162=AXIS2_PLACEMENT_3D('',#163,#164,#165);
#163=CARTESIAN_POINT('',(6.,14.,96.));
#164=DIRECTION('',(0.,0.,-1.));
#165=DIRECTION('',(0.,1.,0.));
#166=FACE_BOUND('',#167,.T.);
#167=EDGE_LOOP('',(#635,#636,#637,#638,#639,#640,#641,#642,#643,#644,#645,#646,#647));
#168=CYLINDRICAL_SURFACE('',#169,3.);
#169=AXIS2_PLACEMENT_3D('',#170,#171,#172);
#170=CARTESIAN_POINT('',(-6.,14.,-98.));
#171=DIRECTION('',(0.,0.,1.));
#172=DIRECTION('',(0.,1.,0.));
#173=FACE_BOUND('',#174,.T.);
#174=EDGE_LOOP('',(#648,#649,#650,#651,#652,#653));
#175=PLANE('',#176);
#176=AXIS2_PLACEMENT_3D('',#177,#178,#179);
#177=CARTESIAN_POINT('',(0.,16.,0.));
#178=DIRECTION('',(0.,1.,0.));
#179=DIRECTION('',(6.12323399573677E-17,0.,-1.));
#180=FACE_BOUND('',#181,.T.);
#181=EDGE_LOOP('',(#654,#655,#656,#657,#658));
#182=FACE_OUTER_BOUND('',#183,.T.);
#183=EDGE_LOOP('',(#659));
#184=CYLINDRICAL_SURFACE('',#185,3.);
#185=AXIS2_PLACEMENT_3D('',#186,#187,#188);
#186=CARTESIAN_POINT('',(-3.67394039744206E-16,11.,6.));
#187=DIRECTION('',(0.,1.,0.));
#188=DIRECTION('',(6.12323399573676E-17,0.,-1.));
#189=FACE_BOUND('',#190,.T.);
#190=EDGE_LOOP('',(#660,#661,#662,#663,#664));
#191=FACE_OUTER_BOUND('',#192,.T.);
#192=EDGE_LOOP('',(#665));
#193=CYLINDRICAL_SURFACE('',#194,3.);
#194=AXIS2_PLACEMENT_3D('',#195,#196,#197);
#195=CARTESIAN_POINT('',(4.22503145705837E-15,11.,-69.));
#196=DIRECTION('',(0.,1.,0.));
#197=DIRECTION('',(6.12323399573676E-17,0.,-1.));
#198=FACE_BOUND('',#199,.T.);
#199=EDGE_LOOP('',(#666,#667,#668,#669,#670,#671,#672,#673));
#200=PLANE('',#201);
#201=AXIS2_PLACEMENT_3D('',#202,#203,#204);
#202=CARTESIAN_POINT('',(-7.05,17.0000000046209,20.75));
#203=DIRECTION('',(0.,0.,-1.));
#204=DIRECTION('',(1.,0.,0.));
#205=FACE_BOUND('',#206,.T.);
#206=EDGE_LOOP('',(#674,#675,#676,#677));
#207=CYLINDRICAL_SURFACE('',#208,1.);
#208=AXIS2_PLACEMENT_3D('',#209,#210,#211);
#209=CARTESIAN_POINT('',(9.18485099360515E-16,17.,-86.));
#210=DIRECTION('',(0.,0.,1.));
#211=DIRECTION('',(1.,0.,0.));
#212=FACE_OUTER_BOUND('',#213,.T.);
#213=EDGE_LOOP('',(#678));
#214=FACE_OUTER_BOUND('',#215,.T.);
#215=EDGE_LOOP('',(#679));
#216=CYLINDRICAL_SURFACE('',#217,1.5);
#217=AXIS2_PLACEMENT_3D('',#218,#219,#220);
#218=CARTESIAN_POINT('',(-3.5,7.,14.75));
#219=DIRECTION('',(0.,1.,0.));
#220=DIRECTION('',(6.12323399573676E-17,0.,-1.));
#221=FACE_BOUND('',#222,.T.);
#222=EDGE_LOOP('',(#680,#681,#682,#683,#684));
#223=CYLINDRICAL_SURFACE('',#224,1.);
#224=AXIS2_PLACEMENT_3D('',#225,#226,#227);
#225=CARTESIAN_POINT('',(9.18485099360515E-16,17.,-86.));
#226=DIRECTION('',(0.,0.,1.));
#227=DIRECTION('',(1.,0.,0.));
#228=FACE_BOUND('',#229,.T.);
#229=EDGE_LOOP('',(#685,#686,#687,#688,#689,#690));
#230=CYLINDRICAL_SURFACE('',#231,2.);
#231=AXIS2_PLACEMENT_3D('',#232,#233,#234);
#232=CARTESIAN_POINT('',(0.,25.,-78.));
#233=DIRECTION('',(0.,1.,0.));
#234=DIRECTION('',(0.,0.,1.));
#235=FACE_BOUND('',#236,.T.);
#236=EDGE_LOOP('',(#691,#692,#693,#694));
#237=PLANE('',#238);
#238=AXIS2_PLACEMENT_3D('',#239,#240,#241);
#239=CARTESIAN_POINT('',(-2.,9.,-76.));
#240=DIRECTION('',(-1.,0.,0.));
#241=DIRECTION('',(0.,1.,0.));
#242=FACE_BOUND('',#243,.T.);
#243=EDGE_LOOP('',(#695,#696,#697,#698));
#244=CYLINDRICAL_SURFACE('',#245,2.);
#245=AXIS2_PLACEMENT_3D('',#246,#247,#248);
#246=CARTESIAN_POINT('',(-14.,15.,-82.));
#247=DIRECTION('',(1.,0.,0.));
#248=DIRECTION('',(0.,1.77635683940025E-15,-1.));
#249=FACE_BOUND('',#250,.T.);
#250=EDGE_LOOP('',(#699,#700,#701,#702,#703,#704,#705,#706,#707,#708,#709));
#251=PLANE('',#252);
#252=AXIS2_PLACEMENT_3D('',#253,#254,#255);
#253=CARTESIAN_POINT('',(0.,0.,-86.));
#254=DIRECTION('',(0.,0.,1.));
#255=DIRECTION('',(1.,0.,0.));
#256=FACE_BOUND('',#257,.T.);
#257=EDGE_LOOP('',(#710,#711,#712,#713));
#258=CYLINDRICAL_SURFACE('',#259,2.);
#259=AXIS2_PLACEMENT_3D('',#260,#261,#262);
#260=CARTESIAN_POINT('',(4.,1.,-84.));
#261=DIRECTION('',(0.,-1.,0.));
#262=DIRECTION('',(-1.,0.,0.));
#263=FACE_BOUND('',#264,.T.);
#264=EDGE_LOOP('',(#714,#715,#716,#717));
#265=PLANE('',#266);
#266=AXIS2_PLACEMENT_3D('',#267,#268,#269);
#267=CARTESIAN_POINT('',(2.,17.,-76.));
#268=DIRECTION('',(1.,0.,0.));
#269=DIRECTION('',(0.,-1.,0.));
#270=FACE_BOUND('',#271,.T.);
#271=EDGE_LOOP('',(#718,#719,#720,#721,#722,#723,#724));
#272=PLANE('',#273);
#273=AXIS2_PLACEMENT_3D('',#274,#275,#276);
#274=CARTESIAN_POINT('',(7.05,17.0000000046209,20.75));
#275=DIRECTION('',(1.,0.,1.36642833800019E-16));
#276=DIRECTION('',(-1.36642833800019E-16,0.,1.));
#277=FACE_BOUND('',#278,.T.);
#278=EDGE_LOOP('',(#725,#726,#727,#728,#729,#730,#731,#732,#733,#734,#735,#736));
#279=PLANE('',#280);
#280=AXIS2_PLACEMENT_3D('',#281,#282,#283);
#281=CARTESIAN_POINT('',(7.05,17.0000000046209,27.25));
#282=DIRECTION('',(0.,0.,1.));
#283=DIRECTION('',(-1.,0.,0.));
#284=FACE_BOUND('',#285,.T.);
#285=EDGE_LOOP('',(#737,#738,#739,#740,#741,#742));
#286=PLANE('',#287);
#287=AXIS2_PLACEMENT_3D('',#288,#289,#290);
#288=CARTESIAN_POINT('',(9.,17.,-86.));
#289=DIRECTION('',(0.,1.,0.));
#290=DIRECTION('',(-1.,0.,0.));
#291=FACE_BOUND('',#292,.T.);
#292=EDGE_LOOP('',(#743,#744,#745,#746,#747,#748,#749,#750,#751,#752,#753,#754));
#293=PLANE('',#294);
#294=AXIS2_PLACEMENT_3D('',#295,#296,#297);
#295=CARTESIAN_POINT('',(0.,0.,86.));
#296=DIRECTION('',(0.,0.,1.));
#297=DIRECTION('',(1.,0.,0.));
#298=FACE_BOUND('',#299,.T.);
#299=EDGE_LOOP('',(#755,#756,#757,#758));
#300=PLANE('',#301);
#301=AXIS2_PLACEMENT_3D('',#302,#303,#304);
#302=CARTESIAN_POINT('',(9.,-12.,84.));
#303=DIRECTION('',(0.707106781186547,0.,0.707106781186547));
#304=DIRECTION('',(0.,1.,0.));
#305=FACE_BOUND('',#306,.T.);
#306=EDGE_LOOP('',(#759,#760,#761,#762));
#307=PLANE('',#308);
#308=AXIS2_PLACEMENT_3D('',#309,#310,#311);
#309=CARTESIAN_POINT('',(9.,-4.,-86.));
#310=DIRECTION('',(1.,0.,0.));
#311=DIRECTION('',(0.,1.,0.));
#312=FACE_BOUND('',#313,.T.);
#313=EDGE_LOOP('',(#763,#764,#765,#766));
#314=DEGENERATE_TOROIDAL_SURFACE('',#315,1.,2.,.T.);
#315=AXIS2_PLACEMENT_3D('',#316,#317,#318);
#316=CARTESIAN_POINT('',(-6.,14.,-82.));
#317=DIRECTION('',(0.,0.,1.));
#318=DIRECTION('',(1.,0.,0.));
#319=FACE_BOUND('',#320,.T.);
#320=EDGE_LOOP('',(#767,#768,#769,#770,#771,#772));
#321=FACE_BOUND('',#322,.T.);
#322=EDGE_LOOP('',(#773,#774,#775,#776));
#323=PLANE('',#324);
#324=AXIS2_PLACEMENT_3D('',#325,#326,#327);
#325=CARTESIAN_POINT('',(-9.,7.,-86.));
#326=DIRECTION('',(-1.,0.,0.));
#327=DIRECTION('',(0.,-1.,0.));
#328=FACE_BOUND('',#329,.T.);
#329=EDGE_LOOP('',(#777,#778,#779,#780));
#330=PLANE('',#331);
#331=AXIS2_PLACEMENT_3D('',#332,#333,#334);
#332=CARTESIAN_POINT('',(-9.,25.,84.));
#333=DIRECTION('',(-0.707106781186547,0.,0.707106781186547));
#334=DIRECTION('',(0.,-1.,0.));
#335=FACE_BOUND('',#336,.T.);
#336=EDGE_LOOP('',(#781,#782,#783,#784,#785,#786));
#337=PLANE('',#338);
#338=AXIS2_PLACEMENT_3D('',#339,#340,#341);
#339=CARTESIAN_POINT('',(9.,17.,-86.));
#340=DIRECTION('',(0.,1.,0.));
#341=DIRECTION('',(-1.,0.,0.));
#342=FACE_BOUND('',#343,.T.);
#343=EDGE_LOOP('',(#787,#788,#789,#790,#791,#792,#793,#794,#795));
#344=PLANE('',#345);
#345=AXIS2_PLACEMENT_3D('',#346,#347,#348);
#346=CARTESIAN_POINT('',(-7.05,17.0000000046209,27.25));
#347=DIRECTION('',(-1.,0.,-1.36642833800019E-16));
#348=DIRECTION('',(1.36642833800019E-16,0.,-1.));
#349=FACE_BOUND('',#350,.T.);
#350=EDGE_LOOP('',(#796));
#351=FACE_BOUND('',#352,.T.);
#352=EDGE_LOOP('',(#797));
#353=PLANE('',#354);
#354=AXIS2_PLACEMENT_3D('',#355,#356,#357);
#355=CARTESIAN_POINT('',(0.,11.,0.));
#356=DIRECTION('',(0.,1.,0.));
#357=DIRECTION('',(6.12323399573677E-17,0.,-1.));
#358=FACE_BOUND('',#359,.T.);
#359=EDGE_LOOP('',(#798));
#360=FACE_BOUND('',#361,.T.);
#361=EDGE_LOOP('',(#799));
#362=PLANE('',#363);
#363=AXIS2_PLACEMENT_3D('',#364,#365,#366);
#364=CARTESIAN_POINT('',(0.,11.,0.));
#365=DIRECTION('',(0.,1.,0.));
#366=DIRECTION('',(6.12323399573677E-17,0.,-1.));
#367=FACE_BOUND('',#368,.T.);
#368=EDGE_LOOP('',(#800,#801,#802,#803,#804,#805));
#369=FACE_BOUND('',#370,.T.);
#370=EDGE_LOOP('',(#806));
#371=PLANE('',#372);
#372=AXIS2_PLACEMENT_3D('',#373,#374,#375);
#373=CARTESIAN_POINT('',(0.,12.5,0.));
#374=DIRECTION('',(0.,-1.,0.));
#375=DIRECTION('',(6.12323399573677E-17,0.,-1.));
#376=FACE_BOUND('',#377,.T.);
#377=EDGE_LOOP('',(#807,#808,#809,#810,#811,#812,#813,#814,#815));
#378=PLANE('',#379);
#379=AXIS2_PLACEMENT_3D('',#380,#381,#382);
#380=CARTESIAN_POINT('',(2.,9.,-76.));
#381=DIRECTION('',(0.,-1.,0.));
#382=DIRECTION('',(-1.,0.,0.));
#383=FACE_BOUND('',#384,.T.);
#384=EDGE_LOOP('',(#816,#817,#818,#819));
#385=CYLINDRICAL_SURFACE('',#386,2.);
#386=AXIS2_PLACEMENT_3D('',#387,#388,#389);
#387=CARTESIAN_POINT('',(-4.,1.,-82.));
#388=DIRECTION('',(0.,-1.,0.));
#389=DIRECTION('',(0.,0.,-1.));
#390=FACE_BOUND('',#391,.T.);
#391=EDGE_LOOP('',(#820,#821,#822,#823,#824));
#392=PLANE('',#393);
#393=AXIS2_PLACEMENT_3D('',#394,#395,#396);
#394=CARTESIAN_POINT('',(-9.,8.,-84.));
#395=DIRECTION('',(0.,0.,1.));
#396=DIRECTION('',(1.,0.,0.));
#397=FACE_BOUND('',#398,.T.);
#398=EDGE_LOOP('',(#825,#826,#827,#828,#829,#830,#831,#832,#833));
#399=PLANE('',#400);
#400=AXIS2_PLACEMENT_3D('',#401,#402,#403);
#401=CARTESIAN_POINT('',(6.,-4.,-86.));
#402=DIRECTION('',(0.,-1.,0.));
#403=DIRECTION('',(1.,0.,0.));
#404=FACE_BOUND('',#405,.T.);
#405=EDGE_LOOP('',(#834,#835,#836,#837));
#406=PLANE('',#407);
#407=AXIS2_PLACEMENT_3D('',#408,#409,#410);
#408=CARTESIAN_POINT('',(6.,4.,-86.));
#409=DIRECTION('',(-1.,0.,0.));
#410=DIRECTION('',(0.,-1.,0.));
#411=FACE_BOUND('',#412,.T.);
#412=EDGE_LOOP('',(#838,#839,#840,#841));
#413=FACE_BOUND('',#414,.T.);
#414=EDGE_LOOP('',(#842));
#415=FACE_BOUND('',#416,.T.);
#416=EDGE_LOOP('',(#843));
#417=PLANE('',#418);
#418=AXIS2_PLACEMENT_3D('',#419,#420,#421);
#419=CARTESIAN_POINT('',(-6.,4.,-86.));
#420=DIRECTION('',(0.,-1.,0.));
#421=DIRECTION('',(1.,0.,0.));
#422=FACE_BOUND('',#423,.T.);
#423=EDGE_LOOP('',(#844,#845,#846,#847));
#424=PLANE('',#425);
#425=AXIS2_PLACEMENT_3D('',#426,#427,#428);
#426=CARTESIAN_POINT('',(-6.,-4.,-86.));
#427=DIRECTION('',(1.,0.,0.));
#428=DIRECTION('',(0.,1.,0.));
#429=FACE_BOUND('',#430,.T.);
#430=EDGE_LOOP('',(#848,#849,#850,#851,#852,#853,#854,#855,#856));
#431=PLANE('',#432);
#432=AXIS2_PLACEMENT_3D('',#433,#434,#435);
#433=CARTESIAN_POINT('',(-9.,-4.,-86.));
#434=DIRECTION('',(0.,-1.,0.));
#435=DIRECTION('',(1.,0.,0.));
#436=FACE_BOUND('',#437,.T.);
#437=EDGE_LOOP('',(#857,#858,#859,#860,#861,#862));
#438=CYLINDRICAL_SURFACE('',#439,1.);
#439=AXIS2_PLACEMENT_3D('',#440,#441,#442);
#440=CARTESIAN_POINT('',(-13.,11.5,12.75));
#441=DIRECTION('',(-1.,0.,0.));
#442=DIRECTION('',(0.,1.,0.));
#443=FACE_BOUND('',#444,.T.);
#444=EDGE_LOOP('',(#863,#864,#865,#866,#867,#868,#869,#870));
#445=PLANE('',#446);
#446=AXIS2_PLACEMENT_3D('',#447,#448,#449);
#447=CARTESIAN_POINT('',(-7.05,12.5,11.75));
#448=DIRECTION('',(0.,0.,-1.));
#449=DIRECTION('',(1.,0.,0.));
#450=FACE_BOUND('',#451,.T.);
#451=EDGE_LOOP('',(#871,#872,#873,#874,#875));
#452=CYLINDRICAL_SURFACE('',#453,1.);
#453=AXIS2_PLACEMENT_3D('',#454,#455,#456);
#454=CARTESIAN_POINT('',(9.18485099360515E-16,17.,-86.));
#455=DIRECTION('',(0.,0.,1.));
#456=DIRECTION('',(1.,0.,0.));
#457=FACE_BOUND('',#458,.T.);
#458=EDGE_LOOP('',(#876,#877,#878,#879));
#459=PLANE('',#460);
#460=AXIS2_PLACEMENT_3D('',#461,#462,#463);
#461=CARTESIAN_POINT('',(6.,4.,-86.));
#462=DIRECTION('',(-1.,0.,0.));
#463=DIRECTION('',(0.,-1.,0.));
#464=FACE_BOUND('',#465,.T.);
#465=EDGE_LOOP('',(#880,#881,#882,#883));
#466=FACE_BOUND('',#467,.T.);
#467=EDGE_LOOP('',(#884));
#468=PLANE('',#469);
#469=AXIS2_PLACEMENT_3D('',#470,#471,#472);
#470=CARTESIAN_POINT('',(-6.,4.,-86.));
#471=DIRECTION('',(0.,-1.,0.));
#472=DIRECTION('',(1.,0.,0.));
#473=FACE_BOUND('',#474,.T.);
#474=EDGE_LOOP('',(#885,#886,#887,#888));
#475=PLANE('',#476);
#476=AXIS2_PLACEMENT_3D('',#477,#478,#479);
#477=CARTESIAN_POINT('',(-6.,-4.,-86.));
#478=DIRECTION('',(1.,0.,0.));
#479=DIRECTION('',(0.,1.,0.));
#480=FACE_BOUND('',#481,.T.);
#481=EDGE_LOOP('',(#889,#890,#891,#892,#893));
#482=FACE_OUTER_BOUND('',#483,.T.);
#483=EDGE_LOOP('',(#894));
#484=CYLINDRICAL_SURFACE('',#485,3.);
#485=AXIS2_PLACEMENT_3D('',#486,#487,#488);
#486=CARTESIAN_POINT('',(-4.95981953654678E-15,11.,81.));
#487=DIRECTION('',(0.,1.,0.));
#488=DIRECTION('',(6.12323399573676E-17,0.,-1.));
#489=FACE_BOUND('',#490,.T.);
#490=EDGE_LOOP('',(#895,#896,#897,#898));
#491=CYLINDRICAL_SURFACE('',#492,1.);
#492=AXIS2_PLACEMENT_3D('',#493,#494,#495);
#493=CARTESIAN_POINT('',(9.18485099360515E-16,17.,-86.));
#494=DIRECTION('',(0.,0.,1.));
#495=DIRECTION('',(1.,0.,0.));
#496=FACE_BOUND('',#497,.T.);
#497=EDGE_LOOP('',(#899,#900,#901,#902));
#498=CYLINDRICAL_SURFACE('',#499,2.);
#499=AXIS2_PLACEMENT_3D('',#500,#501,#502);
#500=CARTESIAN_POINT('',(-7.,-7.,-82.));
#501=DIRECTION('',(0.,1.,0.));
#502=DIRECTION('',(4.44089209850063E-16,0.,-1.));
#503=FACE_BOUND('',#504,.T.);
#504=EDGE_LOOP('',(#903,#904,#905,#906));
#505=PLANE('',#506);
#506=AXIS2_PLACEMENT_3D('',#507,#508,#509);
#507=CARTESIAN_POINT('',(-17.05,10.5,17.75));
#508=DIRECTION('',(0.,-1.,0.));
#509=DIRECTION('',(5.9211894646675E-16,0.,-1.));
#510=FACE_BOUND('',#511,.T.);
#511=EDGE_LOOP('',(#907,#908,#909,#910));
#512=CYLINDRICAL_SURFACE('',#513,1.);
#513=AXIS2_PLACEMENT_3D('',#514,#515,#516);
#514=CARTESIAN_POINT('',(-13.,11.5,16.75));
#515=DIRECTION('',(-1.,0.,0.));
#516=DIRECTION('',(0.,-1.,3.55271367880051E-15));
#517=FACE_OUTER_BOUND('',#518,.T.);
#518=EDGE_LOOP('',(#911));
#519=FACE_OUTER_BOUND('',#520,.T.);
#520=EDGE_LOOP('',(#912));
#521=CYLINDRICAL_SURFACE('',#522,1.65);
#522=AXIS2_PLACEMENT_3D('',#523,#524,#525);
#523=CARTESIAN_POINT('',(-3.67394039744206E-16,-4.,6.));
#524=DIRECTION('',(0.,1.,0.));
#525=DIRECTION('',(6.12323399573677E-17,0.,-1.));
#526=FACE_OUTER_BOUND('',#527,.T.);
#527=EDGE_LOOP('',(#913));
#528=FACE_OUTER_BOUND('',#529,.T.);
#529=EDGE_LOOP('',(#914));
#530=CYLINDRICAL_SURFACE('',#531,1.65);
#531=AXIS2_PLACEMENT_3D('',#532,#533,#534);
#532=CARTESIAN_POINT('',(4.22503145705837E-15,-4.,-69.));
#533=DIRECTION('',(0.,1.,0.));
#534=DIRECTION('',(6.12323399573677E-17,0.,-1.));
#535=FACE_OUTER_BOUND('',#536,.T.);
#536=EDGE_LOOP('',(#915));
#537=FACE_OUTER_BOUND('',#538,.T.);
#538=EDGE_LOOP('',(#916));
#539=CYLINDRICAL_SURFACE('',#540,1.65);
#540=AXIS2_PLACEMENT_3D('',#541,#542,#543);
#541=CARTESIAN_POINT('',(-4.95981953654678E-15,-4.,81.));
#542=DIRECTION('',(0.,1.,0.));
#543=DIRECTION('',(6.12323399573677E-17,0.,-1.));
#544=FACE_BOUND('',#545,.T.);
#545=EDGE_LOOP('',(#917));
#546=FACE_BOUND('',#547,.T.);
#547=EDGE_LOOP('',(#918));
#548=PLANE('',#549);
#549=AXIS2_PLACEMENT_3D('',#550,#551,#552);
#550=CARTESIAN_POINT('',(0.,11.,0.));
#551=DIRECTION('',(0.,1.,0.));
#552=DIRECTION('',(6.12323399573677E-17,0.,-1.));
#553=FACE_BOUND('',#554,.T.);
#554=EDGE_LOOP('',(#919,#920,#921,#922));
#555=CYLINDRICAL_SURFACE('',#556,1.);
#556=AXIS2_PLACEMENT_3D('',#557,#558,#559);
#557=CARTESIAN_POINT('',(-12.2360679774998,17.,-25.));
#558=DIRECTION('',(-1.,0.,0.));
#559=DIRECTION('',(0.,-1.,0.));
#560=FACE_BOUND('',#561,.T.);
#561=EDGE_LOOP('',(#923,#924,#925,#926));
#562=CYLINDRICAL_SURFACE('',#563,1.);
#563=AXIS2_PLACEMENT_3D('',#564,#565,#566);
#564=CARTESIAN_POINT('',(-12.2360679774998,17.,-25.));
#565=DIRECTION('',(-1.,0.,0.));
#566=DIRECTION('',(0.,-1.,0.));
#567=FACE_BOUND('',#568,.T.);
#568=EDGE_LOOP('',(#927,#928,#929,#930));
#569=CYLINDRICAL_SURFACE('',#570,1.);
#570=AXIS2_PLACEMENT_3D('',#571,#572,#573);
#571=CARTESIAN_POINT('',(12.2360679774998,17.,-38.));
#572=DIRECTION('',(1.,0.,0.));
#573=DIRECTION('',(0.,-1.,7.105427357601E-15));
#574=FACE_BOUND('',#575,.T.);
#575=EDGE_LOOP('',(#931,#932,#933,#934));
#576=CYLINDRICAL_SURFACE('',#577,1.);
#577=AXIS2_PLACEMENT_3D('',#578,#579,#580);
#578=CARTESIAN_POINT('',(12.2360679774998,17.,-38.));
#579=DIRECTION('',(1.,0.,0.));
#580=DIRECTION('',(0.,-1.,7.105427357601E-15));
#581=ORIENTED_EDGE('',*,*,#935,.F.);
#582=ORIENTED_EDGE('',*,*,#936,.F.);
#583=ORIENTED_EDGE('',*,*,#937,.F.);
#584=ORIENTED_EDGE('',*,*,#938,.F.);
#585=ORIENTED_EDGE('',*,*,#939,.F.);
#586=ORIENTED_EDGE('',*,*,#940,.T.);
#587=ORIENTED_EDGE('',*,*,#941,.F.);
#588=ORIENTED_EDGE('',*,*,#942,.F.);
#589=ORIENTED_EDGE('',*,*,#943,.F.);
#590=ORIENTED_EDGE('',*,*,#944,.F.);
#591=ORIENTED_EDGE('',*,*,#945,.T.);
#592=ORIENTED_EDGE('',*,*,#946,.T.);
#593=ORIENTED_EDGE('',*,*,#947,.T.);
#594=ORIENTED_EDGE('',*,*,#948,.T.);
#595=ORIENTED_EDGE('',*,*,#949,.T.);
#596=ORIENTED_EDGE('',*,*,#950,.T.);
#597=ORIENTED_EDGE('',*,*,#936,.T.);
#598=ORIENTED_EDGE('',*,*,#951,.T.);
#599=ORIENTED_EDGE('',*,*,#952,.T.);
#600=ORIENTED_EDGE('',*,*,#944,.T.);
#601=ORIENTED_EDGE('',*,*,#953,.T.);
#602=ORIENTED_EDGE('',*,*,#954,.T.);
#603=ORIENTED_EDGE('',*,*,#955,.F.);
#604=ORIENTED_EDGE('',*,*,#956,.T.);
#605=ORIENTED_EDGE('',*,*,#957,.T.);
#606=ORIENTED_EDGE('',*,*,#958,.T.);
#607=ORIENTED_EDGE('',*,*,#959,.T.);
#608=ORIENTED_EDGE('',*,*,#939,.T.);
#609=ORIENTED_EDGE('',*,*,#960,.T.);
#610=ORIENTED_EDGE('',*,*,#961,.T.);
#611=ORIENTED_EDGE('',*,*,#962,.T.);
#612=ORIENTED_EDGE('',*,*,#963,.T.);
#613=ORIENTED_EDGE('',*,*,#964,.T.);
#614=ORIENTED_EDGE('',*,*,#965,.T.);
#615=ORIENTED_EDGE('',*,*,#966,.T.);
#616=ORIENTED_EDGE('',*,*,#967,.F.);
#617=ORIENTED_EDGE('',*,*,#968,.T.);
#618=ORIENTED_EDGE('',*,*,#969,.F.);
#619=ORIENTED_EDGE('',*,*,#970,.T.);
#620=ORIENTED_EDGE('',*,*,#971,.T.);
#621=ORIENTED_EDGE('',*,*,#942,.T.);
#622=ORIENTED_EDGE('',*,*,#972,.F.);
#623=ORIENTED_EDGE('',*,*,#973,.T.);
#624=ORIENTED_EDGE('',*,*,#974,.F.);
#625=ORIENTED_EDGE('',*,*,#963,.F.);
#626=ORIENTED_EDGE('',*,*,#975,.T.);
#627=ORIENTED_EDGE('',*,*,#976,.T.);
#628=ORIENTED_EDGE('',*,*,#977,.T.);
#629=ORIENTED_EDGE('',*,*,#978,.F.);
#630=ORIENTED_EDGE('',*,*,#979,.T.);
#631=ORIENTED_EDGE('',*,*,#980,.T.);
#632=ORIENTED_EDGE('',*,*,#981,.T.);
#633=ORIENTED_EDGE('',*,*,#982,.T.);
#634=ORIENTED_EDGE('',*,*,#965,.F.);
#635=ORIENTED_EDGE('',*,*,#983,.F.);
#636=ORIENTED_EDGE('',*,*,#958,.F.);
#637=ORIENTED_EDGE('',*,*,#984,.T.);
#638=ORIENTED_EDGE('',*,*,#985,.T.);
#639=ORIENTED_EDGE('',*,*,#986,.T.);
#640=ORIENTED_EDGE('',*,*,#987,.T.);
#641=ORIENTED_EDGE('',*,*,#988,.F.);
#642=ORIENTED_EDGE('',*,*,#989,.T.);
#643=ORIENTED_EDGE('',*,*,#990,.T.);
#644=ORIENTED_EDGE('',*,*,#991,.T.);
#645=ORIENTED_EDGE('',*,*,#947,.F.);
#646=ORIENTED_EDGE('',*,*,#992,.F.);
#647=ORIENTED_EDGE('',*,*,#993,.T.);
#648=ORIENTED_EDGE('',*,*,#994,.T.);
#649=ORIENTED_EDGE('',*,*,#995,.T.);
#650=ORIENTED_EDGE('',*,*,#993,.F.);
#651=ORIENTED_EDGE('',*,*,#996,.T.);
#652=ORIENTED_EDGE('',*,*,#997,.T.);
#653=ORIENTED_EDGE('',*,*,#973,.F.);
#654=ORIENTED_EDGE('',*,*,#960,.F.);
#655=ORIENTED_EDGE('',*,*,#938,.T.);
#656=ORIENTED_EDGE('',*,*,#937,.T.);
#657=ORIENTED_EDGE('',*,*,#950,.F.);
#658=ORIENTED_EDGE('',*,*,#998,.T.);
#659=ORIENTED_EDGE('',*,*,#999,.F.);
#660=ORIENTED_EDGE('',*,*,#971,.F.);
#661=ORIENTED_EDGE('',*,*,#1000,.T.);
#662=ORIENTED_EDGE('',*,*,#1001,.T.);
#663=ORIENTED_EDGE('',*,*,#953,.F.);
#664=ORIENTED_EDGE('',*,*,#943,.T.);
#665=ORIENTED_EDGE('',*,*,#1002,.F.);
#666=ORIENTED_EDGE('',*,*,#1003,.T.);
#667=ORIENTED_EDGE('',*,*,#1004,.F.);
#668=ORIENTED_EDGE('',*,*,#975,.F.);
#669=ORIENTED_EDGE('',*,*,#962,.F.);
#670=ORIENTED_EDGE('',*,*,#1005,.F.);
#671=ORIENTED_EDGE('',*,*,#948,.F.);
#672=ORIENTED_EDGE('',*,*,#991,.F.);
#673=ORIENTED_EDGE('',*,*,#1006,.T.);
#674=ORIENTED_EDGE('',*,*,#1005,.T.);
#675=ORIENTED_EDGE('',*,*,#961,.F.);
#676=ORIENTED_EDGE('',*,*,#998,.F.);
#677=ORIENTED_EDGE('',*,*,#949,.F.);
#678=ORIENTED_EDGE('',*,*,#951,.F.);
#679=ORIENTED_EDGE('',*,*,#1007,.F.);
#680=ORIENTED_EDGE('',*,*,#1008,.F.);
#681=ORIENTED_EDGE('',*,*,#954,.F.);
#682=ORIENTED_EDGE('',*,*,#1001,.F.);
#683=ORIENTED_EDGE('',*,*,#1000,.F.);
#684=ORIENTED_EDGE('',*,*,#970,.F.);
#685=ORIENTED_EDGE('',*,*,#1009,.T.);
#686=ORIENTED_EDGE('',*,*,#1010,.T.);
#687=ORIENTED_EDGE('',*,*,#1011,.T.);
#688=ORIENTED_EDGE('',*,*,#955,.T.);
#689=ORIENTED_EDGE('',*,*,#1008,.T.);
#690=ORIENTED_EDGE('',*,*,#969,.T.);
#691=ORIENTED_EDGE('',*,*,#1011,.F.);
#692=ORIENTED_EDGE('',*,*,#1012,.T.);
#693=ORIENTED_EDGE('',*,*,#1013,.T.);
#694=ORIENTED_EDGE('',*,*,#956,.F.);
#695=ORIENTED_EDGE('',*,*,#957,.F.);
#696=ORIENTED_EDGE('',*,*,#1014,.T.);
#697=ORIENTED_EDGE('',*,*,#1015,.T.);
#698=ORIENTED_EDGE('',*,*,#1016,.T.);
#699=ORIENTED_EDGE('',*,*,#1017,.T.);
#700=ORIENTED_EDGE('',*,*,#966,.F.);
#701=ORIENTED_EDGE('',*,*,#982,.F.);
#702=ORIENTED_EDGE('',*,*,#1018,.F.);
#703=ORIENTED_EDGE('',*,*,#1019,.F.);
#704=ORIENTED_EDGE('',*,*,#1020,.F.);
#705=ORIENTED_EDGE('',*,*,#1021,.F.);
#706=ORIENTED_EDGE('',*,*,#1022,.F.);
#707=ORIENTED_EDGE('',*,*,#1023,.F.);
#708=ORIENTED_EDGE('',*,*,#1024,.F.);
#709=ORIENTED_EDGE('',*,*,#1025,.T.);
#710=ORIENTED_EDGE('',*,*,#1017,.F.);
#711=ORIENTED_EDGE('',*,*,#1026,.T.);
#712=ORIENTED_EDGE('',*,*,#1027,.T.);
#713=ORIENTED_EDGE('',*,*,#967,.T.);
#714=ORIENTED_EDGE('',*,*,#1009,.F.);
#715=ORIENTED_EDGE('',*,*,#968,.F.);
#716=ORIENTED_EDGE('',*,*,#1027,.F.);
#717=ORIENTED_EDGE('',*,*,#1028,.F.);
#718=ORIENTED_EDGE('',*,*,#1029,.F.);
#719=ORIENTED_EDGE('',*,*,#1030,.T.);
#720=ORIENTED_EDGE('',*,*,#1031,.F.);
#721=ORIENTED_EDGE('',*,*,#1032,.F.);
#722=ORIENTED_EDGE('',*,*,#976,.F.);
#723=ORIENTED_EDGE('',*,*,#1004,.T.);
#724=ORIENTED_EDGE('',*,*,#1033,.F.);
#725=ORIENTED_EDGE('',*,*,#989,.F.);
#726=ORIENTED_EDGE('',*,*,#1034,.F.);
#727=ORIENTED_EDGE('',*,*,#1035,.F.);
#728=ORIENTED_EDGE('',*,*,#1036,.F.);
#729=ORIENTED_EDGE('',*,*,#977,.F.);
#730=ORIENTED_EDGE('',*,*,#1032,.T.);
#731=ORIENTED_EDGE('',*,*,#1037,.F.);
#732=ORIENTED_EDGE('',*,*,#1038,.F.);
#733=ORIENTED_EDGE('',*,*,#1039,.F.);
#734=ORIENTED_EDGE('',*,*,#1040,.F.);
#735=ORIENTED_EDGE('',*,*,#1041,.F.);
#736=ORIENTED_EDGE('',*,*,#1042,.F.);
#737=ORIENTED_EDGE('',*,*,#1036,.T.);
#738=ORIENTED_EDGE('',*,*,#1043,.T.);
#739=ORIENTED_EDGE('',*,*,#1044,.T.);
#740=ORIENTED_EDGE('',*,*,#1045,.T.);
#741=ORIENTED_EDGE('',*,*,#1046,.T.);
#742=ORIENTED_EDGE('',*,*,#978,.T.);
#743=ORIENTED_EDGE('',*,*,#1047,.T.);
#744=ORIENTED_EDGE('',*,*,#1048,.F.);
#745=ORIENTED_EDGE('',*,*,#987,.F.);
#746=ORIENTED_EDGE('',*,*,#1049,.T.);
#747=ORIENTED_EDGE('',*,*,#1050,.T.);
#748=ORIENTED_EDGE('',*,*,#1051,.T.);
#749=ORIENTED_EDGE('',*,*,#1052,.T.);
#750=ORIENTED_EDGE('',*,*,#1053,.T.);
#751=ORIENTED_EDGE('',*,*,#1054,.T.);
#752=ORIENTED_EDGE('',*,*,#1055,.T.);
#753=ORIENTED_EDGE('',*,*,#979,.F.);
#754=ORIENTED_EDGE('',*,*,#1046,.F.);
#755=ORIENTED_EDGE('',*,*,#980,.F.);
#756=ORIENTED_EDGE('',*,*,#1055,.F.);
#757=ORIENTED_EDGE('',*,*,#1056,.T.);
#758=ORIENTED_EDGE('',*,*,#1057,.T.);
#759=ORIENTED_EDGE('',*,*,#981,.F.);
#760=ORIENTED_EDGE('',*,*,#1057,.F.);
#761=ORIENTED_EDGE('',*,*,#1058,.F.);
#762=ORIENTED_EDGE('',*,*,#1018,.T.);
#763=ORIENTED_EDGE('',*,*,#984,.F.);
#764=ORIENTED_EDGE('',*,*,#1016,.F.);
#765=ORIENTED_EDGE('',*,*,#1059,.T.);
#766=ORIENTED_EDGE('',*,*,#1060,.T.);
#767=ORIENTED_EDGE('',*,*,#1061,.T.);
#768=ORIENTED_EDGE('',*,*,#1062,.T.);
#769=ORIENTED_EDGE('',*,*,#1024,.T.);
#770=ORIENTED_EDGE('',*,*,#1063,.T.);
#771=ORIENTED_EDGE('',*,*,#1064,.F.);
#772=ORIENTED_EDGE('',*,*,#985,.F.);
#773=ORIENTED_EDGE('',*,*,#1065,.T.);
#774=ORIENTED_EDGE('',*,*,#1066,.F.);
#775=ORIENTED_EDGE('',*,*,#1067,.T.);
#776=ORIENTED_EDGE('',*,*,#1068,.F.);
#777=ORIENTED_EDGE('',*,*,#986,.F.);
#778=ORIENTED_EDGE('',*,*,#1064,.T.);
#779=ORIENTED_EDGE('',*,*,#1069,.T.);
#780=ORIENTED_EDGE('',*,*,#1049,.F.);
#781=ORIENTED_EDGE('',*,*,#1034,.T.);
#782=ORIENTED_EDGE('',*,*,#988,.T.);
#783=ORIENTED_EDGE('',*,*,#1048,.T.);
#784=ORIENTED_EDGE('',*,*,#1070,.T.);
#785=ORIENTED_EDGE('',*,*,#1071,.T.);
#786=ORIENTED_EDGE('',*,*,#1072,.T.);
#787=ORIENTED_EDGE('',*,*,#1073,.F.);
#788=ORIENTED_EDGE('',*,*,#1074,.F.);
#789=ORIENTED_EDGE('',*,*,#1006,.F.);
#790=ORIENTED_EDGE('',*,*,#990,.F.);
#791=ORIENTED_EDGE('',*,*,#1042,.T.);
#792=ORIENTED_EDGE('',*,*,#1075,.F.);
#793=ORIENTED_EDGE('',*,*,#1076,.F.);
#794=ORIENTED_EDGE('',*,*,#1077,.F.);
#795=ORIENTED_EDGE('',*,*,#1078,.T.);
#796=ORIENTED_EDGE('',*,*,#999,.T.);
#797=ORIENTED_EDGE('',*,*,#1079,.F.);
#798=ORIENTED_EDGE('',*,*,#1002,.T.);
#799=ORIENTED_EDGE('',*,*,#1080,.F.);
#800=ORIENTED_EDGE('',*,*,#1081,.F.);
#801=ORIENTED_EDGE('',*,*,#1067,.F.);
#802=ORIENTED_EDGE('',*,*,#1082,.T.);
#803=ORIENTED_EDGE('',*,*,#1033,.T.);
#804=ORIENTED_EDGE('',*,*,#1003,.F.);
#805=ORIENTED_EDGE('',*,*,#1074,.T.);
#806=ORIENTED_EDGE('',*,*,#1007,.T.);
#807=ORIENTED_EDGE('',*,*,#1083,.F.);
#808=ORIENTED_EDGE('',*,*,#1084,.F.);
#809=ORIENTED_EDGE('',*,*,#1085,.F.);
#810=ORIENTED_EDGE('',*,*,#1012,.F.);
#811=ORIENTED_EDGE('',*,*,#1010,.F.);
#812=ORIENTED_EDGE('',*,*,#1028,.T.);
#813=ORIENTED_EDGE('',*,*,#1026,.F.);
#814=ORIENTED_EDGE('',*,*,#1025,.F.);
#815=ORIENTED_EDGE('',*,*,#1062,.F.);
#816=ORIENTED_EDGE('',*,*,#1014,.F.);
#817=ORIENTED_EDGE('',*,*,#1013,.F.);
#818=ORIENTED_EDGE('',*,*,#1085,.T.);
#819=ORIENTED_EDGE('',*,*,#1086,.T.);
#820=ORIENTED_EDGE('',*,*,#1015,.F.);
#821=ORIENTED_EDGE('',*,*,#1086,.F.);
#822=ORIENTED_EDGE('',*,*,#1084,.T.);
#823=ORIENTED_EDGE('',*,*,#1087,.F.);
#824=ORIENTED_EDGE('',*,*,#1059,.F.);
#825=ORIENTED_EDGE('',*,*,#1031,.T.);
#826=ORIENTED_EDGE('',*,*,#1088,.T.);
#827=ORIENTED_EDGE('',*,*,#1089,.F.);
#828=ORIENTED_EDGE('',*,*,#1019,.T.);
#829=ORIENTED_EDGE('',*,*,#1058,.T.);
#830=ORIENTED_EDGE('',*,*,#1056,.F.);
#831=ORIENTED_EDGE('',*,*,#1054,.F.);
#832=ORIENTED_EDGE('',*,*,#1090,.F.);
#833=ORIENTED_EDGE('',*,*,#1037,.T.);
#834=ORIENTED_EDGE('',*,*,#1091,.T.);
#835=ORIENTED_EDGE('',*,*,#1092,.F.);
#836=ORIENTED_EDGE('',*,*,#1020,.T.);
#837=ORIENTED_EDGE('',*,*,#1089,.T.);
#838=ORIENTED_EDGE('',*,*,#1093,.T.);
#839=ORIENTED_EDGE('',*,*,#1094,.F.);
#840=ORIENTED_EDGE('',*,*,#1021,.T.);
#841=ORIENTED_EDGE('',*,*,#1092,.T.);
#842=ORIENTED_EDGE('',*,*,#1095,.T.);
#843=ORIENTED_EDGE('',*,*,#1096,.T.);
#844=ORIENTED_EDGE('',*,*,#1097,.T.);
#845=ORIENTED_EDGE('',*,*,#1098,.F.);
#846=ORIENTED_EDGE('',*,*,#1022,.T.);
#847=ORIENTED_EDGE('',*,*,#1094,.T.);
#848=ORIENTED_EDGE('',*,*,#1075,.T.);
#849=ORIENTED_EDGE('',*,*,#1041,.T.);
#850=ORIENTED_EDGE('',*,*,#1099,.T.);
#851=ORIENTED_EDGE('',*,*,#1050,.F.);
#852=ORIENTED_EDGE('',*,*,#1069,.F.);
#853=ORIENTED_EDGE('',*,*,#1063,.F.);
#854=ORIENTED_EDGE('',*,*,#1023,.T.);
#855=ORIENTED_EDGE('',*,*,#1098,.T.);
#856=ORIENTED_EDGE('',*,*,#1100,.T.);
#857=ORIENTED_EDGE('',*,*,#1101,.T.);
#858=ORIENTED_EDGE('',*,*,#1029,.T.);
#859=ORIENTED_EDGE('',*,*,#1082,.F.);
#860=ORIENTED_EDGE('',*,*,#1066,.T.);
#861=ORIENTED_EDGE('',*,*,#1102,.T.);
#862=ORIENTED_EDGE('',*,*,#1077,.T.);
#863=ORIENTED_EDGE('',*,*,#1076,.T.);
#864=ORIENTED_EDGE('',*,*,#1100,.F.);
#865=ORIENTED_EDGE('',*,*,#1097,.F.);
#866=ORIENTED_EDGE('',*,*,#1093,.F.);
#867=ORIENTED_EDGE('',*,*,#1091,.F.);
#868=ORIENTED_EDGE('',*,*,#1088,.F.);
#869=ORIENTED_EDGE('',*,*,#1030,.F.);
#870=ORIENTED_EDGE('',*,*,#1101,.F.);
#871=ORIENTED_EDGE('',*,*,#1035,.T.);
#872=ORIENTED_EDGE('',*,*,#1072,.F.);
#873=ORIENTED_EDGE('',*,*,#1103,.F.);
#874=ORIENTED_EDGE('',*,*,#1104,.F.);
#875=ORIENTED_EDGE('',*,*,#1043,.F.);
#876=ORIENTED_EDGE('',*,*,#1038,.T.);
#877=ORIENTED_EDGE('',*,*,#1090,.T.);
#878=ORIENTED_EDGE('',*,*,#1053,.F.);
#879=ORIENTED_EDGE('',*,*,#1105,.F.);
#880=ORIENTED_EDGE('',*,*,#1039,.T.);
#881=ORIENTED_EDGE('',*,*,#1105,.T.);
#882=ORIENTED_EDGE('',*,*,#1052,.F.);
#883=ORIENTED_EDGE('',*,*,#1106,.F.);
#884=ORIENTED_EDGE('',*,*,#1107,.T.);
#885=ORIENTED_EDGE('',*,*,#1040,.T.);
#886=ORIENTED_EDGE('',*,*,#1106,.T.);
#887=ORIENTED_EDGE('',*,*,#1051,.F.);
#888=ORIENTED_EDGE('',*,*,#1099,.F.);
#889=ORIENTED_EDGE('',*,*,#1044,.F.);
#890=ORIENTED_EDGE('',*,*,#1104,.T.);
#891=ORIENTED_EDGE('',*,*,#1103,.T.);
#892=ORIENTED_EDGE('',*,*,#1071,.F.);
#893=ORIENTED_EDGE('',*,*,#1108,.T.);
#894=ORIENTED_EDGE('',*,*,#1109,.F.);
#895=ORIENTED_EDGE('',*,*,#1045,.F.);
#896=ORIENTED_EDGE('',*,*,#1108,.F.);
#897=ORIENTED_EDGE('',*,*,#1070,.F.);
#898=ORIENTED_EDGE('',*,*,#1047,.F.);
#899=ORIENTED_EDGE('',*,*,#1061,.F.);
#900=ORIENTED_EDGE('',*,*,#1060,.F.);
#901=ORIENTED_EDGE('',*,*,#1087,.T.);
#902=ORIENTED_EDGE('',*,*,#1083,.T.);
#903=ORIENTED_EDGE('',*,*,#1110,.T.);
#904=ORIENTED_EDGE('',*,*,#1078,.F.);
#905=ORIENTED_EDGE('',*,*,#1102,.F.);
#906=ORIENTED_EDGE('',*,*,#1065,.F.);
#907=ORIENTED_EDGE('',*,*,#1110,.F.);
#908=ORIENTED_EDGE('',*,*,#1068,.T.);
#909=ORIENTED_EDGE('',*,*,#1081,.T.);
#910=ORIENTED_EDGE('',*,*,#1073,.T.);
#911=ORIENTED_EDGE('',*,*,#1079,.T.);
#912=ORIENTED_EDGE('',*,*,#1096,.F.);
#913=ORIENTED_EDGE('',*,*,#1080,.T.);
#914=ORIENTED_EDGE('',*,*,#1095,.F.);
#915=ORIENTED_EDGE('',*,*,#1111,.T.);
#916=ORIENTED_EDGE('',*,*,#1107,.F.);
#917=ORIENTED_EDGE('',*,*,#1109,.T.);
#918=ORIENTED_EDGE('',*,*,#1111,.F.);
#919=ORIENTED_EDGE('',*,*,#946,.F.);
#920=ORIENTED_EDGE('',*,*,#935,.T.);
#921=ORIENTED_EDGE('',*,*,#996,.F.);
#922=ORIENTED_EDGE('',*,*,#992,.T.);
#923=ORIENTED_EDGE('',*,*,#959,.F.);
#924=ORIENTED_EDGE('',*,*,#974,.T.);
#925=ORIENTED_EDGE('',*,*,#997,.F.);
#926=ORIENTED_EDGE('',*,*,#940,.F.);
#927=ORIENTED_EDGE('',*,*,#964,.F.);
#928=ORIENTED_EDGE('',*,*,#941,.T.);
#929=ORIENTED_EDGE('',*,*,#994,.F.);
#930=ORIENTED_EDGE('',*,*,#972,.T.);
#931=ORIENTED_EDGE('',*,*,#952,.F.);
#932=ORIENTED_EDGE('',*,*,#983,.T.);
#933=ORIENTED_EDGE('',*,*,#995,.F.);
#934=ORIENTED_EDGE('',*,*,#945,.F.);
#935=EDGE_CURVE('',#1112,#1113,#1114,.T.);
#936=EDGE_CURVE('',#1115,#1112,#1116,.F.);
#937=EDGE_CURVE('',#1117,#1115,#1118,.F.);
#938=EDGE_CURVE('',#1119,#1117,#1120,.T.);
#939=EDGE_CURVE('',#1121,#1119,#1122,.T.);
#940=EDGE_CURVE('',#1121,#1113,#1123,.T.);
#941=EDGE_CURVE('',#1124,#1125,#1126,.T.);
#942=EDGE_CURVE('',#1127,#1124,#1128,.T.);
#943=EDGE_CURVE('',#1129,#1127,#1130,.T.);
#944=EDGE_CURVE('',#1131,#1129,#1132,.F.);
#945=EDGE_CURVE('',#1131,#1125,#1133,.T.);
#946=EDGE_CURVE('',#1112,#1134,#1135,.F.);
#947=EDGE_CURVE('',#1134,#1136,#1137,.T.);
#948=EDGE_CURVE('',#1136,#1138,#1139,.F.);
#949=EDGE_CURVE('',#1138,#1140,#1141,.F.);
#950=EDGE_CURVE('',#1140,#1115,#1142,.F.);
#951=EDGE_CURVE('',#1143,#1143,#1144,.F.);
#952=EDGE_CURVE('',#1145,#1131,#1146,.F.);
#953=EDGE_CURVE('',#1129,#1147,#1148,.F.);
#954=EDGE_CURVE('',#1147,#1149,#1150,.F.);
#955=EDGE_CURVE('',#1151,#1149,#1152,.F.);
#956=EDGE_CURVE('',#1151,#1153,#1154,.F.);
#957=EDGE_CURVE('',#1153,#1155,#1156,.F.);
#958=EDGE_CURVE('',#1155,#1145,#1157,.T.);
#959=EDGE_CURVE('',#1158,#1121,#1159,.F.);
#960=EDGE_CURVE('',#1119,#1160,#1161,.F.);
#961=EDGE_CURVE('',#1160,#1162,#1163,.T.);
#962=EDGE_CURVE('',#1162,#1164,#1165,.F.);
#963=EDGE_CURVE('',#1164,#1158,#1166,.T.);
#964=EDGE_CURVE('',#1124,#1167,#1168,.F.);
#965=EDGE_CURVE('',#1167,#1169,#1170,.T.);
#966=EDGE_CURVE('',#1169,#1171,#1172,.T.);
#967=EDGE_CURVE('',#1173,#1171,#1174,.F.);
#968=EDGE_CURVE('',#1173,#1175,#1176,.F.);
#969=EDGE_CURVE('',#1177,#1175,#1178,.F.);
#970=EDGE_CURVE('',#1177,#1179,#1180,.T.);
#971=EDGE_CURVE('',#1179,#1127,#1181,.F.);
#972=EDGE_CURVE('',#1182,#1167,#1183,.F.);
#973=EDGE_CURVE('',#1182,#1184,#1185,.F.);
#974=EDGE_CURVE('',#1158,#1184,#1186,.T.);
#975=EDGE_CURVE('',#1164,#1187,#1188,.T.);
#976=EDGE_CURVE('',#1187,#1189,#1190,.F.);
#977=EDGE_CURVE('',#1189,#1191,#1192,.F.);
#978=EDGE_CURVE('',#1193,#1191,#1194,.T.);
#979=EDGE_CURVE('',#1193,#1195,#1196,.F.);
#980=EDGE_CURVE('',#1195,#1197,#1198,.T.);
#981=EDGE_CURVE('',#1197,#1199,#1200,.T.);
#982=EDGE_CURVE('',#1199,#1169,#1201,.F.);
#983=EDGE_CURVE('',#1145,#1202,#1203,.T.);
#984=EDGE_CURVE('',#1155,#1204,#1205,.T.);
#985=EDGE_CURVE('',#1204,#1206,#1207,.T.);
#986=EDGE_CURVE('',#1206,#1208,#1209,.F.);
#987=EDGE_CURVE('',#1208,#1210,#1211,.F.);
#988=EDGE_CURVE('',#1212,#1210,#1213,.T.);
#989=EDGE_CURVE('',#1212,#1214,#1215,.T.);
#990=EDGE_CURVE('',#1214,#1216,#1217,.F.);
#991=EDGE_CURVE('',#1216,#1136,#1218,.F.);
#992=EDGE_CURVE('',#1219,#1134,#1220,.F.);
#993=EDGE_CURVE('',#1219,#1202,#1221,.F.);
#994=EDGE_CURVE('',#1182,#1125,#1222,.T.);
#995=EDGE_CURVE('',#1125,#1202,#1223,.T.);
#996=EDGE_CURVE('',#1219,#1113,#1224,.T.);
#997=EDGE_CURVE('',#1113,#1184,#1225,.T.);
#998=EDGE_CURVE('',#1140,#1160,#1226,.T.);
#999=EDGE_CURVE('',#1227,#1227,#1228,.T.);
#1000=EDGE_CURVE('',#1179,#1229,#1230,.T.);
#1001=EDGE_CURVE('',#1229,#1147,#1231,.F.);
#1002=EDGE_CURVE('',#1232,#1232,#1233,.T.);
#1003=EDGE_CURVE('',#1234,#1235,#1236,.F.);
#1004=EDGE_CURVE('',#1187,#1235,#1237,.T.);
#1005=EDGE_CURVE('',#1138,#1162,#1238,.T.);
#1006=EDGE_CURVE('',#1216,#1234,#1239,.T.);
#1007=EDGE_CURVE('',#1240,#1240,#1241,.T.);
#1008=EDGE_CURVE('',#1149,#1177,#1242,.F.);
#1009=EDGE_CURVE('',#1175,#1243,#1244,.T.);
#1010=EDGE_CURVE('',#1243,#1245,#1246,.F.);
#1011=EDGE_CURVE('',#1245,#1151,#1247,.T.);
#1012=EDGE_CURVE('',#1245,#1248,#1249,.T.);
#1013=EDGE_CURVE('',#1248,#1153,#1250,.T.);
#1014=EDGE_CURVE('',#1153,#1251,#1252,.T.);
#1015=EDGE_CURVE('',#1251,#1253,#1254,.F.);
#1016=EDGE_CURVE('',#1253,#1155,#1255,.F.);
#1017=EDGE_CURVE('',#1256,#1171,#1257,.T.);
#1018=EDGE_CURVE('',#1258,#1199,#1259,.T.);
#1019=EDGE_CURVE('',#1260,#1258,#1261,.T.);
#1020=EDGE_CURVE('',#1262,#1260,#1263,.T.);
#1021=EDGE_CURVE('',#1264,#1262,#1265,.T.);
#1022=EDGE_CURVE('',#1266,#1264,#1267,.T.);
#1023=EDGE_CURVE('',#1268,#1266,#1269,.T.);
#1024=EDGE_CURVE('',#1270,#1268,#1271,.T.);
#1025=EDGE_CURVE('',#1270,#1256,#1272,.T.);
#1026=EDGE_CURVE('',#1256,#1273,#1274,.F.);
#1027=EDGE_CURVE('',#1273,#1173,#1275,.T.);
#1028=EDGE_CURVE('',#1243,#1273,#1276,.T.);
#1029=EDGE_CURVE('',#1277,#1278,#1279,.F.);
#1030=EDGE_CURVE('',#1277,#1280,#1281,.T.);
#1031=EDGE_CURVE('',#1282,#1280,#1283,.F.);
#1032=EDGE_CURVE('',#1189,#1282,#1284,.T.);
#1033=EDGE_CURVE('',#1278,#1235,#1285,.T.);
#1034=EDGE_CURVE('',#1286,#1212,#1287,.F.);
#1035=EDGE_CURVE('',#1288,#1286,#1289,.F.);
#1036=EDGE_CURVE('',#1191,#1288,#1290,.F.);
#1037=EDGE_CURVE('',#1291,#1282,#1292,.F.);
#1038=EDGE_CURVE('',#1293,#1291,#1294,.F.);
#1039=EDGE_CURVE('',#1295,#1293,#1296,.F.);
#1040=EDGE_CURVE('',#1297,#1295,#1298,.F.);
#1041=EDGE_CURVE('',#1299,#1297,#1300,.F.);
#1042=EDGE_CURVE('',#1214,#1299,#1301,.T.);
#1043=EDGE_CURVE('',#1288,#1302,#1303,.T.);
#1044=EDGE_CURVE('',#1302,#1304,#1305,.F.);
#1045=EDGE_CURVE('',#1304,#1306,#1307,.T.);
#1046=EDGE_CURVE('',#1306,#1193,#1308,.T.);
#1047=EDGE_CURVE('',#1306,#1309,#1310,.F.);
#1048=EDGE_CURVE('',#1210,#1309,#1311,.T.);
#1049=EDGE_CURVE('',#1208,#1312,#1313,.T.);
#1050=EDGE_CURVE('',#1312,#1314,#1315,.T.);
#1051=EDGE_CURVE('',#1314,#1316,#1317,.T.);
#1052=EDGE_CURVE('',#1316,#1318,#1319,.T.);
#1053=EDGE_CURVE('',#1318,#1320,#1321,.T.);
#1054=EDGE_CURVE('',#1320,#1322,#1323,.T.);
#1055=EDGE_CURVE('',#1322,#1195,#1324,.T.);
#1056=EDGE_CURVE('',#1322,#1325,#1326,.F.);
#1057=EDGE_CURVE('',#1325,#1197,#1327,.T.);
#1058=EDGE_CURVE('',#1258,#1325,#1328,.T.);
#1059=EDGE_CURVE('',#1253,#1329,#1330,.T.);
#1060=EDGE_CURVE('',#1329,#1204,#1331,.F.);
#1061=EDGE_CURVE('',#1204,#1332,#1333,.F.);
#1062=EDGE_CURVE('',#1332,#1270,#1334,.F.);
#1063=EDGE_CURVE('',#1268,#1335,#1336,.T.);
#1064=EDGE_CURVE('',#1206,#1335,#1337,.T.);
#1065=EDGE_CURVE('',#1338,#1339,#1340,.F.);
#1066=EDGE_CURVE('',#1341,#1339,#1342,.F.);
#1067=EDGE_CURVE('',#1341,#1343,#1344,.F.);
#1068=EDGE_CURVE('',#1338,#1343,#1345,.F.);
#1069=EDGE_CURVE('',#1335,#1312,#1346,.F.);
#1070=EDGE_CURVE('',#1309,#1347,#1348,.F.);
#1071=EDGE_CURVE('',#1347,#1349,#1350,.F.);
#1072=EDGE_CURVE('',#1349,#1286,#1351,.F.);
#1073=EDGE_CURVE('',#1352,#1353,#1354,.F.);
#1074=EDGE_CURVE('',#1234,#1352,#1355,.T.);
#1075=EDGE_CURVE('',#1356,#1299,#1357,.F.);
#1076=EDGE_CURVE('',#1358,#1356,#1359,.T.);
#1077=EDGE_CURVE('',#1360,#1358,#1361,.F.);
#1078=EDGE_CURVE('',#1360,#1353,#1362,.T.);
#1079=EDGE_CURVE('',#1363,#1363,#1364,.T.);
#1080=EDGE_CURVE('',#1365,#1365,#1366,.T.);
#1081=EDGE_CURVE('',#1343,#1352,#1367,.T.);
#1082=EDGE_CURVE('',#1341,#1278,#1368,.T.);
#1083=EDGE_CURVE('',#1369,#1332,#1370,.F.);
#1084=EDGE_CURVE('',#1371,#1369,#1372,.T.);
#1085=EDGE_CURVE('',#1248,#1371,#1373,.F.);
#1086=EDGE_CURVE('',#1371,#1251,#1374,.T.);
#1087=EDGE_CURVE('',#1329,#1369,#1375,.F.);
#1088=EDGE_CURVE('',#1280,#1376,#1377,.F.);
#1089=EDGE_CURVE('',#1260,#1376,#1378,.T.);
#1090=EDGE_CURVE('',#1291,#1320,#1379,.T.);
#1091=EDGE_CURVE('',#1376,#1380,#1381,.F.);
#1092=EDGE_CURVE('',#1262,#1380,#1382,.T.);
#1093=EDGE_CURVE('',#1380,#1383,#1384,.F.);
#1094=EDGE_CURVE('',#1264,#1383,#1385,.T.);
#1095=EDGE_CURVE('',#1386,#1386,#1387,.T.);
#1096=EDGE_CURVE('',#1388,#1388,#1389,.T.);
#1097=EDGE_CURVE('',#1383,#1390,#1391,.F.);
#1098=EDGE_CURVE('',#1266,#1390,#1392,.T.);
#1099=EDGE_CURVE('',#1297,#1314,#1393,.T.);
#1100=EDGE_CURVE('',#1390,#1356,#1394,.F.);
#1101=EDGE_CURVE('',#1358,#1277,#1395,.T.);
#1102=EDGE_CURVE('',#1339,#1360,#1396,.T.);
#1103=EDGE_CURVE('',#1397,#1349,#1398,.F.);
#1104=EDGE_CURVE('',#1302,#1397,#1399,.T.);
#1105=EDGE_CURVE('',#1293,#1318,#1400,.T.);
#1106=EDGE_CURVE('',#1295,#1316,#1401,.T.);
#1107=EDGE_CURVE('',#1402,#1402,#1403,.T.);
#1108=EDGE_CURVE('',#1347,#1304,#1404,.T.);
#1109=EDGE_CURVE('',#1405,#1405,#1406,.T.);
#1110=EDGE_CURVE('',#1338,#1353,#1407,.T.);
#1111=EDGE_CURVE('',#1408,#1408,#1409,.T.);
#1112=VERTEX_POINT('',#1410);
#1113=VERTEX_POINT('',#1411);
#1114=(BOUNDED_CURVE()B_SPLINE_CURVE(3,
(#1412,#1413,#1414,#1415),
.UNSPECIFIED.,.F.,.F.)B_SPLINE_CURVE_WITH_KNOTS((4,4),
(0.,1.),
.UNSPECIFIED.)CURVE()GEOMETRIC_REPRESENTATION_ITEM()RATIONAL_B_SPLINE_CURVE((1.,
0.804737854124365,0.804737854124365,1.))REPRESENTATION_ITEM(''));
#1115=VERTEX_POINT('',#1416);
#1116=LINE('',#1417,#1418);
#1117=VERTEX_POINT('',#1420);
#1118=B_SPLINE_CURVE_WITH_KNOTS('',3,
(#1421,#1422,#1423,#1424,#1425,#1426,#1427,#1428,#1429,#1430,#1431,#1432,#1433,#1434,
#1435,#1436,#1437,#1438,#1439,#1440,#1441,#1442,#1443),
.UNSPECIFIED.,.F.,.F.,
(4,1,1,1,1,1,1,1,1,1,1,1,1,1,1,1,1,1,1,1,4),
(0.,0.0375893749594535,0.0752216588382832,0.112931580259834,0.150682046250013,0.188426564959066,
0.238790029815865,0.30180981188106,0.36465596839605,0.414693299429843,0.463784182616798,
0.531056803599416,0.615857668897559,0.705648094112948,0.776082676781258,0.827797367250015,
0.861655297762433,0.895760817287561,0.930306805068313,0.965049359676098,1.),
.UNSPECIFIED.);
#1119=VERTEX_POINT('',#1444);
#1120=B_SPLINE_CURVE_WITH_KNOTS('',3,
(#1445,#1446,#1447,#1448,#1449,#1450,#1451,#1452,#1453,#1454,#1455,#1456,#1457,#1458,
#1459,#1460,#1461,#1462,#1463,#1464,#1465,#1466,#1467),
.UNSPECIFIED.,.F.,.F.,
(4,1,1,1,1,1,1,1,1,1,1,1,1,1,1,1,1,1,1,1,4),
(0.,0.0375893748107187,0.0752216589371138,0.112931580477867,0.150682046494449,0.188426565248634,
0.238790030105814,0.301809812124635,0.364655968569736,0.414693299536228,0.463784182671543,
0.531056803616002,0.615857668890652,0.705648094099907,0.776082676765658,0.827797367234427,
0.861655297748962,0.895760817276581,0.930306805060577,0.965049359672038,1.),
.UNSPECIFIED.);
#1121=VERTEX_POINT('',#1468);
#1122=LINE('',#1469,#1470);
#1123=(BOUNDED_CURVE()B_SPLINE_CURVE(3,
(#1472,#1473,#1474,#1475),
.UNSPECIFIED.,.F.,.F.)B_SPLINE_CURVE_WITH_KNOTS((4,4),
(0.,1.),
.UNSPECIFIED.)CURVE()GEOMETRIC_REPRESENTATION_ITEM()RATIONAL_B_SPLINE_CURVE((1.,
0.804737854124365,0.804737854124365,1.))REPRESENTATION_ITEM(''));
#1124=VERTEX_POINT('',#1476);
#1125=VERTEX_POINT('',#1477);
#1126=(BOUNDED_CURVE()B_SPLINE_CURVE(3,
(#1478,#1479,#1480,#1481),
.UNSPECIFIED.,.F.,.F.)B_SPLINE_CURVE_WITH_KNOTS((4,4),
(0.,1.),
.UNSPECIFIED.)CURVE()GEOMETRIC_REPRESENTATION_ITEM()RATIONAL_B_SPLINE_CURVE((1.,
0.804737854124365,0.804737854124365,1.))REPRESENTATION_ITEM(''));
#1127=VERTEX_POINT('',#1482);
#1128=LINE('',#1483,#1484);
#1129=VERTEX_POINT('',#1486);
#1130=B_SPLINE_CURVE_WITH_KNOTS('',3,
(#1487,#1488,#1489,#1490,#1491,#1492,#1493,#1494,#1495,#1496,#1497,#1498,#1499,#1500,
#1501,#1502,#1503,#1504,#1505,#1506,#1507,#1508,#1509,#1510,#1511,#1512,#1513,#1514,
#1515),
.UNSPECIFIED.,.F.,.F.,
(4,1,1,1,1,1,1,1,1,1,1,1,1,1,1,1,1,1,1,1,1,1,1,1,1,1,4),
(0.,0.0187988973508724,0.037441412913576,0.0559453472153295,0.074119134103047,0.0921163642032329,
0.119421536932281,0.15957322326044,0.215299461290001,0.275333833652908,0.334970508936301,
0.388226313315031,0.4342252597731,0.474689938091467,0.499997228379969,0.515473034830888,
0.56181192837842,0.613324039631764,0.668789742118959,0.726183141102946,0.78627896432649,
0.843085085030564,0.892202351789846,0.928232365042864,0.955618567100913,0.978002454732826,
1.),
.UNSPECIFIED.);
#1131=VERTEX_POINT('',#1516);
#1132=LINE('',#1517,#1518);
#1133=(BOUNDED_CURVE()B_SPLINE_CURVE(3,
(#1520,#1521,#1522,#1523),
.UNSPECIFIED.,.F.,.F.)B_SPLINE_CURVE_WITH_KNOTS((4,4),
(0.,1.),
.UNSPECIFIED.)CURVE()GEOMETRIC_REPRESENTATION_ITEM()RATIONAL_B_SPLINE_CURVE((1.,
0.804737854124365,0.804737854124365,1.))REPRESENTATION_ITEM(''));
#1134=VERTEX_POINT('',#1524);
#1135=LINE('',#1525,#1526);
#1136=VERTEX_POINT('',#1528);
#1137=LINE('',#1529,#1530);
#1138=VERTEX_POINT('',#1532);
#1139=LINE('',#1533,#1534);
#1140=VERTEX_POINT('',#1536);
#1141=LINE('',#1537,#1538);
#1142=CIRCLE('',#1540,3.);
#1143=VERTEX_POINT('',#1544);
#1144=CIRCLE('',#1545,1.5);
#1145=VERTEX_POINT('',#1549);
#1146=LINE('',#1550,#1551);
#1147=VERTEX_POINT('',#1553);
#1148=CIRCLE('',#1554,3.);
#1149=VERTEX_POINT('',#1558);
#1150=LINE('',#1559,#1560);
#1151=VERTEX_POINT('',#1562);
#1152=CIRCLE('',#1563,2.00000000000005);
#1153=VERTEX_POINT('',#1567);
#1154=LINE('',#1568,#1569);
#1155=VERTEX_POINT('',#1571);
#1156=LINE('',#1572,#1573);
#1157=LINE('',#1575,#1576);
#1158=VERTEX_POINT('',#1578);
#1159=LINE('',#1579,#1580);
#1160=VERTEX_POINT('',#1582);
#1161=CIRCLE('',#1583,3.);
#1162=VERTEX_POINT('',#1587);
#1163=LINE('',#1588,#1589);
#1164=VERTEX_POINT('',#1591);
#1165=LINE('',#1592,#1593);
#1166=LINE('',#1595,#1596);
#1167=VERTEX_POINT('',#1598);
#1168=LINE('',#1599,#1600);
#1169=VERTEX_POINT('',#1602);
#1170=LINE('',#1603,#1604);
#1171=VERTEX_POINT('',#1606);
#1172=LINE('',#1607,#1608);
#1173=VERTEX_POINT('',#1610);
#1174=CIRCLE('',#1611,2.);
#1175=VERTEX_POINT('',#1615);
#1176=LINE('',#1616,#1617);
#1177=VERTEX_POINT('',#1619);
#1178=CIRCLE('',#1620,2.);
#1179=VERTEX_POINT('',#1624);
#1180=LINE('',#1625,#1626);
#1181=CIRCLE('',#1628,3.);
#1182=VERTEX_POINT('',#1632);
#1183=B_SPLINE_CURVE_WITH_KNOTS('',3,
(#1633,#1634,#1635,#1636,#1637,#1638,#1639,#1640,#1641,#1642,#1643,#1644,#1645,#1646,
#1647,#1648,#1649,#1650,#1651,#1652,#1653,#1654,#1655,#1656,#1657,#1658,#1659,#1660,
#1661,#1662,#1663,#1664,#1665,#1666,#1667,#1668,#1669,#1670,#1671,#1672,#1673,#1674,
#1675,#1676,#1677,#1678,#1679,#1680,#1681,#1682,#1683,#1684,#1685,#1686,#1687,#1688,
#1689,#1690,#1691,#1692,#1693,#1694,#1695,#1696,#1697),
.UNSPECIFIED.,.F.,.F.,
(4,1,1,1,1,1,1,1,1,1,1,1,1,1,1,1,1,1,1,1,1,1,1,1,1,1,1,1,1,1,1,1,1,1,1,1,1,1,1,1,
1,1,1,1,1,1,1,1,1,1,1,1,1,1,1,1,1,1,1,1,1,1,4),
(0.,0.0309928999186256,0.0610589501926085,0.0904720908220559,0.11928276215566,0.148156325698235,
0.176610326139247,0.204723917658697,0.232373672705376,0.259894581299714,0.286751927447202,
0.313090511293194,0.338520199815652,0.363576000604767,0.387609583959279,0.411000682746592,
0.433487524217976,0.455705612952056,0.476955219556948,0.497496619116986,0.516875857427785,
0.53580108070123,0.553583055548271,0.570675655380606,0.586846935093146,0.602781273681346,
0.617906934677419,0.632459264394382,0.646087607182562,0.659371123938576,0.673023184673721,
0.687388363612528,0.707505601208339,0.727627865314534,0.747768951171988,0.765686505066415,
0.786272779585966,0.805534813213073,0.820674672813688,0.835406167654345,0.849620279957846,
0.863319805853895,0.872567511903025,0.881445510456886,0.889541935226874,0.897223295010512,
0.904453435841795,0.911646054382532,0.91866644122454,0.925572122422851,0.932274226163448,
0.938851230765757,0.945062036526353,0.950991308696812,0.956311887400345,0.961244206708857,
0.965890149054924,0.970499690735403,0.975108340756539,0.97978537178248,0.984946500482686,
0.991578038412378,1.),
.UNSPECIFIED.);
#1184=VERTEX_POINT('',#1698);
#1185=LINE('',#1699,#1700);
#1186=B_SPLINE_CURVE_WITH_KNOTS('',3,
(#1702,#1703,#1704,#1705,#1706,#1707,#1708,#1709,#1710,#1711,#1712,#1713,#1714,#1715,
#1716,#1717,#1718,#1719,#1720,#1721,#1722,#1723,#1724,#1725,#1726,#1727,#1728,#1729,
#1730,#1731,#1732,#1733,#1734,#1735,#1736,#1737,#1738,#1739,#1740,#1741,#1742,#1743,
#1744,#1745,#1746,#1747,#1748,#1749,#1750,#1751,#1752,#1753,#1754,#1755,#1756,#1757,
#1758,#1759,#1760,#1761,#1762,#1763,#1764,#1765,#1766),
.UNSPECIFIED.,.F.,.F.,
(4,1,1,1,1,1,1,1,1,1,1,1,1,1,1,1,1,1,1,1,1,1,1,1,1,1,1,1,1,1,1,1,1,1,1,1,1,1,1,1,
1,1,1,1,1,1,1,1,1,1,1,1,1,1,1,1,1,1,1,1,1,1,4),
(0.,0.0309928999185417,0.0610589501924863,0.0904720908219653,0.119282762155635,0.14815632569823,
0.176610326139248,0.204723917658696,0.232373672705375,0.259894581299715,0.286751927447202,
0.313090511293193,0.33852019981565,0.363576000604767,0.387609583959281,0.411000682746592,
0.433487524217977,0.455705612952054,0.476955219556947,0.497496619116984,0.516875857427784,
0.53580108070123,0.553583055548273,0.570675655380608,0.58684693509314,0.602781273681345,
0.617906934677423,0.632459264394385,0.646087607182566,0.659371123938579,0.67302318467372,
0.68738836361253,0.707505601208339,0.72762786531454,0.74776895117199,0.765686505066409,
0.786272779585962,0.805534813213055,0.820674672813678,0.835406167654337,0.849620279957834,
0.863319805853892,0.872567511903023,0.881445510456889,0.889541935226871,0.89722329501051,
0.904453435841809,0.911646054382523,0.918666441224536,0.92557212242284,0.932274226163436,
0.938851230765754,0.945062036526356,0.950991308696819,0.956311887400346,0.961244206708863,
0.965890149054928,0.970499690735409,0.975108340756531,0.979785371782471,0.984946500482686,
0.991578038412371,1.),
.UNSPECIFIED.);
#1187=VERTEX_POINT('',#1767);
#1188=CIRCLE('',#1768,3.);
#1189=VERTEX_POINT('',#1772);
#1190=LINE('',#1773,#1774);
#1191=VERTEX_POINT('',#1776);
#1192=CIRCLE('',#1777,3.);
#1193=VERTEX_POINT('',#1781);
#1194=LINE('',#1782,#1783);
#1195=VERTEX_POINT('',#1785);
#1196=CIRCLE('',#1786,3.00000000462094);
#1197=VERTEX_POINT('',#1790);
#1198=(BOUNDED_CURVE()B_SPLINE_CURVE(3,
(#1791,#1792,#1793,#1794),
.UNSPECIFIED.,.F.,.F.)B_SPLINE_CURVE_WITH_KNOTS((4,4),
(0.,1.),
.UNSPECIFIED.)CURVE()GEOMETRIC_REPRESENTATION_ITEM()RATIONAL_B_SPLINE_CURVE((1.,
0.877664387180357,0.877664387180357,1.))REPRESENTATION_ITEM(''));
#1199=VERTEX_POINT('',#1795);
#1200=LINE('',#1796,#1797);
#1201=CIRCLE('',#1799,3.);
#1202=VERTEX_POINT('',#1803);
#1203=B_SPLINE_CURVE_WITH_KNOTS('',3,
(#1804,#1805,#1806,#1807,#1808,#1809,#1810,#1811,#1812,#1813,#1814,#1815,#1816,#1817,
#1818,#1819,#1820,#1821,#1822,#1823,#1824,#1825,#1826,#1827,#1828,#1829,#1830,#1831,
#1832,#1833,#1834,#1835,#1836,#1837,#1838,#1839,#1840,#1841,#1842,#1843,#1844,#1845,
#1846,#1847,#1848,#1849,#1850,#1851,#1852,#1853,#1854,#1855,#1856,#1857,#1858,#1859,
#1860,#1861,#1862,#1863,#1864,#1865,#1866,#1867,#1868),
.UNSPECIFIED.,.F.,.F.,
(4,1,1,1,1,1,1,1,1,1,1,1,1,1,1,1,1,1,1,1,1,1,1,1,1,1,1,1,1,1,1,1,1,1,1,1,1,1,1,1,
1,1,1,1,1,1,1,1,1,1,1,1,1,1,1,1,1,1,1,1,1,1,4),
(0.,0.0309928999185424,0.0610589501924859,0.0904720908219664,0.119282762155637,0.148156325698232,
0.176610326139249,0.204723917658695,0.232373672705374,0.259894581299714,0.286751927447202,
0.313090511293192,0.338520199815651,0.363576000604767,0.387609583959282,0.411000682746594,
0.433487524217977,0.455705612952056,0.476955219556951,0.497496619116988,0.516875857427789,
0.535801080701233,0.55358305554827,0.570675655380606,0.58684693509314,0.602781273681348,
0.617906934677422,0.632459264394386,0.646087607182566,0.659371123938578,0.67302318467372,
0.687388363612531,0.70750560120834,0.727627865314542,0.747768951171994,0.765686505066416,
0.786272779585967,0.805534813213068,0.820674672813689,0.835406167654342,0.849620279957846,
0.863319805853907,0.872567511903035,0.881445510456891,0.889541935226868,0.897223295010498,
0.904453435841786,0.911646054382513,0.918666441224531,0.925572122422839,0.932274226163448,
0.938851230765758,0.94506203652635,0.950991308696817,0.95631188740035,0.961244206708866,
0.965890149054934,0.970499690735422,0.975108340756551,0.979785371782486,0.9849465004827,
0.991578038412382,1.),
.UNSPECIFIED.);
#1204=VERTEX_POINT('',#1869);
#1205=CIRCLE('',#1870,3.);
#1206=VERTEX_POINT('',#1874);
#1207=LINE('',#1875,#1876);
#1208=VERTEX_POINT('',#1878);
#1209=(BOUNDED_CURVE()B_SPLINE_CURVE(3,
(#1879,#1880,#1881,#1882),
.UNSPECIFIED.,.F.,.F.)B_SPLINE_CURVE_WITH_KNOTS((4,4),
(0.,1.),
.UNSPECIFIED.)CURVE()GEOMETRIC_REPRESENTATION_ITEM()RATIONAL_B_SPLINE_CURVE((1.,
0.877664387180357,0.877664387180357,1.))REPRESENTATION_ITEM(''));
#1210=VERTEX_POINT('',#1883);
#1211=CIRCLE('',#1884,3.);
#1212=VERTEX_POINT('',#1888);
#1213=LINE('',#1889,#1890);
#1214=VERTEX_POINT('',#1892);
#1215=CIRCLE('',#1893,3.);
#1216=VERTEX_POINT('',#1897);
#1217=LINE('',#1898,#1899);
#1218=CIRCLE('',#1901,3.);
#1219=VERTEX_POINT('',#1905);
#1220=B_SPLINE_CURVE_WITH_KNOTS('',3,
(#1906,#1907,#1908,#1909,#1910,#1911,#1912,#1913,#1914,#1915,#1916,#1917,#1918,#1919,
#1920,#1921,#1922,#1923,#1924,#1925,#1926,#1927,#1928,#1929,#1930,#1931,#1932,#1933,
#1934,#1935,#1936,#1937,#1938,#1939,#1940,#1941,#1942,#1943,#1944,#1945,#1946,#1947,
#1948,#1949,#1950,#1951,#1952,#1953,#1954,#1955,#1956,#1957,#1958,#1959,#1960,#1961,
#1962,#1963,#1964,#1965,#1966,#1967,#1968,#1969,#1970),
.UNSPECIFIED.,.F.,.F.,
(4,1,1,1,1,1,1,1,1,1,1,1,1,1,1,1,1,1,1,1,1,1,1,1,1,1,1,1,1,1,1,1,1,1,1,1,1,1,1,1,
1,1,1,1,1,1,1,1,1,1,1,1,1,1,1,1,1,1,1,1,1,1,4),
(0.,0.0309928999185406,0.0610589501924844,0.0904720908219646,0.119282762155636,0.148156325698232,
0.17661032613925,0.204723917658698,0.232373672705375,0.259894581299714,0.286751927447202,
0.313090511293194,0.338520199815652,0.363576000604767,0.38760958395928,0.411000682746594,
0.433487524217979,0.455705612952058,0.47695521955695,0.497496619116986,0.516875857427785,
0.53580108070123,0.55358305554827,0.570675655380605,0.586846935093137,0.602781273681345,
0.617906934677418,0.632459264394382,0.646087607182561,0.659371123938576,0.673023184673717,
0.687388363612528,0.707505601208336,0.727627865314534,0.747768951171985,0.765686505066405,
0.786272779585958,0.805534813213063,0.820674672813686,0.835406167654338,0.84962027995784,
0.863319805853897,0.872567511903033,0.881445510456892,0.889541935226875,0.897223295010502,
0.904453435841795,0.911646054382522,0.918666441224545,0.92557212242285,0.932274226163453,
0.938851230765764,0.945062036526362,0.95099130869682,0.956311887400353,0.96124420670886,
0.965890149054924,0.970499690735413,0.975108340756536,0.979785371782477,0.984946500482692,
0.991578038412377,1.),
.UNSPECIFIED.);
#1221=LINE('',#1971,#1972);
#1222=LINE('',#1974,#1975);
#1223=LINE('',#1977,#1978);
#1224=LINE('',#1980,#1981);
#1225=LINE('',#1983,#1984);
#1226=B_SPLINE_CURVE_WITH_KNOTS('',3,
(#1986,#1987,#1988,#1989,#1990,#1991,#1992,#1993,#1994,#1995,#1996,#1997,#1998,#1999,
#2000,#2001,#2002,#2003,#2004,#2005,#2006,#2007,#2008,#2009,#2010,#2011,#2012,#2013,
#2014),
.UNSPECIFIED.,.F.,.F.,
(4,1,1,1,1,1,1,1,1,1,1,1,1,1,1,1,1,1,1,1,1,1,1,1,1,1,4),
(0.,0.0187988973508743,0.0374414129135796,0.0559453472153318,0.0741191341030483,
0.092116364203232,0.119421536932281,0.159573223260439,0.215299461290001,0.275333833652909,
0.334970508936301,0.388226313315029,0.4342252597731,0.474689938091466,0.499997228379968,
0.515473034830888,0.561811928378421,0.613324039631764,0.66878974211896,0.726183141102947,
0.786278964326493,0.843085085030565,0.892202351789844,0.928232365042863,0.955618567100913,
0.978002454732826,1.),
.UNSPECIFIED.);
#1227=VERTEX_POINT('',#2015);
#1228=CIRCLE('',#2016,3.);
#1229=VERTEX_POINT('',#2020);
#1230=B_SPLINE_CURVE_WITH_KNOTS('',3,
(#2021,#2022,#2023,#2024,#2025,#2026,#2027,#2028,#2029,#2030,#2031,#2032,#2033,#2034,
#2035,#2036,#2037,#2038,#2039,#2040,#2041,#2042,#2043),
.UNSPECIFIED.,.F.,.F.,
(4,1,1,1,1,1,1,1,1,1,1,1,1,1,1,1,1,1,1,1,4),
(0.,0.0375893748107176,0.0752216589371134,0.112931580477863,0.150682046494454,0.188426565248632,
0.238790030105816,0.30180981212464,0.364655968569737,0.414693299536222,0.463784182671548,
0.531056803616008,0.615857668890657,0.705648094099914,0.77608267676566,0.827797367234431,
0.861655297748968,0.895760817276585,0.930306805060579,0.96504935967204,1.),
.UNSPECIFIED.);
#1231=B_SPLINE_CURVE_WITH_KNOTS('',3,
(#2044,#2045,#2046,#2047,#2048,#2049,#2050,#2051,#2052,#2053,#2054,#2055,#2056,#2057,
#2058,#2059,#2060,#2061,#2062,#2063,#2064,#2065,#2066),
.UNSPECIFIED.,.F.,.F.,
(4,1,1,1,1,1,1,1,1,1,1,1,1,1,1,1,1,1,1,1,4),
(0.,0.0375893749594524,0.0752216588382834,0.112931580259838,0.150682046250012,0.188426564959069,
0.23879002981587,0.301809811881063,0.364655968396052,0.414693299429848,0.463784182616801,
0.531056803599416,0.615857668897555,0.705648094112945,0.776082676781251,0.827797367250013,
0.861655297762434,0.895760817287561,0.930306805068314,0.965049359676099,1.),
.UNSPECIFIED.);
#1232=VERTEX_POINT('',#2067);
#1233=CIRCLE('',#2068,3.);
#1234=VERTEX_POINT('',#2072);
#1235=VERTEX_POINT('',#2073);
#1236=LINE('',#2074,#2075);
#1237=LINE('',#2077,#2078);
#1238=CIRCLE('',#2080,1.);
#1239=LINE('',#2084,#2085);
#1240=VERTEX_POINT('',#2087);
#1241=CIRCLE('',#2088,1.5);
#1242=B_SPLINE_CURVE_WITH_KNOTS('',3,
(#2092,#2093,#2094,#2095,#2096,#2097,#2098,#2099,#2100,#2101,#2102,#2103,#2104,#2105,
#2106,#2107,#2108,#2109,#2110,#2111,#2112,#2113,#2114,#2115,#2116,#2117,#2118,#2119,
#2120,#2121,#2122,#2123,#2124,#2125,#2126,#2127,#2128,#2129,#2130,#2131,#2132,#2133,
#2134,#2135,#2136,#2137,#2138,#2139,#2140,#2141,#2142,#2143,#2144,#2145,#2146),
.UNSPECIFIED.,.F.,.F.,
(4,1,1,1,1,1,1,1,1,1,1,1,1,1,1,1,1,1,1,1,1,1,1,1,1,1,1,1,1,1,1,1,1,1,1,1,1,1,1,1,
1,1,1,1,1,1,1,1,1,1,1,1,4),
(0.,0.00856980577597627,0.0171228184124094,0.0257177711808607,0.0343409052280487,
0.0429770207533225,0.0516323441069955,0.0602952144068581,0.0689629410870863,0.0776279724165936,
0.0862934111826247,0.0949603269051208,0.103632188703326,0.112305885976024,0.125826265763088,
0.146065800447404,0.174816804050824,0.20515332077824,0.229548507606683,0.246215729287053,
0.2607605333421,0.28169184859699,0.312832258088531,0.352562590010639,0.397737585003671,
0.443161301502313,0.485689559708079,0.500003200440703,0.525619973182456,0.564575028093828,
0.604056497422097,0.644373151524774,0.683148458003609,0.713181109269371,0.734155565908425,
0.7528526699855,0.778383346431444,0.811786214219268,0.847080281511397,0.879128274229586,
0.901846299394042,0.916591222812866,0.925491869250377,0.933576262247172,0.940859000083977,
0.948159248943773,0.955503741313976,0.962874362004056,0.970280387628846,0.977695547938614,
0.985127275048687,0.992558173250094,1.),
.UNSPECIFIED.);
#1243=VERTEX_POINT('',#2147);
#1244=LINE('',#2148,#2149);
#1245=VERTEX_POINT('',#2151);
#1246=CIRCLE('',#2152,2.);
#1247=LINE('',#2156,#2157);
#1248=VERTEX_POINT('',#2159);
#1249=LINE('',#2160,#2161);
#1250=LINE('',#2163,#2164);
#1251=VERTEX_POINT('',#2166);
#1252=(BOUNDED_CURVE()B_SPLINE_CURVE(3,
(#2167,#2168,#2169,#2170),
.UNSPECIFIED.,.F.,.F.)B_SPLINE_CURVE_WITH_KNOTS((4,4),
(0.,1.),
.UNSPECIFIED.)CURVE()GEOMETRIC_REPRESENTATION_ITEM()RATIONAL_B_SPLINE_CURVE((1.,
0.804737854124365,0.804737854124365,1.))REPRESENTATION_ITEM(''));
#1253=VERTEX_POINT('',#2171);
#1254=LINE('',#2172,#2173);
#1255=CIRCLE('',#2175,2.);
#1256=VERTEX_POINT('',#2179);
#1257=LINE('',#2180,#2181);
#1258=VERTEX_POINT('',#2183);
#1259=LINE('',#2184,#2185);
#1260=VERTEX_POINT('',#2187);
#1261=LINE('',#2188,#2189);
#1262=VERTEX_POINT('',#2191);
#1263=LINE('',#2192,#2193);
#1264=VERTEX_POINT('',#2195);
#1265=LINE('',#2196,#2197);
#1266=VERTEX_POINT('',#2199);
#1267=LINE('',#2200,#2201);
#1268=VERTEX_POINT('',#2203);
#1269=LINE('',#2204,#2205);
#1270=VERTEX_POINT('',#2207);
#1271=LINE('',#2208,#2209);
#1272=LINE('',#2211,#2212);
#1273=VERTEX_POINT('',#2214);
#1274=CIRCLE('',#2215,2.);
#1275=LINE('',#2219,#2220);
#1276=LINE('',#2222,#2223);
#1277=VERTEX_POINT('',#2225);
#1278=VERTEX_POINT('',#2226);
#1279=CIRCLE('',#2227,1.);
#1280=VERTEX_POINT('',#2231);
#1281=LINE('',#2232,#2233);
#1282=VERTEX_POINT('',#2235);
#1283=LINE('',#2236,#2237);
#1284=LINE('',#2239,#2240);
#1285=LINE('',#2242,#2243);
#1286=VERTEX_POINT('',#2245);
#1287=LINE('',#2246,#2247);
#1288=VERTEX_POINT('',#2249);
#1289=CIRCLE('',#2250,1.);
#1290=LINE('',#2254,#2255);
#1291=VERTEX_POINT('',#2257);
#1292=LINE('',#2258,#2259);
#1293=VERTEX_POINT('',#2261);
#1294=LINE('',#2262,#2263);
#1295=VERTEX_POINT('',#2265);
#1296=LINE('',#2266,#2267);
#1297=VERTEX_POINT('',#2269);
#1298=LINE('',#2270,#2271);
#1299=VERTEX_POINT('',#2273);
#1300=LINE('',#2274,#2275);
#1301=LINE('',#2277,#2278);
#1302=VERTEX_POINT('',#2280);
#1303=LINE('',#2281,#2282);
#1304=VERTEX_POINT('',#2284);
#1305=CIRCLE('',#2285,3.);
#1306=VERTEX_POINT('',#2289);
#1307=LINE('',#2290,#2291);
#1308=LINE('',#2293,#2294);
#1309=VERTEX_POINT('',#2296);
#1310=CIRCLE('',#2297,1.);
#1311=LINE('',#2301,#2302);
#1312=VERTEX_POINT('',#2304);
#1313=LINE('',#2305,#2306);
#1314=VERTEX_POINT('',#2308);
#1315=LINE('',#2309,#2310);
#1316=VERTEX_POINT('',#2312);
#1317=LINE('',#2313,#2314);
#1318=VERTEX_POINT('',#2316);
#1319=LINE('',#2317,#2318);
#1320=VERTEX_POINT('',#2320);
#1321=LINE('',#2321,#2322);
#1322=VERTEX_POINT('',#2324);
#1323=LINE('',#2325,#2326);
#1324=LINE('',#2328,#2329);
#1325=VERTEX_POINT('',#2331);
#1326=LINE('',#2332,#2333);
#1327=LINE('',#2335,#2336);
#1328=LINE('',#2338,#2339);
#1329=VERTEX_POINT('',#2341);
#1330=CIRCLE('',#2342,1.);
#1331=CIRCLE('',#2346,2.);
#1332=VERTEX_POINT('',#2350);
#1333=LINE('',#2351,#2352);
#1334=LINE('',#2354,#2355);
#1335=VERTEX_POINT('',#2357);
#1336=LINE('',#2358,#2359);
#1337=LINE('',#2361,#2362);
#1338=VERTEX_POINT('',#2364);
#1339=VERTEX_POINT('',#2365);
#1340=LINE('',#2366,#2367);
#1341=VERTEX_POINT('',#2369);
#1342=CIRCLE('',#2370,1.);
#1343=VERTEX_POINT('',#2374);
#1344=LINE('',#2375,#2376);
#1345=CIRCLE('',#2378,0.999999999999998);
#1346=LINE('',#2382,#2383);
#1347=VERTEX_POINT('',#2385);
#1348=LINE('',#2386,#2387);
#1349=VERTEX_POINT('',#2389);
#1350=CIRCLE('',#2390,3.);
#1351=LINE('',#2394,#2395);
#1352=VERTEX_POINT('',#2397);
#1353=VERTEX_POINT('',#2398);
#1354=CIRCLE('',#2399,1.);
#1355=LINE('',#2403,#2404);
#1356=VERTEX_POINT('',#2406);
#1357=LINE('',#2407,#2408);
#1358=VERTEX_POINT('',#2410);
#1359=LINE('',#2411,#2412);
#1360=VERTEX_POINT('',#2414);
#1361=CIRCLE('',#2415,0.999999999999995);
#1362=LINE('',#2419,#2420);
#1363=VERTEX_POINT('',#2422);
#1364=CIRCLE('',#2423,1.65);
#1365=VERTEX_POINT('',#2427);
#1366=CIRCLE('',#2428,1.65);
#1367=LINE('',#2432,#2433);
#1368=LINE('',#2435,#2436);
#1369=VERTEX_POINT('',#2438);
#1370=CIRCLE('',#2439,2.);
#1371=VERTEX_POINT('',#2443);
#1372=LINE('',#2444,#2445);
#1373=CIRCLE('',#2447,2.);
#1374=LINE('',#2451,#2452);
#1375=LINE('',#2454,#2455);
#1376=VERTEX_POINT('',#2457);
#1377=LINE('',#2458,#2459);
#1378=LINE('',#2461,#2462);
#1379=LINE('',#2464,#2465);
#1380=VERTEX_POINT('',#2467);
#1381=LINE('',#2468,#2469);
#1382=LINE('',#2471,#2472);
#1383=VERTEX_POINT('',#2474);
#1384=LINE('',#2475,#2476);
#1385=LINE('',#2478,#2479);
#1386=VERTEX_POINT('',#2481);
#1387=CIRCLE('',#2482,1.65);
#1388=VERTEX_POINT('',#2486);
#1389=CIRCLE('',#2487,1.65);
#1390=VERTEX_POINT('',#2491);
#1391=LINE('',#2492,#2493);
#1392=LINE('',#2495,#2496);
#1393=LINE('',#2498,#2499);
#1394=LINE('',#2501,#2502);
#1395=LINE('',#2504,#2505);
#1396=LINE('',#2507,#2508);
#1397=VERTEX_POINT('',#2510);
#1398=B_SPLINE_CURVE_WITH_KNOTS('',3,
(#2511,#2512,#2513,#2514,#2515,#2516,#2517,#2518,#2519,#2520,#2521,#2522,#2523,#2524,
#2525,#2526,#2527,#2528,#2529,#2530,#2531,#2532,#2533),
.UNSPECIFIED.,.F.,.F.,
(4,1,1,1,1,1,1,1,1,1,1,1,1,1,1,1,1,1,1,1,4),
(0.,0.0375893749594554,0.0752216588382807,0.112931580259835,0.15068204625001,0.188426564959068,
0.238790029815863,0.301809811881058,0.364655968396055,0.414693299429851,0.463784182616805,
0.531056803599425,0.61585766889756,0.705648094112958,0.776082676781267,0.82779736725002,
0.861655297762438,0.895760817287562,0.930306805068311,0.965049359676096,1.),
.UNSPECIFIED.);
#1399=B_SPLINE_CURVE_WITH_KNOTS('',3,
(#2534,#2535,#2536,#2537,#2538,#2539,#2540,#2541,#2542,#2543,#2544,#2545,#2546,#2547,
#2548,#2549,#2550,#2551,#2552,#2553,#2554,#2555,#2556),
.UNSPECIFIED.,.F.,.F.,
(4,1,1,1,1,1,1,1,1,1,1,1,1,1,1,1,1,1,1,1,4),
(0.,0.0375893748107207,0.0752216589371154,0.112931580477868,0.15068204649445,0.188426565248628,
0.238790030105808,0.301809812124637,0.364655968569734,0.414693299536227,0.463784182671545,
0.531056803616013,0.615857668890654,0.705648094099907,0.776082676765658,0.827797367234427,
0.86165529774896,0.895760817276579,0.930306805060571,0.965049359672035,1.),
.UNSPECIFIED.);
#1400=LINE('',#2557,#2558);
#1401=LINE('',#2560,#2561);
#1402=VERTEX_POINT('',#2563);
#1403=CIRCLE('',#2564,1.65);
#1404=B_SPLINE_CURVE_WITH_KNOTS('',3,
(#2568,#2569,#2570,#2571,#2572,#2573,#2574,#2575,#2576,#2577,#2578,#2579,#2580,#2581,
#2582,#2583,#2584,#2585,#2586,#2587,#2588,#2589,#2590,#2591,#2592,#2593,#2594,#2595,
#2596),
.UNSPECIFIED.,.F.,.F.,
(4,1,1,1,1,1,1,1,1,1,1,1,1,1,1,1,1,1,1,1,1,1,1,1,1,1,4),
(0.,0.0187988973508773,0.0374414129135696,0.0559453472153166,0.0741191341030304,
0.092116364203217,0.119421536932268,0.159573223260426,0.215299461289996,0.275333833652906,
0.334970508936297,0.388226313315027,0.434225259773097,0.474689938091464,0.499997228379964,
0.515473034830886,0.56181192837842,0.613324039631764,0.668789742118963,0.726183141102952,
0.786278964326497,0.843085085030565,0.892202351789847,0.928232365042864,0.955618567100915,
0.978002454732827,1.),
.UNSPECIFIED.);
#1405=VERTEX_POINT('',#2597);
#1406=CIRCLE('',#2598,3.);
#1407=LINE('',#2602,#2603);
#1408=VERTEX_POINT('',#2605);
#1409=CIRCLE('',#2606,1.65);
#1410=CARTESIAN_POINT('',(-0.999999999999999,17.,-24.));
#1411=CARTESIAN_POINT('',(8.99466051993198E-16,16.,-25.));
#1412=CARTESIAN_POINT('',(-0.999999999999999,17.,-24.));
#1413=CARTESIAN_POINT('',(-1.,16.4142135623731,-24.));
#1414=CARTESIAN_POINT('',(-0.585786437626905,16.,-24.4142135623731));
#1415=CARTESIAN_POINT('',(7.04171909509728E-16,16.,-25.));
#1416=CARTESIAN_POINT('',(-1.00000000000007,17.,3.17157287525383));
#1417=CARTESIAN_POINT('',(-1.,17.,-24.));
#1418=VECTOR('',#1419,1.);
#1419=DIRECTION('',(0.,0.,1.));
#1420=CARTESIAN_POINT('',(1.83697019872103E-16,15.9999999999999,3.));
#1421=CARTESIAN_POINT('',(-1.00000000000004,17.,3.17157287525382));
#1422=CARTESIAN_POINT('',(-1.00000072257459,16.9801289274954,3.17157429452196));
#1423=CARTESIAN_POINT('',(-0.998814180719893,16.9404046532058,3.17115266740689));
#1424=CARTESIAN_POINT('',(-0.99349915434348,16.8810817094691,3.16927984334344));
#1425=CARTESIAN_POINT('',(-0.98466477564107,16.8221869733262,3.16619044206411));
#1426=CARTESIAN_POINT('',(-0.97234576923434,16.7639396879998,3.16193437179168));
#1427=CARTESIAN_POINT('',(-0.954840411834933,16.7001732785647,3.15598340344168));
#1428=CARTESIAN_POINT('',(-0.92859434765828,16.6253362162242,3.14726404679154));
#1429=CARTESIAN_POINT('',(-0.890424073099694,16.5413170992899,3.13505863522899));
#1430=CARTESIAN_POINT('',(-0.844397754105233,16.4618560753869,3.12114016405643));
#1431=CARTESIAN_POINT('',(-0.795845163548423,16.3928535590768,3.1073503790419));
#1432=CARTESIAN_POINT('',(-0.740693903817624,16.3260991329579,3.09265248786838));
#1433=CARTESIAN_POINT('',(-0.666975465660794,16.2517613812252,3.07461992307481));
#1434=CARTESIAN_POINT('',(-0.568227531717512,16.1733569868588,3.05356372162391));
#1435=CARTESIAN_POINT('',(-0.457975878089913,16.1080585446078,3.03442726034306));
#1436=CARTESIAN_POINT('',(-0.356006960140948,16.0638557321307,3.02073122116064));
#1437=CARTESIAN_POINT('',(-0.278017378342803,16.0386227363968,3.01266833066795));
#1438=CARTESIAN_POINT('',(-0.216960638144302,16.0233286898359,3.00770208379687));
#1439=CARTESIAN_POINT('',(-0.163994626352517,16.0130422257358,3.0043260557138));
#1440=CARTESIAN_POINT('',(-0.110036093108372,16.0055692725807,3.0018534760646));
#1441=CARTESIAN_POINT('',(-0.0552466572704971,16.0010197940218,3.00034046283079));
#1442=CARTESIAN_POINT('',(-0.0184601411303039,15.9999993595595,2.99999913575882));
#1443=CARTESIAN_POINT('',(-6.48564736433036E-12,16.,3.));
#1444=CARTESIAN_POINT('',(1.00000000000007,17.,3.17157287525383));
#1445=CARTESIAN_POINT('',(1.00000000000004,17.,3.17157287524617));
#1446=CARTESIAN_POINT('',(1.00000072257463,16.9801289275949,3.17157429451903));
#1447=CARTESIAN_POINT('',(0.998814180725475,16.9404046532881,3.17115266741024));
#1448=CARTESIAN_POINT('',(0.993499154349073,16.8810817094723,3.16927984334501));
#1449=CARTESIAN_POINT('',(0.984664775610938,16.8221869731483,3.16619044205368));
#1450=CARTESIAN_POINT('',(0.972345769171732,16.7639396877376,3.16193437177017));
#1451=CARTESIAN_POINT('',(0.954840411743995,16.7001732782722,3.15598340341107));
#1452=CARTESIAN_POINT('',(0.92859434753984,16.6253362159325,3.1472640467529));
#1453=CARTESIAN_POINT('',(0.890424072973964,16.5413170990513,3.13505863519));
#1454=CARTESIAN_POINT('',(0.844397754004574,16.4618560752345,3.12114016402716));
#1455=CARTESIAN_POINT('',(0.795845163491738,16.3928535590062,3.10735037902659));
#1456=CARTESIAN_POINT('',(0.740693903805877,16.3260991329478,3.09265248786569));
#1457=CARTESIAN_POINT('',(0.666975465685065,16.2517613812488,3.07461992308065));
#1458=CARTESIAN_POINT('',(0.568227531764295,16.1733569868915,3.05356372163311));
#1459=CARTESIAN_POINT('',(0.457975878145516,16.1080585446362,3.03442726035164));
#1460=CARTESIAN_POINT('',(0.35600696019415,16.0638557321507,3.02073122116694));
#1461=CARTESIAN_POINT('',(0.278017378390436,16.0386227364104,3.01266833067234));
#1462=CARTESIAN_POINT('',(0.216960638184691,16.0233286898447,3.00770208379973));
#1463=CARTESIAN_POINT('',(0.163994626384367,16.0130422257409,3.0043260557155));
#1464=CARTESIAN_POINT('',(0.110036093130543,16.005569272583,3.00185347606534));
#1465=CARTESIAN_POINT('',(0.0552466572818935,16.0010197940223,3.00034046283093));
#1466=CARTESIAN_POINT('',(0.0184601411341817,15.9999993595595,2.99999913575881));
#1467=CARTESIAN_POINT('',(6.48567767101002E-12,16.,3.));
#1468=CARTESIAN_POINT('',(0.999999999999997,17.,-24.));
#1469=CARTESIAN_POINT('',(1.,17.,-24.));
#1470=VECTOR('',#1471,1.);
#1471=DIRECTION('',(0.,0.,1.));
#1472=CARTESIAN_POINT('',(1.,17.,-24.));
#1473=CARTESIAN_POINT('',(1.,16.4142135623731,-24.));
#1474=CARTESIAN_POINT('',(0.585786437626907,16.,-24.4142135623731));
#1475=CARTESIAN_POINT('',(2.78669044869682E-15,16.,-25.));
#1476=CARTESIAN_POINT('',(0.999999999999992,17.,-39.));
#1477=CARTESIAN_POINT('',(4.37592834607441E-17,16.,-38.));
#1478=CARTESIAN_POINT('',(1.,17.,-39.));
#1479=CARTESIAN_POINT('',(1.,16.4142135623731,-39.));
#1480=CARTESIAN_POINT('',(0.585786437626906,16.,-38.5857864376269));
#1481=CARTESIAN_POINT('',(2.08220904886879E-15,16.,-38.));
#1482=CARTESIAN_POINT('',(1.,17.,-66.1715728752538));
#1483=CARTESIAN_POINT('',(1.,17.,-66.1715728752538));
#1484=VECTOR('',#1485,1.);
#1485=DIRECTION('',(1.63438904287544E-17,0.,1.));
#1486=CARTESIAN_POINT('',(-0.999999999999998,17.,-66.1715728752538));
#1487=CARTESIAN_POINT('',(-0.999999999999998,17.,-66.1715728752538));
#1488=CARTESIAN_POINT('',(-1.00000075946745,16.9801287938216,-66.1715742938268));
#1489=CARTESIAN_POINT('',(-0.998819736665149,16.9405888702203,-66.1711546433117));
#1490=CARTESIAN_POINT('',(-0.993569931479348,16.8818123943367,-66.1693047886831));
#1491=CARTESIAN_POINT('',(-0.984989914806959,16.824181084757,-66.1663039465055));
#1492=CARTESIAN_POINT('',(-0.973243983311698,16.767877918758,-66.1622436626889));
#1493=CARTESIAN_POINT('',(-0.955920553176039,16.7034563085415,-66.1563459961384));
#1494=CARTESIAN_POINT('',(-0.926507778670255,16.6187112034503,-66.1465581491592));
#1495=CARTESIAN_POINT('',(-0.871530356062917,16.5019653952863,-66.1290587862035));
#1496=CARTESIAN_POINT('',(-0.780840714883499,16.3665873111739,-66.1026114225058));
#1497=CARTESIAN_POINT('',(-0.65334542404842,16.2352689607233,-66.0707935762732));
#1498=CARTESIAN_POINT('',(-0.505492353473151,16.1311183335512,-66.0415126311296));
#1499=CARTESIAN_POINT('',(-0.354359975450596,16.0605294566711,-66.0197708329195));
#1500=CARTESIAN_POINT('',(-0.212903019795551,16.019736825676,-66.0065570398776));
#1501=CARTESIAN_POINT('',(-0.0960818819714592,16.0027795498269,-66.0009271335487));
#1502=CARTESIAN_POINT('',(-0.0103714679498041,15.9993462890604,-65.9997821346461));
#1503=CARTESIAN_POINT('',(0.0815356893156769,16.0015962152888,-66.0005316655868));
#1504=CARTESIAN_POINT('',(0.200452030031195,16.0162190224764,-66.0054064006368));
#1505=CARTESIAN_POINT('',(0.355964888746961,16.0604376623097,-66.0197699313798));
#1506=CARTESIAN_POINT('',(0.511698953078669,16.134772726023,-66.0426034135045));
#1507=CARTESIAN_POINT('',(0.658647761735573,16.2401093312028,-66.0720323781757));
#1508=CARTESIAN_POINT('',(0.784711225234527,16.3712158364055,-66.1036498292932));
#1509=CARTESIAN_POINT('',(0.880352460642817,16.5160533604456,-66.1316894626391));
#1510=CARTESIAN_POINT('',(0.94077485350918,16.6521678532669,-66.1512019897473));
#1511=CARTESIAN_POINT('',(0.973921755598235,16.7658185110947,-66.1624560423047));
#1512=CARTESIAN_POINT('',(0.990438305349501,16.8547274663947,-66.1682034523328));
#1513=CARTESIAN_POINT('',(0.998368648040015,16.929992932861,-66.1709942081443));
#1514=CARTESIAN_POINT('',(1.00000243829194,16.9767969084628,-66.1715760872992));
#1515=CARTESIAN_POINT('',(1.,17.,-66.1715728752538));
#1516=CARTESIAN_POINT('',(-0.999999999999999,17.,-39.));
#1517=CARTESIAN_POINT('',(-1.,17.,-66.1715728752538));
#1518=VECTOR('',#1519,1.);
#1519=DIRECTION('',(0.,0.,1.));
#1520=CARTESIAN_POINT('',(-0.999999999999999,17.,-39.));
#1521=CARTESIAN_POINT('',(-1.,16.4142135623731,-39.));
#1522=CARTESIAN_POINT('',(-0.585786437626905,16.,-38.5857864376269));
#1523=CARTESIAN_POINT('',(6.42939569552361E-16,16.,-38.));
#1524=CARTESIAN_POINT('',(-6.,17.,-24.));
#1525=CARTESIAN_POINT('',(-6.,17.,-24.));
#1526=VECTOR('',#1527,1.);
#1527=DIRECTION('',(1.,0.,0.));
#1528=CARTESIAN_POINT('',(-6.,17.,20.75));
#1529=CARTESIAN_POINT('',(-6.,17.,-24.));
#1530=VECTOR('',#1531,1.);
#1531=DIRECTION('',(0.,0.,1.));
#1532=CARTESIAN_POINT('',(-1.,17.,20.75));
#1533=CARTESIAN_POINT('',(-0.999999999999999,17.,20.75));
#1534=VECTOR('',#1535,1.);
#1535=DIRECTION('',(-1.,0.,0.));
#1536=CARTESIAN_POINT('',(-1.00000000000008,17.,8.82842712474616));
#1537=CARTESIAN_POINT('',(-1.,17.,8.82842712474594));
#1538=VECTOR('',#1539,1.);
#1539=DIRECTION('',(0.,0.,1.));
#1540=AXIS2_PLACEMENT_3D('',#1541,#1542,#1543);
#1541=CARTESIAN_POINT('',(0.,17.,6.));
#1542=DIRECTION('',(0.,1.,0.));
#1543=DIRECTION('',(-0.333333333333358,0.,-0.942809041582055));
#1544=CARTESIAN_POINT('',(-3.5,17.,13.25));
#1545=AXIS2_PLACEMENT_3D('',#1546,#1547,#1548);
#1546=CARTESIAN_POINT('',(-3.5,17.,14.75));
#1547=DIRECTION('',(0.,1.,0.));
#1548=DIRECTION('',(6.12323399573676E-17,0.,-1.));
#1549=CARTESIAN_POINT('',(-6.,17.,-39.));
#1550=CARTESIAN_POINT('',(-0.999999999999998,17.,-39.));
#1551=VECTOR('',#1552,1.);
#1552=DIRECTION('',(-1.,0.,0.));
#1553=CARTESIAN_POINT('',(-1.,17.,-71.8284271247462));
#1554=AXIS2_PLACEMENT_3D('',#1555,#1556,#1557);
#1555=CARTESIAN_POINT('',(3.5527136788005E-15,17.,-69.));
#1556=DIRECTION('',(0.,1.,0.));
#1557=DIRECTION('',(-0.333333333333335,0.,-0.942809041582063));
#1558=CARTESIAN_POINT('',(-0.999999999999989,17.,-76.2679491924311));
#1559=CARTESIAN_POINT('',(-1.,17.,-76.2679491924311));
#1560=VECTOR('',#1561,1.);
#1561=DIRECTION('',(0.,0.,1.));
#1562=CARTESIAN_POINT('',(-2.00000000000001,17.,-78.));
#1563=AXIS2_PLACEMENT_3D('',#1564,#1565,#1566);
#1564=CARTESIAN_POINT('',(0.,17.,-78.));
#1565=DIRECTION('',(0.,-1.,0.));
#1566=DIRECTION('',(-0.499999999999987,0.,0.866025403784446));
#1567=CARTESIAN_POINT('',(-2.,17.,-82.));
#1568=CARTESIAN_POINT('',(-2.,17.,-82.));
#1569=VECTOR('',#1570,1.);
#1570=DIRECTION('',(0.,0.,1.));
#1571=CARTESIAN_POINT('',(-6.,17.,-82.));
#1572=CARTESIAN_POINT('',(-6.,17.,-82.));
#1573=VECTOR('',#1574,1.);
#1574=DIRECTION('',(1.,0.,0.));
#1575=CARTESIAN_POINT('',(-6.,17.,-82.));
#1576=VECTOR('',#1577,1.);
#1577=DIRECTION('',(0.,0.,1.));
#1578=CARTESIAN_POINT('',(6.,17.,-24.));
#1579=CARTESIAN_POINT('',(0.999999999999988,17.,-24.));
#1580=VECTOR('',#1581,1.);
#1581=DIRECTION('',(1.,0.,0.));
#1582=CARTESIAN_POINT('',(1.00000000000008,17.,8.82842712474616));
#1583=AXIS2_PLACEMENT_3D('',#1584,#1585,#1586);
#1584=CARTESIAN_POINT('',(0.,17.,6.));
#1585=DIRECTION('',(0.,1.,0.));
#1586=DIRECTION('',(0.333333333333359,0.,0.942809041582054));
#1587=CARTESIAN_POINT('',(1.,17.,20.75));
#1588=CARTESIAN_POINT('',(1.,17.,8.82842712474594));
#1589=VECTOR('',#1590,1.);
#1590=DIRECTION('',(0.,0.,1.));
#1591=CARTESIAN_POINT('',(6.,17.,20.75));
#1592=CARTESIAN_POINT('',(6.,17.,20.75));
#1593=VECTOR('',#1594,1.);
#1594=DIRECTION('',(-1.,0.,0.));
#1595=CARTESIAN_POINT('',(6.,17.,20.75));
#1596=VECTOR('',#1597,1.);
#1597=DIRECTION('',(0.,0.,-1.));
#1598=CARTESIAN_POINT('',(6.,17.,-39.));
#1599=CARTESIAN_POINT('',(6.,17.,-39.));
#1600=VECTOR('',#1601,1.);
#1601=DIRECTION('',(-1.,0.,0.));
#1602=CARTESIAN_POINT('',(6.,17.,-86.));
#1603=CARTESIAN_POINT('',(6.,17.,-39.));
#1604=VECTOR('',#1605,1.);
#1605=DIRECTION('',(0.,0.,-1.));
#1606=CARTESIAN_POINT('',(4.,17.,-86.));
#1607=CARTESIAN_POINT('',(6.,17.,-86.));
#1608=VECTOR('',#1609,1.);
#1609=DIRECTION('',(-1.,0.,0.));
#1610=CARTESIAN_POINT('',(2.,17.,-84.));
#1611=AXIS2_PLACEMENT_3D('',#1612,#1613,#1614);
#1612=CARTESIAN_POINT('',(4.,17.,-84.));
#1613=DIRECTION('',(0.,1.,0.));
#1614=DIRECTION('',(0.,0.,-1.));
#1615=CARTESIAN_POINT('',(2.,17.,-78.));
#1616=CARTESIAN_POINT('',(2.,17.,-78.));
#1617=VECTOR('',#1618,1.);
#1618=DIRECTION('',(0.,0.,-1.));
#1619=CARTESIAN_POINT('',(0.999999999999986,17.,-76.2679491924311));
#1620=AXIS2_PLACEMENT_3D('',#1621,#1622,#1623);
#1621=CARTESIAN_POINT('',(0.,17.,-78.));
#1622=DIRECTION('',(0.,-1.,0.));
#1623=DIRECTION('',(1.,0.,0.));
#1624=CARTESIAN_POINT('',(1.,17.,-71.8284271247462));
#1625=CARTESIAN_POINT('',(1.,17.,-76.2679491924311));
#1626=VECTOR('',#1627,1.);
#1627=DIRECTION('',(0.,0.,1.));
#1628=AXIS2_PLACEMENT_3D('',#1629,#1630,#1631);
#1629=CARTESIAN_POINT('',(3.5527136788005E-15,17.,-69.));
#1630=DIRECTION('',(0.,1.,0.));
#1631=DIRECTION('',(0.333333333333334,0.,0.942809041582063));
#1632=CARTESIAN_POINT('',(8.23606797749979,16.,-38.));
#1633=CARTESIAN_POINT('',(6.,17.,-39.));
#1634=CARTESIAN_POINT('',(6.03089522990013,17.0000006087971,-38.9999980644787));
#1635=CARTESIAN_POINT('',(6.0918461214352,16.9990592634452,-39.0000015581481));
#1636=CARTESIAN_POINT('',(6.18227835400424,16.9949017903398,-38.9999915443236));
#1637=CARTESIAN_POINT('',(6.27052698484958,16.9882057448586,-38.9999407926771));
#1638=CARTESIAN_POINT('',(6.35747298956224,16.9790485595166,-38.999798170305));
#1639=CARTESIAN_POINT('',(6.44325006740973,16.9674938221911,-38.9994986599365));
#1640=CARTESIAN_POINT('',(6.52801421022381,16.9535787017194,-38.9989595508712));
#1641=CARTESIAN_POINT('',(6.61114925698253,16.9374910738202,-38.9980935541239));
#1642=CARTESIAN_POINT('',(6.69286021329505,16.9192892352596,-38.9967995138325));
#1643=CARTESIAN_POINT('',(6.7727550239542,16.8991525193014,-38.9949772439007));
#1644=CARTESIAN_POINT('',(6.85073549534781,16.8772182073878,-38.9925215375841));
#1645=CARTESIAN_POINT('',(6.92602257643266,16.8538570973112,-38.9893629383309));
#1646=CARTESIAN_POINT('',(6.99888312987912,16.8291601130218,-38.9854097191056));
#1647=CARTESIAN_POINT('',(7.06883806051212,16.8034604610144,-38.9806176557378));
#1648=CARTESIAN_POINT('',(7.13615495810945,16.77683853323,-38.9749116675117));
#1649=CARTESIAN_POINT('',(7.20037161987559,16.7496683653325,-38.9682986445713));
#1650=CARTESIAN_POINT('',(7.26221355292662,16.7218196150409,-38.9606771145939));
#1651=CARTESIAN_POINT('',(7.32141236342923,16.6935605145268,-38.9520476876851));
#1652=CARTESIAN_POINT('',(7.3781143772123,16.664973865762,-38.9423710428917));
#1653=CARTESIAN_POINT('',(7.43153331223395,16.636640954609,-38.9318132567241));
#1654=CARTESIAN_POINT('',(7.48214714924564,16.608505325308,-38.9203464778766));
#1655=CARTESIAN_POINT('',(7.5296202526342,16.5809348110125,-38.9081236369175));
#1656=CARTESIAN_POINT('',(7.57440435842985,16.5538419581815,-38.8951191356487));
#1657=CARTESIAN_POINT('',(7.61617672796046,16.5275961816824,-38.8815455944513));
#1658=CARTESIAN_POINT('',(7.65574226490756,16.5018441401244,-38.8672525440462));
#1659=CARTESIAN_POINT('',(7.69305319990368,16.4767359840412,-38.8523381719711));
#1660=CARTESIAN_POINT('',(7.72839945549903,16.4521862674197,-38.8367654689639));
#1661=CARTESIAN_POINT('',(7.76128918940251,16.4286568312619,-38.820871674395));
#1662=CARTESIAN_POINT('',(7.79213028001926,16.4059772484706,-38.8046050805944));
#1663=CARTESIAN_POINT('',(7.82166035717591,16.383694675624,-38.787675648723));
#1664=CARTESIAN_POINT('',(7.85104051250853,16.3609571056798,-38.7693669157169));
#1665=CARTESIAN_POINT('',(7.88440953511834,16.334458262877,-38.7466841688527));
#1666=CARTESIAN_POINT('',(7.92098260595667,16.3044978183845,-38.7190117086289));
#1667=CARTESIAN_POINT('',(7.95964434726959,16.271700155734,-38.6858060037554));
#1668=CARTESIAN_POINT('',(7.99502546379848,16.2406593547112,-38.651243178175));
#1669=CARTESIAN_POINT('',(8.02876692053467,16.2101464666719,-38.6139241314639));
#1670=CARTESIAN_POINT('',(8.05997161019608,16.1810840139885,-38.5746768091534));
#1671=CARTESIAN_POINT('',(8.08755279320281,16.1546516804064,-38.5348626574676));
#1672=CARTESIAN_POINT('',(8.11046222672124,16.1321861287908,-38.4974308884225));
#1673=CARTESIAN_POINT('',(8.1296150576815,16.1130454910845,-38.462423631197));
#1674=CARTESIAN_POINT('',(8.14677838268421,16.0955956360788,-38.4272651187553));
#1675=CARTESIAN_POINT('',(8.16053862494474,16.0813880478095,-38.3956079586126));
#1676=CARTESIAN_POINT('',(8.17145409152504,16.0699864891202,-38.3678261652714));
#1677=CARTESIAN_POINT('',(8.17987188844057,16.0611168122039,-38.3445218536405));
#1678=CARTESIAN_POINT('',(8.18727018303693,16.0532614578129,-38.3222703438509));
#1679=CARTESIAN_POINT('',(8.19371931614277,16.0463679449723,-38.3012326300264));
#1680=CARTESIAN_POINT('',(8.19949712846117,16.0401553404317,-38.2807926544571));
#1681=CARTESIAN_POINT('',(8.20470616342546,16.0345241950964,-38.2607673015153));
#1682=CARTESIAN_POINT('',(8.20945136960215,16.0293692150724,-38.2408615172309));
#1683=CARTESIAN_POINT('',(8.21371704272893,16.024714491703,-38.2212493305224));
#1684=CARTESIAN_POINT('',(8.21753694486191,16.0205294822323,-38.2019037331905));
#1685=CARTESIAN_POINT('',(8.220890639125,16.0168420871879,-38.1830838858602));
#1686=CARTESIAN_POINT('',(8.22380060505581,16.013632583555,-38.1648861109467));
#1687=CARTESIAN_POINT('',(8.22623887748809,16.0109361295599,-38.1478044552772));
#1688=CARTESIAN_POINT('',(8.22826019818287,16.0086958266475,-38.131886678989));
#1689=CARTESIAN_POINT('',(8.22992025010563,16.0068526012489,-38.1171610673764));
#1690=CARTESIAN_POINT('',(8.23132137103937,16.0052945339759,-38.1030789099932));
#1691=CARTESIAN_POINT('',(8.23251999428468,16.0039599279919,-38.0892647239839));
#1692=CARTESIAN_POINT('',(8.23355019560554,16.002811571247,-38.0753691251767));
#1693=CARTESIAN_POINT('',(8.23444112224744,16.0018175178226,-38.0608720181911));
#1694=CARTESIAN_POINT('',(8.23523794677575,16.0009277126825,-38.0442880287182));
#1695=CARTESIAN_POINT('',(8.23589189058658,16.0001969263157,-38.0238545581274));
#1696=CARTESIAN_POINT('',(8.23606793409873,15.999999982777,-38.0085699720899));
#1697=CARTESIAN_POINT('',(8.23606797749979,16.,-38.));
#1698=CARTESIAN_POINT('',(8.23606797749979,16.,-25.));
#1699=CARTESIAN_POINT('',(8.23606797749979,16.,-25.));
#1700=VECTOR('',#1701,1.);
#1701=DIRECTION('',(0.,0.,-1.));
#1702=CARTESIAN_POINT('',(6.,17.,-24.));
#1703=CARTESIAN_POINT('',(6.03089522990004,17.0000006087971,-24.0000019355213));
#1704=CARTESIAN_POINT('',(6.09184612143499,16.9990592634452,-23.9999984418519));
#1705=CARTESIAN_POINT('',(6.18227835400394,16.9949017903399,-24.0000084556765));
#1706=CARTESIAN_POINT('',(6.27052698484934,16.9882057448587,-24.0000592073229));
#1707=CARTESIAN_POINT('',(6.35747298956212,16.9790485595167,-24.000201829695));
#1708=CARTESIAN_POINT('',(6.4432500674097,16.9674938221911,-24.0005013400635));
#1709=CARTESIAN_POINT('',(6.5280142102238,16.9535787017194,-24.0010404491288));
#1710=CARTESIAN_POINT('',(6.61114925698253,16.9374910738202,-24.0019064458762));
#1711=CARTESIAN_POINT('',(6.69286021329504,16.9192892352596,-24.0032004861675));
#1712=CARTESIAN_POINT('',(6.7727550239542,16.8991525193014,-24.0050227560993));
#1713=CARTESIAN_POINT('',(6.8507354953478,16.8772182073878,-24.0074784624159));
#1714=CARTESIAN_POINT('',(6.92602257643265,16.8538570973112,-24.0106370616691));
#1715=CARTESIAN_POINT('',(6.99888312987912,16.8291601130218,-24.0145902808944));
#1716=CARTESIAN_POINT('',(7.06883806051211,16.8034604610144,-24.0193823442622));
#1717=CARTESIAN_POINT('',(7.13615495810945,16.77683853323,-24.0250883324883));
#1718=CARTESIAN_POINT('',(7.20037161987559,16.7496683653325,-24.0317013554286));
#1719=CARTESIAN_POINT('',(7.26221355292661,16.7218196150409,-24.039322885406));
#1720=CARTESIAN_POINT('',(7.32141236342923,16.6935605145268,-24.0479523123149));
#1721=CARTESIAN_POINT('',(7.37811437721229,16.664973865762,-24.0576289571083));
#1722=CARTESIAN_POINT('',(7.43153331223395,16.6366409546091,-24.0681867432759));
#1723=CARTESIAN_POINT('',(7.48214714924563,16.608505325308,-24.0796535221234));
#1724=CARTESIAN_POINT('',(7.52962025263421,16.5809348110125,-24.0918763630825));
#1725=CARTESIAN_POINT('',(7.57440435842985,16.5538419581815,-24.1048808643513));
#1726=CARTESIAN_POINT('',(7.61617672796046,16.5275961816824,-24.1184544055487));
#1727=CARTESIAN_POINT('',(7.65574226490756,16.5018441401244,-24.1327474559538));
#1728=CARTESIAN_POINT('',(7.69305319990367,16.4767359840412,-24.1476618280289));
#1729=CARTESIAN_POINT('',(7.72839945549903,16.4521862674197,-24.1632345310361));
#1730=CARTESIAN_POINT('',(7.76128918940251,16.4286568312619,-24.179128325605));
#1731=CARTESIAN_POINT('',(7.79213028001926,16.4059772484706,-24.1953949194056));
#1732=CARTESIAN_POINT('',(7.8216603571759,16.383694675624,-24.212324351277));
#1733=CARTESIAN_POINT('',(7.85104051250854,16.3609571056798,-24.2306330842831));
#1734=CARTESIAN_POINT('',(7.88440953511834,16.334458262877,-24.2533158311473));
#1735=CARTESIAN_POINT('',(7.92098260595668,16.3044978183845,-24.2809882913711));
#1736=CARTESIAN_POINT('',(7.95964434726958,16.271700155734,-24.3141939962447));
#1737=CARTESIAN_POINT('',(7.99502546379849,16.2406593547112,-24.3487568218251));
#1738=CARTESIAN_POINT('',(8.02876692053467,16.2101464666719,-24.3860758685361));
#1739=CARTESIAN_POINT('',(8.05997161019607,16.1810840139885,-24.4253231908466));
#1740=CARTESIAN_POINT('',(8.08755279320281,16.1546516804064,-24.4651373425324));
#1741=CARTESIAN_POINT('',(8.11046222672122,16.1321861287908,-24.5025691115775));
#1742=CARTESIAN_POINT('',(8.1296150576815,16.1130454910845,-24.5375763688029));
#1743=CARTESIAN_POINT('',(8.14677838268421,16.0955956360788,-24.5727348812447));
#1744=CARTESIAN_POINT('',(8.16053862494473,16.0813880478095,-24.6043920413874));
#1745=CARTESIAN_POINT('',(8.17145409152505,16.0699864891202,-24.6321738347286));
#1746=CARTESIAN_POINT('',(8.17987188844058,16.0611168122039,-24.6554781463595));
#1747=CARTESIAN_POINT('',(8.18727018303693,16.0532614578129,-24.6777296561491));
#1748=CARTESIAN_POINT('',(8.19371931614276,16.0463679449723,-24.6987673699736));
#1749=CARTESIAN_POINT('',(8.19949712846117,16.0401553404317,-24.7192073455428));
#1750=CARTESIAN_POINT('',(8.20470616342546,16.0345241950963,-24.7392326984847));
#1751=CARTESIAN_POINT('',(8.20945136960214,16.0293692150724,-24.7591384827691));
#1752=CARTESIAN_POINT('',(8.21371704272893,16.024714491703,-24.7787506694776));
#1753=CARTESIAN_POINT('',(8.21753694486191,16.0205294822323,-24.7980962668095));
#1754=CARTESIAN_POINT('',(8.220890639125,16.0168420871879,-24.8169161141398));
#1755=CARTESIAN_POINT('',(8.22380060505582,16.013632583555,-24.8351138890533));
#1756=CARTESIAN_POINT('',(8.22623887748809,16.0109361295599,-24.8521955447228));
#1757=CARTESIAN_POINT('',(8.22826019818288,16.0086958266475,-24.8681133210111));
#1758=CARTESIAN_POINT('',(8.22992025010563,16.0068526012489,-24.8828389326236));
#1759=CARTESIAN_POINT('',(8.23132137103939,16.0052945339759,-24.8969210900068));
#1760=CARTESIAN_POINT('',(8.23251999428466,16.0039599279919,-24.9107352760161));
#1761=CARTESIAN_POINT('',(8.23355019560555,16.002811571247,-24.9246308748233));
#1762=CARTESIAN_POINT('',(8.23444112224744,16.0018175178226,-24.9391279818089));
#1763=CARTESIAN_POINT('',(8.23523794677575,16.0009277126825,-24.9557119712818));
#1764=CARTESIAN_POINT('',(8.23589189058658,16.0001969263157,-24.9761454418726));
#1765=CARTESIAN_POINT('',(8.23606793409873,15.999999982777,-24.9914300279101));
#1766=CARTESIAN_POINT('',(8.23606797749979,16.,-25.));
#1767=CARTESIAN_POINT('',(7.05,16.8102490992793,20.75));
#1768=AXIS2_PLACEMENT_3D('',#1769,#1770,#1771);
#1769=CARTESIAN_POINT('',(6.,14.,20.75));
#1770=DIRECTION('',(0.,0.,-1.));
#1771=DIRECTION('',(0.,1.,0.));
#1772=CARTESIAN_POINT('',(7.05,16.8102490992793,27.25));
#1773=CARTESIAN_POINT('',(7.05,16.8102490992793,27.25));
#1774=VECTOR('',#1775,1.);
#1775=DIRECTION('',(0.,0.,-1.));
#1776=CARTESIAN_POINT('',(6.,17.,27.25));
#1777=AXIS2_PLACEMENT_3D('',#1778,#1779,#1780);
#1778=CARTESIAN_POINT('',(6.,14.,27.25));
#1779=DIRECTION('',(0.,0.,-1.));
#1780=DIRECTION('',(0.,1.,0.));
#1781=CARTESIAN_POINT('',(6.,17.0000000007702,86.));
#1782=CARTESIAN_POINT('',(6.,17.,86.));
#1783=VECTOR('',#1784,1.);
#1784=DIRECTION('',(0.,0.,-1.));
#1785=CARTESIAN_POINT('',(6.99999999922992,16.8284271274691,86.0000000005134));
#1786=AXIS2_PLACEMENT_3D('',#1787,#1788,#1789);
#1787=CARTESIAN_POINT('',(6.,14.,86.));
#1788=DIRECTION('',(0.,0.,1.));
#1789=DIRECTION('',(0.333333332819896,0.942809041763591,0.));
#1790=CARTESIAN_POINT('',(9.,14.,84.));
#1791=CARTESIAN_POINT('',(6.99999999845985,16.8284271252907,86.0000000015402));
#1792=CARTESIAN_POINT('',(8.24040820509782,16.389876598874,84.7595917949022));
#1793=CARTESIAN_POINT('',(9.,15.3156515812764,84.));
#1794=CARTESIAN_POINT('',(9.,14.,84.));
#1795=CARTESIAN_POINT('',(9.,14.,-86.));
#1796=CARTESIAN_POINT('',(9.,14.,84.));
#1797=VECTOR('',#1798,1.);
#1798=DIRECTION('',(0.,0.,-1.));
#1799=AXIS2_PLACEMENT_3D('',#1800,#1801,#1802);
#1800=CARTESIAN_POINT('',(6.,14.,-86.));
#1801=DIRECTION('',(0.,0.,-1.));
#1802=DIRECTION('',(0.,1.,0.));
#1803=CARTESIAN_POINT('',(-8.2360679774998,16.,-38.));
#1804=CARTESIAN_POINT('',(-6.,17.,-39.));
#1805=CARTESIAN_POINT('',(-6.03089522990004,17.0000006087971,-38.9999980644787));
#1806=CARTESIAN_POINT('',(-6.09184612143499,16.9990592634452,-39.0000015581481));
#1807=CARTESIAN_POINT('',(-6.18227835400394,16.9949017903399,-38.9999915443235));
#1808=CARTESIAN_POINT('',(-6.27052698484934,16.9882057448587,-38.9999407926771));
#1809=CARTESIAN_POINT('',(-6.35747298956212,16.9790485595167,-38.999798170305));
#1810=CARTESIAN_POINT('',(-6.44325006740971,16.9674938221911,-38.9994986599365));
#1811=CARTESIAN_POINT('',(-6.5280142102238,16.9535787017194,-38.9989595508712));
#1812=CARTESIAN_POINT('',(-6.61114925698253,16.9374910738202,-38.9980935541239));
#1813=CARTESIAN_POINT('',(-6.69286021329504,16.9192892352596,-38.9967995138325));
#1814=CARTESIAN_POINT('',(-6.77275502395419,16.8991525193014,-38.9949772439007));
#1815=CARTESIAN_POINT('',(-6.8507354953478,16.8772182073878,-38.9925215375841));
#1816=CARTESIAN_POINT('',(-6.92602257643265,16.8538570973112,-38.9893629383309));
#1817=CARTESIAN_POINT('',(-6.99888312987912,16.8291601130218,-38.9854097191056));
#1818=CARTESIAN_POINT('',(-7.06883806051211,16.8034604610144,-38.9806176557378));
#1819=CARTESIAN_POINT('',(-7.13615495810945,16.77683853323,-38.9749116675117));
#1820=CARTESIAN_POINT('',(-7.20037161987559,16.7496683653325,-38.9682986445714));
#1821=CARTESIAN_POINT('',(-7.26221355292662,16.7218196150409,-38.9606771145939));
#1822=CARTESIAN_POINT('',(-7.32141236342923,16.6935605145268,-38.9520476876851));
#1823=CARTESIAN_POINT('',(-7.37811437721231,16.664973865762,-38.9423710428917));
#1824=CARTESIAN_POINT('',(-7.43153331223396,16.636640954609,-38.9318132567241));
#1825=CARTESIAN_POINT('',(-7.48214714924564,16.608505325308,-38.9203464778766));
#1826=CARTESIAN_POINT('',(-7.52962025263421,16.5809348110125,-38.9081236369175));
#1827=CARTESIAN_POINT('',(-7.57440435842985,16.5538419581815,-38.8951191356487));
#1828=CARTESIAN_POINT('',(-7.61617672796045,16.5275961816824,-38.8815455944512));
#1829=CARTESIAN_POINT('',(-7.65574226490756,16.5018441401244,-38.8672525440462));
#1830=CARTESIAN_POINT('',(-7.69305319990367,16.4767359840412,-38.8523381719711));
#1831=CARTESIAN_POINT('',(-7.72839945549904,16.4521862674197,-38.8367654689639));
#1832=CARTESIAN_POINT('',(-7.76128918940252,16.4286568312619,-38.820871674395));
#1833=CARTESIAN_POINT('',(-7.79213028001926,16.4059772484706,-38.8046050805944));
#1834=CARTESIAN_POINT('',(-7.8216603571759,16.383694675624,-38.787675648723));
#1835=CARTESIAN_POINT('',(-7.85104051250853,16.3609571056798,-38.7693669157169));
#1836=CARTESIAN_POINT('',(-7.88440953511835,16.334458262877,-38.7466841688527));
#1837=CARTESIAN_POINT('',(-7.92098260595668,16.3044978183845,-38.7190117086289));
#1838=CARTESIAN_POINT('',(-7.9596443472696,16.271700155734,-38.6858060037553));
#1839=CARTESIAN_POINT('',(-7.99502546379849,16.2406593547112,-38.6512431781749));
#1840=CARTESIAN_POINT('',(-8.02876692053467,16.2101464666719,-38.6139241314639));
#1841=CARTESIAN_POINT('',(-8.05997161019608,16.1810840139885,-38.5746768091534));
#1842=CARTESIAN_POINT('',(-8.08755279320282,16.1546516804064,-38.5348626574676));
#1843=CARTESIAN_POINT('',(-8.11046222672122,16.1321861287908,-38.4974308884225));
#1844=CARTESIAN_POINT('',(-8.12961505768151,16.1130454910845,-38.4624236311971));
#1845=CARTESIAN_POINT('',(-8.14677838268421,16.0955956360788,-38.4272651187553));
#1846=CARTESIAN_POINT('',(-8.16053862494474,16.0813880478095,-38.3956079586126));
#1847=CARTESIAN_POINT('',(-8.17145409152506,16.0699864891202,-38.3678261652713));
#1848=CARTESIAN_POINT('',(-8.17987188844058,16.0611168122039,-38.3445218536405));
#1849=CARTESIAN_POINT('',(-8.18727018303692,16.0532614578129,-38.3222703438509));
#1850=CARTESIAN_POINT('',(-8.19371931614276,16.0463679449723,-38.3012326300264));
#1851=CARTESIAN_POINT('',(-8.19949712846117,16.0401553404317,-38.2807926544572));
#1852=CARTESIAN_POINT('',(-8.20470616342545,16.0345241950963,-38.2607673015153));
#1853=CARTESIAN_POINT('',(-8.20945136960214,16.0293692150724,-38.2408615172309));
#1854=CARTESIAN_POINT('',(-8.21371704272893,16.024714491703,-38.2212493305224));
#1855=CARTESIAN_POINT('',(-8.21753694486191,16.0205294822323,-38.2019037331905));
#1856=CARTESIAN_POINT('',(-8.22089063912499,16.0168420871879,-38.1830838858601));
#1857=CARTESIAN_POINT('',(-8.22380060505582,16.013632583555,-38.1648861109467));
#1858=CARTESIAN_POINT('',(-8.22623887748809,16.0109361295599,-38.1478044552772));
#1859=CARTESIAN_POINT('',(-8.22826019818288,16.0086958266475,-38.1318866789889));
#1860=CARTESIAN_POINT('',(-8.22992025010564,16.0068526012489,-38.1171610673764));
#1861=CARTESIAN_POINT('',(-8.23132137103938,16.0052945339759,-38.1030789099931));
#1862=CARTESIAN_POINT('',(-8.23251999428467,16.0039599279919,-38.0892647239839));
#1863=CARTESIAN_POINT('',(-8.23355019560555,16.002811571247,-38.0753691251767));
#1864=CARTESIAN_POINT('',(-8.23444112224745,16.0018175178226,-38.0608720181911));
#1865=CARTESIAN_POINT('',(-8.23523794677575,16.0009277126825,-38.0442880287182));
#1866=CARTESIAN_POINT('',(-8.23589189058658,16.0001969263157,-38.0238545581274));
#1867=CARTESIAN_POINT('',(-8.23606793409874,15.999999982777,-38.0085699720899));
#1868=CARTESIAN_POINT('',(-8.2360679774998,16.,-38.));
#1869=CARTESIAN_POINT('',(-9.,14.,-82.));
#1870=AXIS2_PLACEMENT_3D('',#1871,#1872,#1873);
#1871=CARTESIAN_POINT('',(-6.,14.,-82.));
#1872=DIRECTION('',(0.,0.,1.));
#1873=DIRECTION('',(-2.96059473233375E-16,1.,0.));
#1874=CARTESIAN_POINT('',(-9.,14.,84.));
#1875=CARTESIAN_POINT('',(-9.,14.,-82.));
#1876=VECTOR('',#1877,1.);
#1877=DIRECTION('',(0.,0.,1.));
#1878=CARTESIAN_POINT('',(-6.99999999897321,16.828427126743,86.0000000005134));
#1879=CARTESIAN_POINT('',(-6.99999999845985,16.8284271252907,86.0000000015402));
#1880=CARTESIAN_POINT('',(-8.24040820509782,16.389876598874,84.7595917949022));
#1881=CARTESIAN_POINT('',(-9.,15.3156515812764,84.));
#1882=CARTESIAN_POINT('',(-9.,14.,84.));
#1883=CARTESIAN_POINT('',(-6.,17.,86.));
#1884=AXIS2_PLACEMENT_3D('',#1885,#1886,#1887);
#1885=CARTESIAN_POINT('',(-6.,14.,86.));
#1886=DIRECTION('',(0.,0.,1.));
#1887=DIRECTION('',(0.,1.,0.));
#1888=CARTESIAN_POINT('',(-6.,17.,27.25));
#1889=CARTESIAN_POINT('',(-6.,17.,27.25));
#1890=VECTOR('',#1891,1.);
#1891=DIRECTION('',(0.,0.,1.));
#1892=CARTESIAN_POINT('',(-7.05,16.8102490992793,27.25));
#1893=AXIS2_PLACEMENT_3D('',#1894,#1895,#1896);
#1894=CARTESIAN_POINT('',(-6.,14.,27.25));
#1895=DIRECTION('',(0.,0.,1.));
#1896=DIRECTION('',(0.,1.,0.));
#1897=CARTESIAN_POINT('',(-7.05,16.8102490992793,20.75));
#1898=CARTESIAN_POINT('',(-7.05,16.8102490992793,20.75));
#1899=VECTOR('',#1900,1.);
#1900=DIRECTION('',(-1.36642833800019E-16,0.,1.));
#1901=AXIS2_PLACEMENT_3D('',#1902,#1903,#1904);
#1902=CARTESIAN_POINT('',(-6.,14.,20.75));
#1903=DIRECTION('',(0.,0.,1.));
#1904=DIRECTION('',(0.,1.,0.));
#1905=CARTESIAN_POINT('',(-8.23606797749979,16.,-25.));
#1906=CARTESIAN_POINT('',(-6.,17.,-24.));
#1907=CARTESIAN_POINT('',(-6.03089522990004,17.0000006087971,-24.0000019355213));
#1908=CARTESIAN_POINT('',(-6.09184612143499,16.9990592634452,-23.9999984418519));
#1909=CARTESIAN_POINT('',(-6.18227835400393,16.9949017903399,-24.0000084556765));
#1910=CARTESIAN_POINT('',(-6.27052698484934,16.9882057448587,-24.0000592073229));
#1911=CARTESIAN_POINT('',(-6.35747298956212,16.9790485595167,-24.000201829695));
#1912=CARTESIAN_POINT('',(-6.44325006740971,16.9674938221911,-24.0005013400635));
#1913=CARTESIAN_POINT('',(-6.5280142102238,16.9535787017194,-24.0010404491287));
#1914=CARTESIAN_POINT('',(-6.61114925698253,16.9374910738202,-24.0019064458762));
#1915=CARTESIAN_POINT('',(-6.69286021329504,16.9192892352596,-24.0032004861675));
#1916=CARTESIAN_POINT('',(-6.7727550239542,16.8991525193014,-24.0050227560993));
#1917=CARTESIAN_POINT('',(-6.8507354953478,16.8772182073877,-24.0074784624159));
#1918=CARTESIAN_POINT('',(-6.92602257643265,16.8538570973112,-24.0106370616691));
#1919=CARTESIAN_POINT('',(-6.99888312987911,16.8291601130218,-24.0145902808944));
#1920=CARTESIAN_POINT('',(-7.06883806051212,16.8034604610144,-24.0193823442622));
#1921=CARTESIAN_POINT('',(-7.13615495810945,16.77683853323,-24.0250883324883));
#1922=CARTESIAN_POINT('',(-7.20037161987559,16.7496683653325,-24.0317013554286));
#1923=CARTESIAN_POINT('',(-7.26221355292662,16.7218196150409,-24.039322885406));
#1924=CARTESIAN_POINT('',(-7.32141236342923,16.6935605145268,-24.0479523123149));
#1925=CARTESIAN_POINT('',(-7.3781143772123,16.664973865762,-24.0576289571083));
#1926=CARTESIAN_POINT('',(-7.43153331223395,16.636640954609,-24.0681867432759));
#1927=CARTESIAN_POINT('',(-7.48214714924564,16.608505325308,-24.0796535221235));
#1928=CARTESIAN_POINT('',(-7.5296202526342,16.5809348110125,-24.0918763630825));
#1929=CARTESIAN_POINT('',(-7.57440435842985,16.5538419581815,-24.1048808643513));
#1930=CARTESIAN_POINT('',(-7.61617672796045,16.5275961816824,-24.1184544055488));
#1931=CARTESIAN_POINT('',(-7.65574226490756,16.5018441401244,-24.1327474559538));
#1932=CARTESIAN_POINT('',(-7.69305319990366,16.4767359840412,-24.1476618280289));
#1933=CARTESIAN_POINT('',(-7.72839945549903,16.4521862674197,-24.1632345310361));
#1934=CARTESIAN_POINT('',(-7.7612891894025,16.428656831262,-24.179128325605));
#1935=CARTESIAN_POINT('',(-7.79213028001925,16.4059772484706,-24.1953949194056));
#1936=CARTESIAN_POINT('',(-7.8216603571759,16.383694675624,-24.212324351277));
#1937=CARTESIAN_POINT('',(-7.85104051250853,16.3609571056798,-24.230633084283));
#1938=CARTESIAN_POINT('',(-7.88440953511833,16.334458262877,-24.2533158311473));
#1939=CARTESIAN_POINT('',(-7.92098260595668,16.3044978183845,-24.2809882913711));
#1940=CARTESIAN_POINT('',(-7.95964434726958,16.271700155734,-24.3141939962446));
#1941=CARTESIAN_POINT('',(-7.99502546379848,16.2406593547112,-24.348756821825));
#1942=CARTESIAN_POINT('',(-8.02876692053466,16.2101464666719,-24.3860758685361));
#1943=CARTESIAN_POINT('',(-8.05997161019607,16.1810840139885,-24.4253231908466));
#1944=CARTESIAN_POINT('',(-8.08755279320281,16.1546516804064,-24.4651373425324));
#1945=CARTESIAN_POINT('',(-8.11046222672122,16.1321861287908,-24.5025691115775));
#1946=CARTESIAN_POINT('',(-8.12961505768151,16.1130454910845,-24.5375763688029));
#1947=CARTESIAN_POINT('',(-8.14677838268421,16.0955956360788,-24.5727348812447));
#1948=CARTESIAN_POINT('',(-8.16053862494473,16.0813880478095,-24.6043920413874));
#1949=CARTESIAN_POINT('',(-8.17145409152507,16.0699864891202,-24.6321738347287));
#1950=CARTESIAN_POINT('',(-8.17987188844058,16.0611168122039,-24.6554781463595));
#1951=CARTESIAN_POINT('',(-8.18727018303693,16.0532614578129,-24.6777296561491));
#1952=CARTESIAN_POINT('',(-8.19371931614276,16.0463679449723,-24.6987673699736));
#1953=CARTESIAN_POINT('',(-8.19949712846116,16.0401553404317,-24.7192073455428));
#1954=CARTESIAN_POINT('',(-8.20470616342545,16.0345241950964,-24.7392326984847));
#1955=CARTESIAN_POINT('',(-8.20945136960215,16.0293692150723,-24.7591384827691));
#1956=CARTESIAN_POINT('',(-8.21371704272893,16.024714491703,-24.7787506694776));
#1957=CARTESIAN_POINT('',(-8.21753694486191,16.0205294822323,-24.7980962668095));
#1958=CARTESIAN_POINT('',(-8.220890639125,16.0168420871879,-24.8169161141399));
#1959=CARTESIAN_POINT('',(-8.22380060505582,16.013632583555,-24.8351138890533));
#1960=CARTESIAN_POINT('',(-8.22623887748809,16.0109361295599,-24.8521955447228));
#1961=CARTESIAN_POINT('',(-8.22826019818287,16.0086958266475,-24.868113321011));
#1962=CARTESIAN_POINT('',(-8.22992025010563,16.0068526012489,-24.8828389326236));
#1963=CARTESIAN_POINT('',(-8.23132137103937,16.0052945339759,-24.8969210900068));
#1964=CARTESIAN_POINT('',(-8.23251999428468,16.0039599279919,-24.9107352760161));
#1965=CARTESIAN_POINT('',(-8.23355019560555,16.002811571247,-24.9246308748233));
#1966=CARTESIAN_POINT('',(-8.23444112224744,16.0018175178226,-24.9391279818089));
#1967=CARTESIAN_POINT('',(-8.23523794677575,16.0009277126825,-24.9557119712818));
#1968=CARTESIAN_POINT('',(-8.23589189058657,16.0001969263157,-24.9761454418726));
#1969=CARTESIAN_POINT('',(-8.23606793409873,15.999999982777,-24.9914300279101));
#1970=CARTESIAN_POINT('',(-8.23606797749979,16.,-25.));
#1971=CARTESIAN_POINT('',(-8.23606797749979,16.,-38.));
#1972=VECTOR('',#1973,1.);
#1973=DIRECTION('',(0.,0.,1.));
#1974=CARTESIAN_POINT('',(8.23606797749979,16.,-38.));
#1975=VECTOR('',#1976,1.);
#1976=DIRECTION('',(-1.,0.,-8.62720824671725E-16));
#1977=CARTESIAN_POINT('',(9.41369854264954E-16,16.,-38.));
#1978=VECTOR('',#1979,1.);
#1979=DIRECTION('',(-1.,0.,0.));
#1980=CARTESIAN_POINT('',(-8.23606797749979,16.,-25.));
#1981=VECTOR('',#1982,1.);
#1982=DIRECTION('',(1.,0.,0.));
#1983=CARTESIAN_POINT('',(9.87448854392127E-16,16.,-25.));
#1984=VECTOR('',#1985,1.);
#1985=DIRECTION('',(1.,0.,0.));
#1986=CARTESIAN_POINT('',(-1.00000000000004,17.,8.82842712474619));
#1987=CARTESIAN_POINT('',(-1.00000075946747,16.9801287938217,8.82842570617323));
#1988=CARTESIAN_POINT('',(-0.998819736665141,16.9405888702203,8.82884535668831));
#1989=CARTESIAN_POINT('',(-0.99356993147935,16.8818123943367,8.83069521131686));
#1990=CARTESIAN_POINT('',(-0.984989914806956,16.824181084757,8.83369605349451));
#1991=CARTESIAN_POINT('',(-0.973243983311697,16.767877918758,8.83775633731116));
#1992=CARTESIAN_POINT('',(-0.955920553176041,16.7034563085415,8.84365400386157));
#1993=CARTESIAN_POINT('',(-0.926507778670253,16.6187112034503,8.85344185084077));
#1994=CARTESIAN_POINT('',(-0.871530356062916,16.5019653952863,8.8709412137965));
#1995=CARTESIAN_POINT('',(-0.7808407148835,16.3665873111739,8.89738857749417));
#1996=CARTESIAN_POINT('',(-0.653345424048422,16.2352689607233,8.92920642372681));
#1997=CARTESIAN_POINT('',(-0.505492353473152,16.1311183335512,8.95848736887037));
#1998=CARTESIAN_POINT('',(-0.354359975450595,16.0605294566711,8.98022916708054));
#1999=CARTESIAN_POINT('',(-0.212903019795556,16.019736825676,8.99344296012242));
#2000=CARTESIAN_POINT('',(-0.0960818819714589,16.0027795498269,8.99907286645133));
#2001=CARTESIAN_POINT('',(-0.0103714679498044,15.9993462890604,9.00021786535382));
#2002=CARTESIAN_POINT('',(0.0815356893156761,16.0015962152888,8.99946833441319));
#2003=CARTESIAN_POINT('',(0.200452030031194,16.0162190224764,8.99459359936322));
#2004=CARTESIAN_POINT('',(0.355964888746965,16.0604376623097,8.98023006862025));
#2005=CARTESIAN_POINT('',(0.511698953078663,16.134772726023,8.95739658649552));
#2006=CARTESIAN_POINT('',(0.658647761735584,16.2401093312028,8.92796762182425));
#2007=CARTESIAN_POINT('',(0.784711225234522,16.3712158364055,8.89635017070684));
#2008=CARTESIAN_POINT('',(0.880352460642816,16.5160533604456,8.86831053736089));
#2009=CARTESIAN_POINT('',(0.940774853509178,16.6521678532669,8.84879801025263));
#2010=CARTESIAN_POINT('',(0.973921755598233,16.7658185110947,8.83754395769527));
#2011=CARTESIAN_POINT('',(0.990438305349504,16.8547274663947,8.83179654766716));
#2012=CARTESIAN_POINT('',(0.998368648040008,16.929992932861,8.82900579185572));
#2013=CARTESIAN_POINT('',(1.00000243829195,16.9767969084628,8.82842391270077));
#2014=CARTESIAN_POINT('',(1.00000000000004,17.,8.8284271247462));
#2015=CARTESIAN_POINT('',(1.83697019872103E-16,11.,3.));
#2016=AXIS2_PLACEMENT_3D('',#2017,#2018,#2019);
#2017=CARTESIAN_POINT('',(-3.67394039744206E-16,11.,6.));
#2018=DIRECTION('',(0.,1.,0.));
#2019=DIRECTION('',(6.12323399573677E-17,0.,-1.));
#2020=CARTESIAN_POINT('',(4.77612251667468E-15,15.9999999999999,-72.));
#2021=CARTESIAN_POINT('',(1.,17.,-71.8284271247538));
#2022=CARTESIAN_POINT('',(1.00000072257462,16.9801289275949,-71.828425705481));
#2023=CARTESIAN_POINT('',(0.99881418072548,16.9404046532881,-71.8288473325898));
#2024=CARTESIAN_POINT('',(0.993499154349075,16.8810817094723,-71.830720156655));
#2025=CARTESIAN_POINT('',(0.984664775610935,16.8221869731483,-71.8338095579463));
#2026=CARTESIAN_POINT('',(0.972345769171735,16.7639396877376,-71.8380656282298));
#2027=CARTESIAN_POINT('',(0.954840411743994,16.7001732782722,-71.8440165965889));
#2028=CARTESIAN_POINT('',(0.92859434753984,16.6253362159325,-71.8527359532471));
#2029=CARTESIAN_POINT('',(0.890424072973964,16.5413170990513,-71.86494136481));
#2030=CARTESIAN_POINT('',(0.844397754004574,16.4618560752345,-71.8788598359728));
#2031=CARTESIAN_POINT('',(0.795845163491733,16.3928535590062,-71.8926496209734));
#2032=CARTESIAN_POINT('',(0.740693903805881,16.3260991329478,-71.9073475121343));
#2033=CARTESIAN_POINT('',(0.666975465685064,16.2517613812488,-71.9253800769193));
#2034=CARTESIAN_POINT('',(0.568227531764292,16.1733569868915,-71.9464362783669));
#2035=CARTESIAN_POINT('',(0.457975878145519,16.1080585446362,-71.9655727396484));
#2036=CARTESIAN_POINT('',(0.35600696019414,16.0638557321507,-71.979268778833));
#2037=CARTESIAN_POINT('',(0.278017378390436,16.0386227364104,-71.9873316693277));
#2038=CARTESIAN_POINT('',(0.216960638184689,16.0233286898447,-71.9922979162003));
#2039=CARTESIAN_POINT('',(0.163994626384367,16.0130422257409,-71.9956739442845));
#2040=CARTESIAN_POINT('',(0.110036093130544,16.005569272583,-71.9981465239347));
#2041=CARTESIAN_POINT('',(0.0552466572818964,16.0010197940222,-71.9996595371691));
#2042=CARTESIAN_POINT('',(0.0184601411341855,15.9999993595595,-72.0000008642412));
#2043=CARTESIAN_POINT('',(6.49019432980767E-12,16.,-72.));
#2044=CARTESIAN_POINT('',(-0.999999999999999,17.,-71.8284271247462));
#2045=CARTESIAN_POINT('',(-1.00000072257457,16.9801289274954,-71.828425705478));
#2046=CARTESIAN_POINT('',(-0.998814180719899,16.9404046532058,-71.8288473325931));
#2047=CARTESIAN_POINT('',(-0.993499154343477,16.8810817094691,-71.8307201566566));
#2048=CARTESIAN_POINT('',(-0.984664775641071,16.8221869733262,-71.8338095579359));
#2049=CARTESIAN_POINT('',(-0.972345769234338,16.7639396879998,-71.8380656282083));
#2050=CARTESIAN_POINT('',(-0.954840411834936,16.7001732785647,-71.8440165965583));
#2051=CARTESIAN_POINT('',(-0.928594347658278,16.6253362162242,-71.8527359532085));
#2052=CARTESIAN_POINT('',(-0.890424073099691,16.5413170992899,-71.864941364771));
#2053=CARTESIAN_POINT('',(-0.844397754105227,16.4618560753869,-71.8788598359436));
#2054=CARTESIAN_POINT('',(-0.795845163548423,16.3928535590768,-71.8926496209581));
#2055=CARTESIAN_POINT('',(-0.740693903817629,16.3260991329579,-71.9073475121316));
#2056=CARTESIAN_POINT('',(-0.666975465660791,16.2517613812252,-71.9253800769252));
#2057=CARTESIAN_POINT('',(-0.568227531717514,16.1733569868588,-71.9464362783761));
#2058=CARTESIAN_POINT('',(-0.457975878089916,16.1080585446078,-71.9655727396569));
#2059=CARTESIAN_POINT('',(-0.356006960140945,16.0638557321307,-71.9792687788394));
#2060=CARTESIAN_POINT('',(-0.278017378342803,16.0386227363968,-71.987331669332));
#2061=CARTESIAN_POINT('',(-0.216960638144301,16.0233286898359,-71.9922979162032));
#2062=CARTESIAN_POINT('',(-0.163994626352512,16.0130422257358,-71.9956739442862));
#2063=CARTESIAN_POINT('',(-0.110036093108367,16.0055692725807,-71.9981465239354));
#2064=CARTESIAN_POINT('',(-0.0552466572704939,16.0010197940218,-71.9996595371692));
#2065=CARTESIAN_POINT('',(-0.0184601411302999,15.9999993595595,-72.0000008642412));
#2066=CARTESIAN_POINT('',(-6.48068661632285E-12,16.,-72.));
#2067=CARTESIAN_POINT('',(4.77612251667468E-15,11.,-72.));
#2068=AXIS2_PLACEMENT_3D('',#2069,#2070,#2071);
#2069=CARTESIAN_POINT('',(4.22503145705837E-15,11.,-69.));
#2070=DIRECTION('',(0.,1.,0.));
#2071=DIRECTION('',(6.12323399573677E-17,0.,-1.));
#2072=CARTESIAN_POINT('',(-7.05,12.5,20.75));
#2073=CARTESIAN_POINT('',(7.05,12.5,20.75));
#2074=CARTESIAN_POINT('',(7.05,12.5,20.75));
#2075=VECTOR('',#2076,1.);
#2076=DIRECTION('',(-1.,0.,0.));
#2077=CARTESIAN_POINT('',(7.05,16.8102490992793,20.75));
#2078=VECTOR('',#2079,1.);
#2079=DIRECTION('',(0.,-1.,0.));
#2080=AXIS2_PLACEMENT_3D('',#2081,#2082,#2083);
#2081=CARTESIAN_POINT('',(8.88178419700125E-16,17.,20.75));
#2082=DIRECTION('',(0.,0.,1.));
#2083=DIRECTION('',(-1.,0.,0.));
#2084=CARTESIAN_POINT('',(-7.05,16.8102490992793,20.75));
#2085=VECTOR('',#2086,1.);
#2086=DIRECTION('',(0.,-1.,0.));
#2087=CARTESIAN_POINT('',(-3.5,12.5,13.25));
#2088=AXIS2_PLACEMENT_3D('',#2089,#2090,#2091);
#2089=CARTESIAN_POINT('',(-3.5,12.5,14.75));
#2090=DIRECTION('',(0.,1.,0.));
#2091=DIRECTION('',(6.12323399573676E-17,0.,-1.));
#2092=CARTESIAN_POINT('',(0.999999999999985,17.,-76.2679491924311));
#2093=CARTESIAN_POINT('',(1.0000000277339,16.9908302719108,-76.2679493116737));
#2094=CARTESIAN_POINT('',(0.999747973337052,16.9725252957443,-76.2678036003544));
#2095=CARTESIAN_POINT('',(0.99861744210649,16.9451001209539,-76.2671514424346));
#2096=CARTESIAN_POINT('',(0.996734442008746,16.9177050221598,-76.266067275852));
#2097=CARTESIAN_POINT('',(0.994094823231822,16.8903282456243,-76.2645520837322));
#2098=CARTESIAN_POINT('',(0.990700423906465,16.8630137118744,-76.2626114683166));
#2099=CARTESIAN_POINT('',(0.98655548861941,16.8358023320512,-76.260253688317));
#2100=CARTESIAN_POINT('',(0.981664324804709,16.8087216563047,-76.2574882284248));
#2101=CARTESIAN_POINT('',(0.976035815983966,16.7818126018808,-76.2543282735518));
#2102=CARTESIAN_POINT('',(0.969677784685267,16.7551002006633,-76.2507874247063));
#2103=CARTESIAN_POINT('',(0.962599672024256,16.7286108063255,-76.2468811149599));
#2104=CARTESIAN_POINT('',(0.954808640202924,16.7023591734783,-76.2426243806624));
#2105=CARTESIAN_POINT('',(0.946313872423528,16.6763659791089,-76.238034159604));
#2106=CARTESIAN_POINT('',(0.935414881146688,16.6458649567689,-76.2322153179765));
#2107=CARTESIAN_POINT('',(0.919014608000915,16.6045774158362,-76.2236016826602));
#2108=CARTESIAN_POINT('',(0.891768671624395,16.5453376072538,-76.2096840970645));
#2109=CARTESIAN_POINT('',(0.851758180655676,16.4733945811782,-76.1901799359322));
#2110=CARTESIAN_POINT('',(0.803101682998382,16.402148334912,-76.1680419673331));
#2111=CARTESIAN_POINT('',(0.756611244995774,16.3450981176383,-76.1484509115417));
#2112=CARTESIAN_POINT('',(0.717693374080326,16.303083725487,-76.1330904977377));
#2113=CARTESIAN_POINT('',(0.679335718114101,16.2654825962473,-76.118747561979));
#2114=CARTESIAN_POINT('',(0.627711010188253,16.220145770671,-76.1006776194276));
#2115=CARTESIAN_POINT('',(0.55152787879589,16.163409659513,-76.0767619751454));
#2116=CARTESIAN_POINT('',(0.447283341124888,16.1023108512959,-76.0493857325067));
#2117=CARTESIAN_POINT('',(0.320971227574308,16.0492976025539,-76.0243204655806));
#2118=CARTESIAN_POINT('',(0.184253551007359,16.013783340458,-76.0068916851181));
#2119=CARTESIAN_POINT('',(0.0758334537874356,16.0013855283105,-76.0006923972899));
#2120=CARTESIAN_POINT('',(-0.0120460883188975,15.9993753319761,-75.9996876823907));
#2121=CARTESIAN_POINT('',(-0.0961193083510013,16.002819748865,-76.0014108130413));
#2122=CARTESIAN_POINT('',(-0.205850088957801,16.0187595625374,-76.0093523544435));
#2123=CARTESIAN_POINT('',(-0.327107249177628,16.0522062766165,-76.0256925609613));
#2124=CARTESIAN_POINT('',(-0.442113947110328,16.1001862900968,-76.0483650912834));
#2125=CARTESIAN_POINT('',(-0.5408421111805,16.1565962811358,-76.07376336511));
#2126=CARTESIAN_POINT('',(-0.616170611635697,16.2110537329547,-76.0969100537316));
#2127=CARTESIAN_POINT('',(-0.670953805901359,16.2576548261284,-76.1156975939048));
#2128=CARTESIAN_POINT('',(-0.719363169501404,16.3042376483608,-76.1336120838943));
#2129=CARTESIAN_POINT('',(-0.773071197959437,16.3634928893108,-76.1550836212236));
#2130=CARTESIAN_POINT('',(-0.831557935492241,16.4411695199326,-76.1806746268394));
#2131=CARTESIAN_POINT('',(-0.885174897285746,16.5308066629929,-76.2062750180542));
#2132=CARTESIAN_POINT('',(-0.924691020180898,16.6160272147863,-76.2264780763118));
#2133=CARTESIAN_POINT('',(-0.949582427480176,16.6846014350972,-76.2397631410188));
#2134=CARTESIAN_POINT('',(-0.963505234832382,16.731422267604,-76.2473735354736));
#2135=CARTESIAN_POINT('',(-0.97184552792631,16.7638686062246,-76.2519915022719));
#2136=CARTESIAN_POINT('',(-0.97756251131484,16.7888839322645,-76.2551839636116));
#2137=CARTESIAN_POINT('',(-0.982336742034799,16.8124008167346,-76.2578683146056));
#2138=CARTESIAN_POINT('',(-0.986431052651458,16.835274192236,-76.2601838466515));
#2139=CARTESIAN_POINT('',(-0.990009599315319,16.8583527764499,-76.2622181272088));
#2140=CARTESIAN_POINT('',(-0.993064427061545,16.8816449592703,-76.2639624246222));
#2141=CARTESIAN_POINT('',(-0.995580666611971,16.9051025319196,-76.2654045588167));
#2142=CARTESIAN_POINT('',(-0.997549125185436,16.9287035080904,-76.2665361277998));
#2143=CARTESIAN_POINT('',(-0.998960555116807,16.9523967423523,-76.2673493343406));
#2144=CARTESIAN_POINT('',(-0.999810521322582,16.9761710148614,-76.267839748919));
#2145=CARTESIAN_POINT('',(-1.00000002405269,16.9920501885342,-76.2679492650997));
#2146=CARTESIAN_POINT('',(-0.999999999999984,17.,-76.2679491924311));
#2147=CARTESIAN_POINT('',(2.,9.,-78.));
#2148=CARTESIAN_POINT('',(2.,17.,-78.));
#2149=VECTOR('',#2150,1.);
#2150=DIRECTION('',(0.,-1.,0.));
#2151=CARTESIAN_POINT('',(-2.,9.,-78.));
#2152=AXIS2_PLACEMENT_3D('',#2153,#2154,#2155);
#2153=CARTESIAN_POINT('',(0.,9.,-78.));
#2154=DIRECTION('',(0.,1.,0.));
#2155=DIRECTION('',(-1.,0.,0.));
#2156=CARTESIAN_POINT('',(-2.,9.,-78.));
#2157=VECTOR('',#2158,1.);
#2158=DIRECTION('',(0.,1.,0.));
#2159=CARTESIAN_POINT('',(-2.,9.,-82.));
#2160=CARTESIAN_POINT('',(-2.,9.,-78.));
#2161=VECTOR('',#2162,1.);
#2162=DIRECTION('',(0.,0.,-1.));
#2163=CARTESIAN_POINT('',(-2.,9.,-82.));
#2164=VECTOR('',#2165,1.);
#2165=DIRECTION('',(0.,1.,0.));
#2166=CARTESIAN_POINT('',(-4.,15.,-84.));
#2167=CARTESIAN_POINT('',(-2.,17.,-82.));
#2168=CARTESIAN_POINT('',(-2.,17.,-83.1715728752538));
#2169=CARTESIAN_POINT('',(-2.82842712474619,16.1715728752538,-84.));
#2170=CARTESIAN_POINT('',(-4.,15.,-84.));
#2171=CARTESIAN_POINT('',(-6.,15.,-84.));
#2172=CARTESIAN_POINT('',(-6.,15.,-84.));
#2173=VECTOR('',#2174,1.);
#2174=DIRECTION('',(1.,0.,0.));
#2175=AXIS2_PLACEMENT_3D('',#2176,#2177,#2178);
#2176=CARTESIAN_POINT('',(-6.,15.,-82.));
#2177=DIRECTION('',(-1.,0.,0.));
#2178=DIRECTION('',(0.,1.,1.71512449944288E-15));
#2179=CARTESIAN_POINT('',(4.,9.,-86.));
#2180=CARTESIAN_POINT('',(4.,9.,-86.));
#2181=VECTOR('',#2182,1.);
#2182=DIRECTION('',(0.,1.,0.));
#2183=CARTESIAN_POINT('',(9.,-4.,-86.));
#2184=CARTESIAN_POINT('',(9.,-4.,-86.));
#2185=VECTOR('',#2186,1.);
#2186=DIRECTION('',(0.,1.,0.));
#2187=CARTESIAN_POINT('',(6.,-4.,-86.));
#2188=CARTESIAN_POINT('',(6.,-4.,-86.));
#2189=VECTOR('',#2190,1.);
#2190=DIRECTION('',(1.,0.,0.));
#2191=CARTESIAN_POINT('',(6.,4.,-86.));
#2192=CARTESIAN_POINT('',(6.,4.,-86.));
#2193=VECTOR('',#2194,1.);
#2194=DIRECTION('',(0.,-1.,0.));
#2195=CARTESIAN_POINT('',(-6.,4.,-86.));
#2196=CARTESIAN_POINT('',(-6.,4.,-86.));
#2197=VECTOR('',#2198,1.);
#2198=DIRECTION('',(1.,0.,0.));
#2199=CARTESIAN_POINT('',(-6.,-4.,-86.));
#2200=CARTESIAN_POINT('',(-6.,-4.,-86.));
#2201=VECTOR('',#2202,1.);
#2202=DIRECTION('',(0.,1.,0.));
#2203=CARTESIAN_POINT('',(-9.,-4.,-86.));
#2204=CARTESIAN_POINT('',(-9.,-4.,-86.));
#2205=VECTOR('',#2206,1.);
#2206=DIRECTION('',(1.,0.,0.));
#2207=CARTESIAN_POINT('',(-9.,9.,-86.));
#2208=CARTESIAN_POINT('',(-9.,9.,-86.));
#2209=VECTOR('',#2210,1.);
#2210=DIRECTION('',(0.,-1.,0.));
#2211=CARTESIAN_POINT('',(-9.,9.,-86.));
#2212=VECTOR('',#2213,1.);
#2213=DIRECTION('',(1.,0.,0.));
#2214=CARTESIAN_POINT('',(2.,9.,-84.));
#2215=AXIS2_PLACEMENT_3D('',#2216,#2217,#2218);
#2216=CARTESIAN_POINT('',(4.,9.,-84.));
#2217=DIRECTION('',(0.,-1.,0.));
#2218=DIRECTION('',(-1.,0.,0.));
#2219=CARTESIAN_POINT('',(2.,9.,-84.));
#2220=VECTOR('',#2221,1.);
#2221=DIRECTION('',(0.,1.,0.));
#2222=CARTESIAN_POINT('',(2.,9.,-78.));
#2223=VECTOR('',#2224,1.);
#2224=DIRECTION('',(0.,0.,-1.));
#2225=CARTESIAN_POINT('',(7.04999999999999,11.5,11.75));
#2226=CARTESIAN_POINT('',(7.05,12.5,12.75));
#2227=AXIS2_PLACEMENT_3D('',#2228,#2229,#2230);
#2228=CARTESIAN_POINT('',(7.05,11.5,12.75));
#2229=DIRECTION('',(-1.,0.,-1.36642833800019E-16));
#2230=DIRECTION('',(4.85452864751392E-31,1.,-3.5527136788005E-15));
#2231=CARTESIAN_POINT('',(7.05,-4.,11.75));
#2232=CARTESIAN_POINT('',(7.05,11.5,11.75));
#2233=VECTOR('',#2234,1.);
#2234=DIRECTION('',(0.,-1.,0.));
#2235=CARTESIAN_POINT('',(7.05,-4.,27.25));
#2236=CARTESIAN_POINT('',(7.05,-4.,11.75));
#2237=VECTOR('',#2238,1.);
#2238=DIRECTION('',(-1.14603667058081E-16,0.,1.));
#2239=CARTESIAN_POINT('',(7.05,16.8102490992793,27.25));
#2240=VECTOR('',#2241,1.);
#2241=DIRECTION('',(0.,-1.,0.));
#2242=CARTESIAN_POINT('',(7.05,12.5,12.75));
#2243=VECTOR('',#2244,1.);
#2244=DIRECTION('',(-1.11022302462516E-16,0.,1.));
#2245=CARTESIAN_POINT('',(-1.,17.,27.25));
#2246=CARTESIAN_POINT('',(-6.,17.,27.25));
#2247=VECTOR('',#2248,1.);
#2248=DIRECTION('',(1.,0.,0.));
#2249=CARTESIAN_POINT('',(1.,17.,27.25));
#2250=AXIS2_PLACEMENT_3D('',#2251,#2252,#2253);
#2251=CARTESIAN_POINT('',(8.88178419700125E-16,17.,27.25));
#2252=DIRECTION('',(0.,0.,1.));
#2253=DIRECTION('',(-1.,0.,0.));
#2254=CARTESIAN_POINT('',(0.999999999999976,17.,27.25));
#2255=VECTOR('',#2256,1.);
#2256=DIRECTION('',(1.,0.,0.));
#2257=CARTESIAN_POINT('',(6.,-4.,27.25));
#2258=CARTESIAN_POINT('',(7.05,-4.,27.25));
#2259=VECTOR('',#2260,1.);
#2260=DIRECTION('',(-1.,0.,0.));
#2261=CARTESIAN_POINT('',(6.,4.,27.25));
#2262=CARTESIAN_POINT('',(6.,-4.,27.25));
#2263=VECTOR('',#2264,1.);
#2264=DIRECTION('',(0.,1.,0.));
#2265=CARTESIAN_POINT('',(-6.,4.,27.25));
#2266=CARTESIAN_POINT('',(6.,4.,27.25));
#2267=VECTOR('',#2268,1.);
#2268=DIRECTION('',(-1.,0.,0.));
#2269=CARTESIAN_POINT('',(-6.,-4.,27.25));
#2270=CARTESIAN_POINT('',(-6.,4.,27.25));
#2271=VECTOR('',#2272,1.);
#2272=DIRECTION('',(0.,-1.,0.));
#2273=CARTESIAN_POINT('',(-7.05,-4.,27.25));
#2274=CARTESIAN_POINT('',(-6.,-4.,27.25));
#2275=VECTOR('',#2276,1.);
#2276=DIRECTION('',(-1.,0.,0.));
#2277=CARTESIAN_POINT('',(-7.05,16.8102490992793,27.25));
#2278=VECTOR('',#2279,1.);
#2279=DIRECTION('',(0.,-1.,0.));
#2280=CARTESIAN_POINT('',(1.00000000000016,17.,78.1715728752539));
#2281=CARTESIAN_POINT('',(1.,17.,27.25));
#2282=VECTOR('',#2283,1.);
#2283=DIRECTION('',(-8.72104266963581E-18,0.,1.));
#2284=CARTESIAN_POINT('',(1.00000000000017,17.,83.8284271247461));
#2285=AXIS2_PLACEMENT_3D('',#2286,#2287,#2288);
#2286=CARTESIAN_POINT('',(-5.32907051820075E-15,17.,81.));
#2287=DIRECTION('',(0.,1.,0.));
#2288=DIRECTION('',(0.333333333333391,0.,0.942809041582043));
#2289=CARTESIAN_POINT('',(1.,17.,86.));
#2290=CARTESIAN_POINT('',(1.,17.,83.8284271247457));
#2291=VECTOR('',#2292,1.);
#2292=DIRECTION('',(0.,0.,1.));
#2293=CARTESIAN_POINT('',(1.,17.,86.));
#2294=VECTOR('',#2295,1.);
#2295=DIRECTION('',(1.,0.,0.));
#2296=CARTESIAN_POINT('',(-1.,17.,86.));
#2297=AXIS2_PLACEMENT_3D('',#2298,#2299,#2300);
#2298=CARTESIAN_POINT('',(9.18485099360515E-16,17.,86.));
#2299=DIRECTION('',(0.,0.,1.));
#2300=DIRECTION('',(-1.,0.,0.));
#2301=CARTESIAN_POINT('',(-6.,17.,86.));
#2302=VECTOR('',#2303,1.);
#2303=DIRECTION('',(1.,0.,0.));
#2304=CARTESIAN_POINT('',(-7.,-4.,86.));
#2305=CARTESIAN_POINT('',(-7.,16.8284271296474,86.));
#2306=VECTOR('',#2307,1.);
#2307=DIRECTION('',(0.,-1.,0.));
#2308=CARTESIAN_POINT('',(-6.,-4.,86.));
#2309=CARTESIAN_POINT('',(-7.,-4.,86.));
#2310=VECTOR('',#2311,1.);
#2311=DIRECTION('',(1.,-4.44089209850063E-16,0.));
#2312=CARTESIAN_POINT('',(-6.,4.,86.));
#2313=CARTESIAN_POINT('',(-6.,-4.,86.));
#2314=VECTOR('',#2315,1.);
#2315=DIRECTION('',(0.,1.,0.));
#2316=CARTESIAN_POINT('',(6.,4.,86.));
#2317=CARTESIAN_POINT('',(-6.,4.,86.));
#2318=VECTOR('',#2319,1.);
#2319=DIRECTION('',(1.,0.,0.));
#2320=CARTESIAN_POINT('',(6.,-4.,86.));
#2321=CARTESIAN_POINT('',(6.,4.,86.));
#2322=VECTOR('',#2323,1.);
#2323=DIRECTION('',(0.,-1.,0.));
#2324=CARTESIAN_POINT('',(7.,-4.,86.));
#2325=CARTESIAN_POINT('',(6.,-4.,86.));
#2326=VECTOR('',#2327,1.);
#2327=DIRECTION('',(1.,4.44089209850063E-16,0.));
#2328=CARTESIAN_POINT('',(7.,-4.,86.));
#2329=VECTOR('',#2330,1.);
#2330=DIRECTION('',(0.,1.,0.));
#2331=CARTESIAN_POINT('',(9.,-4.,84.));
#2332=CARTESIAN_POINT('',(9.,-4.,84.));
#2333=VECTOR('',#2334,1.);
#2334=DIRECTION('',(-0.70710678118655,0.,0.707106781186545));
#2335=CARTESIAN_POINT('',(9.,-4.,84.));
#2336=VECTOR('',#2337,1.);
#2337=DIRECTION('',(0.,1.,0.));
#2338=CARTESIAN_POINT('',(9.,-4.,-86.));
#2339=VECTOR('',#2340,1.);
#2340=DIRECTION('',(0.,0.,1.));
#2341=CARTESIAN_POINT('',(-7.,14.,-84.));
#2342=AXIS2_PLACEMENT_3D('',#2343,#2344,#2345);
#2343=CARTESIAN_POINT('',(-6.,14.,-84.));
#2344=DIRECTION('',(0.,0.,1.));
#2345=DIRECTION('',(0.,1.,0.));
#2346=AXIS2_PLACEMENT_3D('',#2347,#2348,#2349);
#2347=CARTESIAN_POINT('',(-7.,14.,-82.));
#2348=DIRECTION('',(-1.22464679914735E-16,-1.,0.));
#2349=DIRECTION('',(-1.,1.22464679914735E-16,0.));
#2350=CARTESIAN_POINT('',(-9.,9.,-82.));
#2351=CARTESIAN_POINT('',(-9.,8.99999999999999,-82.));
#2352=VECTOR('',#2353,1.);
#2353=DIRECTION('',(0.,1.,0.));
#2354=CARTESIAN_POINT('',(-9.,9.,-86.));
#2355=VECTOR('',#2356,1.);
#2356=DIRECTION('',(0.,0.,1.));
#2357=CARTESIAN_POINT('',(-9.,-4.,84.));
#2358=CARTESIAN_POINT('',(-9.,-4.,-86.));
#2359=VECTOR('',#2360,1.);
#2360=DIRECTION('',(0.,0.,1.));
#2361=CARTESIAN_POINT('',(-9.,14.,84.));
#2362=VECTOR('',#2363,1.);
#2363=DIRECTION('',(0.,-1.,0.));
#2364=CARTESIAN_POINT('',(-9.,10.5,16.75));
#2365=CARTESIAN_POINT('',(-9.,10.5,12.75));
#2366=CARTESIAN_POINT('',(-9.,10.5,12.75));
#2367=VECTOR('',#2368,1.);
#2368=DIRECTION('',(0.,0.,1.));
#2369=CARTESIAN_POINT('',(-9.,12.5,12.75));
#2370=AXIS2_PLACEMENT_3D('',#2371,#2372,#2373);
#2371=CARTESIAN_POINT('',(-9.,11.5,12.75));
#2372=DIRECTION('',(1.,0.,0.));
#2373=DIRECTION('',(0.,-1.,0.));
#2374=CARTESIAN_POINT('',(-9.,12.5,16.75));
#2375=CARTESIAN_POINT('',(-9.,12.5,16.75));
#2376=VECTOR('',#2377,1.);
#2377=DIRECTION('',(0.,0.,-1.));
#2378=AXIS2_PLACEMENT_3D('',#2379,#2380,#2381);
#2379=CARTESIAN_POINT('',(-9.,11.5,16.75));
#2380=DIRECTION('',(1.,0.,0.));
#2381=DIRECTION('',(0.,1.,0.));
#2382=CARTESIAN_POINT('',(-7.,-4.,86.));
#2383=VECTOR('',#2384,1.);
#2384=DIRECTION('',(-0.70710678118655,0.,-0.707106781186545));
#2385=CARTESIAN_POINT('',(-1.00000000000017,17.,83.8284271247461));
#2386=CARTESIAN_POINT('',(-1.,17.,83.8284271247457));
#2387=VECTOR('',#2388,1.);
#2388=DIRECTION('',(0.,0.,1.));
#2389=CARTESIAN_POINT('',(-1.00000000000016,17.,78.1715728752539));
#2390=AXIS2_PLACEMENT_3D('',#2391,#2392,#2393);
#2391=CARTESIAN_POINT('',(-5.32907051820075E-15,17.,81.));
#2392=DIRECTION('',(0.,1.,0.));
#2393=DIRECTION('',(-0.333333333333386,0.,-0.942809041582045));
#2394=CARTESIAN_POINT('',(-1.,17.,27.25));
#2395=VECTOR('',#2396,1.);
#2396=DIRECTION('',(0.,0.,1.));
#2397=CARTESIAN_POINT('',(-7.05,12.5,16.75));
#2398=CARTESIAN_POINT('',(-7.05,10.5,16.75));
#2399=AXIS2_PLACEMENT_3D('',#2400,#2401,#2402);
#2400=CARTESIAN_POINT('',(-7.05,11.5,16.75));
#2401=DIRECTION('',(-1.,0.,-1.36642833800019E-16));
#2402=DIRECTION('',(4.85452864751392E-31,-1.,-3.5527136788005E-15));
#2403=CARTESIAN_POINT('',(-7.05,12.5,20.75));
#2404=VECTOR('',#2405,1.);
#2405=DIRECTION('',(2.22044604925032E-16,0.,-1.));
#2406=CARTESIAN_POINT('',(-7.05,-4.,11.75));
#2407=CARTESIAN_POINT('',(-7.05,-4.,27.25));
#2408=VECTOR('',#2409,1.);
#2409=DIRECTION('',(1.14603667058081E-16,0.,-1.));
#2410=CARTESIAN_POINT('',(-7.05,11.5,11.75));
#2411=CARTESIAN_POINT('',(-7.05,11.5,11.75));
#2412=VECTOR('',#2413,1.);
#2413=DIRECTION('',(0.,-1.,0.));
#2414=CARTESIAN_POINT('',(-7.05,10.5,12.75));
#2415=AXIS2_PLACEMENT_3D('',#2416,#2417,#2418);
#2416=CARTESIAN_POINT('',(-7.05,11.5,12.75));
#2417=DIRECTION('',(-1.,0.,-1.36642833800019E-16));
#2418=DIRECTION('',(1.36642833800019E-16,0.,-1.));
#2419=CARTESIAN_POINT('',(-7.05,10.5,12.75));
#2420=VECTOR('',#2421,1.);
#2421=DIRECTION('',(-4.44089209850062E-16,-4.44089209850062E-16,1.));
#2422=CARTESIAN_POINT('',(-6.4293956955236E-17,11.,4.35));
#2423=AXIS2_PLACEMENT_3D('',#2424,#2425,#2426);
#2424=CARTESIAN_POINT('',(-3.67394039744206E-16,11.,6.));
#2425=DIRECTION('',(0.,1.,0.));
#2426=DIRECTION('',(6.12323399573677E-17,0.,-1.));
#2427=CARTESIAN_POINT('',(4.52813153984734E-15,11.,-70.65));
#2428=AXIS2_PLACEMENT_3D('',#2429,#2430,#2431);
#2429=CARTESIAN_POINT('',(4.22503145705837E-15,11.,-69.));
#2430=DIRECTION('',(0.,1.,0.));
#2431=DIRECTION('',(6.12323399573677E-17,0.,-1.));
#2432=CARTESIAN_POINT('',(-9.,12.5,16.75));
#2433=VECTOR('',#2434,1.);
#2434=DIRECTION('',(1.,0.,-1.82190445066692E-15));
#2435=CARTESIAN_POINT('',(-9.,12.5,12.75));
#2436=VECTOR('',#2437,1.);
#2437=DIRECTION('',(1.,0.,0.));
#2438=CARTESIAN_POINT('',(-7.,9.,-84.));
#2439=AXIS2_PLACEMENT_3D('',#2440,#2441,#2442);
#2440=CARTESIAN_POINT('',(-7.,9.,-82.));
#2441=DIRECTION('',(0.,-1.,0.));
#2442=DIRECTION('',(-1.,0.,0.));
#2443=CARTESIAN_POINT('',(-4.,9.,-84.));
#2444=CARTESIAN_POINT('',(-4.,9.,-84.));
#2445=VECTOR('',#2446,1.);
#2446=DIRECTION('',(-1.,0.,0.));
#2447=AXIS2_PLACEMENT_3D('',#2448,#2449,#2450);
#2448=CARTESIAN_POINT('',(-4.,9.,-82.));
#2449=DIRECTION('',(0.,-1.,0.));
#2450=DIRECTION('',(0.,0.,-1.));
#2451=CARTESIAN_POINT('',(-4.,9.,-84.));
#2452=VECTOR('',#2453,1.);
#2453=DIRECTION('',(0.,1.,0.));
#2454=CARTESIAN_POINT('',(-7.,8.99999999999999,-84.));
#2455=VECTOR('',#2456,1.);
#2456=DIRECTION('',(0.,1.,0.));
#2457=CARTESIAN_POINT('',(6.,-4.,11.75));
#2458=CARTESIAN_POINT('',(6.,-4.,11.75));
#2459=VECTOR('',#2460,1.);
#2460=DIRECTION('',(1.,0.,0.));
#2461=CARTESIAN_POINT('',(6.,-4.,-86.));
#2462=VECTOR('',#2463,1.);
#2463=DIRECTION('',(0.,0.,1.));
#2464=CARTESIAN_POINT('',(6.,-4.,27.25));
#2465=VECTOR('',#2466,1.);
#2466=DIRECTION('',(0.,0.,1.));
#2467=CARTESIAN_POINT('',(6.,4.,11.75));
#2468=CARTESIAN_POINT('',(6.,4.,11.75));
#2469=VECTOR('',#2470,1.);
#2470=DIRECTION('',(0.,-1.,0.));
#2471=CARTESIAN_POINT('',(6.,4.,-86.));
#2472=VECTOR('',#2473,1.);
#2473=DIRECTION('',(0.,0.,1.));
#2474=CARTESIAN_POINT('',(-6.,4.,11.75));
#2475=CARTESIAN_POINT('',(-6.,4.,11.75));
#2476=VECTOR('',#2477,1.);
#2477=DIRECTION('',(1.,0.,0.));
#2478=CARTESIAN_POINT('',(-6.,4.,-86.));
#2479=VECTOR('',#2480,1.);
#2480=DIRECTION('',(0.,0.,1.));
#2481=CARTESIAN_POINT('',(4.52813153984734E-15,4.,-70.65));
#2482=AXIS2_PLACEMENT_3D('',#2483,#2484,#2485);
#2483=CARTESIAN_POINT('',(4.44089209850063E-15,4.,-69.));
#2484=DIRECTION('',(0.,1.,0.));
#2485=DIRECTION('',(6.12323399573677E-17,0.,-1.));
#2486=CARTESIAN_POINT('',(-6.4293956955236E-17,4.,4.35));
#2487=AXIS2_PLACEMENT_3D('',#2488,#2489,#2490);
#2488=CARTESIAN_POINT('',(0.,4.,6.));
#2489=DIRECTION('',(0.,1.,0.));
#2490=DIRECTION('',(6.12323399573677E-17,0.,-1.));
#2491=CARTESIAN_POINT('',(-6.,-4.,11.75));
#2492=CARTESIAN_POINT('',(-6.,-4.,11.75));
#2493=VECTOR('',#2494,1.);
#2494=DIRECTION('',(0.,1.,0.));
#2495=CARTESIAN_POINT('',(-6.,-4.,-86.));
#2496=VECTOR('',#2497,1.);
#2497=DIRECTION('',(0.,0.,1.));
#2498=CARTESIAN_POINT('',(-6.,-4.,27.25));
#2499=VECTOR('',#2500,1.);
#2500=DIRECTION('',(0.,0.,1.));
#2501=CARTESIAN_POINT('',(-7.05,-4.,11.75));
#2502=VECTOR('',#2503,1.);
#2503=DIRECTION('',(1.,0.,0.));
#2504=CARTESIAN_POINT('',(-7.05,11.5,11.75));
#2505=VECTOR('',#2506,1.);
#2506=DIRECTION('',(1.,0.,0.));
#2507=CARTESIAN_POINT('',(-9.,10.5,12.75));
#2508=VECTOR('',#2509,1.);
#2509=DIRECTION('',(1.,0.,0.));
#2510=CARTESIAN_POINT('',(-4.40872847693047E-15,15.9999999999999,78.));
#2511=CARTESIAN_POINT('',(-1.00000000000008,17.,78.1715728752538));
#2512=CARTESIAN_POINT('',(-1.0000007225746,16.9801289274955,78.1715742945219));
#2513=CARTESIAN_POINT('',(-0.998814180719885,16.9404046532058,78.1711526674069));
#2514=CARTESIAN_POINT('',(-0.993499154343482,16.8810817094691,78.1692798433435));
#2515=CARTESIAN_POINT('',(-0.98466477564107,16.8221869733262,78.1661904420641));
#2516=CARTESIAN_POINT('',(-0.972345769234339,16.7639396879998,78.1619343717917));
#2517=CARTESIAN_POINT('',(-0.954840411834939,16.7001732785647,78.1559834034417));
#2518=CARTESIAN_POINT('',(-0.928594347658279,16.6253362162242,78.1472640467915));
#2519=CARTESIAN_POINT('',(-0.890424073099691,16.5413170992899,78.135058635229));
#2520=CARTESIAN_POINT('',(-0.844397754105233,16.4618560753869,78.1211401640564));
#2521=CARTESIAN_POINT('',(-0.79584516354842,16.3928535590767,78.1073503790419));
#2522=CARTESIAN_POINT('',(-0.74069390381762,16.3260991329579,78.0926524878683));
#2523=CARTESIAN_POINT('',(-0.666975465660793,16.2517613812252,78.0746199230748));
#2524=CARTESIAN_POINT('',(-0.568227531717499,16.1733569868588,78.0535637216239));
#2525=CARTESIAN_POINT('',(-0.457975878089913,16.1080585446078,78.0344272603431));
#2526=CARTESIAN_POINT('',(-0.35600696014095,16.0638557321307,78.0207312211606));
#2527=CARTESIAN_POINT('',(-0.278017378342797,16.0386227363968,78.012668330668));
#2528=CARTESIAN_POINT('',(-0.216960638144304,16.0233286898359,78.0077020837968));
#2529=CARTESIAN_POINT('',(-0.163994626352519,16.0130422257358,78.0043260557138));
#2530=CARTESIAN_POINT('',(-0.110036093108375,16.0055692725807,78.0018534760646));
#2531=CARTESIAN_POINT('',(-0.0552466572705017,16.0010197940218,78.0003404628308));
#2532=CARTESIAN_POINT('',(-0.0184601411303088,15.9999993595595,77.9999991357588));
#2533=CARTESIAN_POINT('',(-6.49016402312801E-12,16.,78.));
#2534=CARTESIAN_POINT('',(1.00000000000008,17.,78.1715728752462));
#2535=CARTESIAN_POINT('',(1.00000072257465,16.9801289275949,78.171574294519));
#2536=CARTESIAN_POINT('',(0.998814180725467,16.9404046532881,78.1711526674103));
#2537=CARTESIAN_POINT('',(0.993499154349076,16.8810817094722,78.169279843345));
#2538=CARTESIAN_POINT('',(0.984664775610935,16.8221869731483,78.1661904420537));
#2539=CARTESIAN_POINT('',(0.972345769171733,16.7639396877376,78.1619343717701));
#2540=CARTESIAN_POINT('',(0.954840411743997,16.7001732782723,78.1559834034111));
#2541=CARTESIAN_POINT('',(0.928594347539837,16.6253362159325,78.1472640467529));
#2542=CARTESIAN_POINT('',(0.890424072973967,16.5413170990513,78.13505863519));
#2543=CARTESIAN_POINT('',(0.84439775400457,16.4618560752345,78.1211401640272));
#2544=CARTESIAN_POINT('',(0.79584516349173,16.3928535590061,78.1073503790266));
#2545=CARTESIAN_POINT('',(0.740693903805873,16.3260991329477,78.0926524878657));
#2546=CARTESIAN_POINT('',(0.666975465685066,16.2517613812488,78.0746199230806));
#2547=CARTESIAN_POINT('',(0.568227531764284,16.1733569868915,78.0535637216331));
#2548=CARTESIAN_POINT('',(0.457975878145515,16.1080585446362,78.0344272603516));
#2549=CARTESIAN_POINT('',(0.35600696019415,16.0638557321507,78.0207312211669));
#2550=CARTESIAN_POINT('',(0.278017378390432,16.0386227364104,78.0126683306724));
#2551=CARTESIAN_POINT('',(0.216960638184691,16.0233286898447,78.0077020837997));
#2552=CARTESIAN_POINT('',(0.163994626384368,16.0130422257409,78.0043260557155));
#2553=CARTESIAN_POINT('',(0.110036093130542,16.005569272583,78.0018534760654));
#2554=CARTESIAN_POINT('',(0.0552466572818911,16.0010197940222,78.0003404628309));
#2555=CARTESIAN_POINT('',(0.0184601411341776,15.9999993595595,77.9999991357588));
#2556=CARTESIAN_POINT('',(6.48116101221236E-12,16.,78.));
#2557=CARTESIAN_POINT('',(6.,4.,27.25));
#2558=VECTOR('',#2559,1.);
#2559=DIRECTION('',(0.,0.,1.));
#2560=CARTESIAN_POINT('',(-6.,4.,27.25));
#2561=VECTOR('',#2562,1.);
#2562=DIRECTION('',(0.,0.,1.));
#2563=CARTESIAN_POINT('',(-4.65671945375781E-15,4.,79.35));
#2564=AXIS2_PLACEMENT_3D('',#2565,#2566,#2567);
#2565=CARTESIAN_POINT('',(-5.32907051820075E-15,4.,81.));
#2566=DIRECTION('',(0.,1.,0.));
#2567=DIRECTION('',(6.12323399573677E-17,0.,-1.));
#2568=CARTESIAN_POINT('',(-1.00000000000008,17.,83.8284271247468));
#2569=CARTESIAN_POINT('',(-1.00000075946749,16.9801287938216,83.8284257061735));
#2570=CARTESIAN_POINT('',(-0.998819736665132,16.9405888702202,83.8288453566882));
#2571=CARTESIAN_POINT('',(-0.993569931479352,16.8818123943367,83.8306952113169));
#2572=CARTESIAN_POINT('',(-0.984989914806959,16.824181084757,83.8336960534945));
#2573=CARTESIAN_POINT('',(-0.973243983311701,16.767877918758,83.8377563373112));
#2574=CARTESIAN_POINT('',(-0.955920553176048,16.7034563085415,83.8436540038616));
#2575=CARTESIAN_POINT('',(-0.926507778670266,16.6187112034503,83.8534418508407));
#2576=CARTESIAN_POINT('',(-0.871530356062919,16.5019653952863,83.8709412137965));
#2577=CARTESIAN_POINT('',(-0.780840714883502,16.3665873111739,83.8973885774942));
#2578=CARTESIAN_POINT('',(-0.653345424048424,16.2352689607233,83.9292064237268));
#2579=CARTESIAN_POINT('',(-0.505492353473138,16.1311183335512,83.9584873688704));
#2580=CARTESIAN_POINT('',(-0.354359975450593,16.0605294566711,83.9802291670805));
#2581=CARTESIAN_POINT('',(-0.212903019795547,16.019736825676,83.9934429601224));
#2582=CARTESIAN_POINT('',(-0.0960818819714566,16.0027795498269,83.9990728664514));
#2583=CARTESIAN_POINT('',(-0.0103714679498006,15.9993462890604,84.0002178653538));
#2584=CARTESIAN_POINT('',(0.0815356893156817,16.0015962152888,83.9994683344132));
#2585=CARTESIAN_POINT('',(0.2004520300312,16.0162190224764,83.9945935993632));
#2586=CARTESIAN_POINT('',(0.355964888746976,16.0604376623097,83.9802300686202));
#2587=CARTESIAN_POINT('',(0.511698953078672,16.134772726023,83.9573965864955));
#2588=CARTESIAN_POINT('',(0.658647761735589,16.2401093312028,83.9279676218243));
#2589=CARTESIAN_POINT('',(0.784711225234535,16.3712158364055,83.8963501707069));
#2590=CARTESIAN_POINT('',(0.880352460642826,16.5160533604456,83.8683105373609));
#2591=CARTESIAN_POINT('',(0.940774853509181,16.6521678532669,83.8487980102526));
#2592=CARTESIAN_POINT('',(0.973921755598232,16.7658185110947,83.8375439576953));
#2593=CARTESIAN_POINT('',(0.990438305349507,16.8547274663947,83.8317965476672));
#2594=CARTESIAN_POINT('',(0.99836864804,16.929992932861,83.8290057918557));
#2595=CARTESIAN_POINT('',(1.00000243829197,16.9767969084628,83.8284239127008));
#2596=CARTESIAN_POINT('',(1.00000000000008,17.,83.8284271247462));
#2597=CARTESIAN_POINT('',(-4.40872847693047E-15,11.,78.));
#2598=AXIS2_PLACEMENT_3D('',#2599,#2600,#2601);
#2599=CARTESIAN_POINT('',(-4.95981953654678E-15,11.,81.));
#2600=DIRECTION('',(0.,1.,0.));
#2601=DIRECTION('',(6.12323399573677E-17,0.,-1.));
#2602=CARTESIAN_POINT('',(-9.,10.5,16.75));
#2603=VECTOR('',#2604,1.);
#2604=DIRECTION('',(1.,0.,0.));
#2605=CARTESIAN_POINT('',(-4.65671945375781E-15,11.,79.35));
#2606=AXIS2_PLACEMENT_3D('',#2607,#2608,#2609);
#2607=CARTESIAN_POINT('',(-4.95981953654678E-15,11.,81.));
#2608=DIRECTION('',(0.,1.,0.));
#2609=DIRECTION('',(6.12323399573677E-17,0.,-1.));
ENDSEC;
END-ISO-10303-21;
